#! /usr/bin/vvp
:ivl_version "11.0 (stable)";
:ivl_delay_selection "TYPICAL";
:vpi_time_precision + 0;
:vpi_module "/usr/lib/x86_64-linux-gnu/ivl/system.vpi";
:vpi_module "/usr/lib/x86_64-linux-gnu/ivl/vhdl_sys.vpi";
:vpi_module "/usr/lib/x86_64-linux-gnu/ivl/vhdl_textio.vpi";
:vpi_module "/usr/lib/x86_64-linux-gnu/ivl/v2005_math.vpi";
:vpi_module "/usr/lib/x86_64-linux-gnu/ivl/va_math.vpi";
S_0x5b10b395c4e0 .scope module, "biriscv_trace_sim" "biriscv_trace_sim" 2 27;
 .timescale 0 0;
    .port_info 0 /INPUT 1 "valid_i";
    .port_info 1 /INPUT 32 "pc_i";
    .port_info 2 /INPUT 32 "opcode_i";
o0x7c1d1eae8018 .functor BUFZ 32, C4<zzzzzzzzzzzzzzzzzzzzzzzzzzzzzzzz>; HiZ drive
v0x5b10b3c7f000_0 .net "opcode_i", 31 0, o0x7c1d1eae8018;  0 drivers
o0x7c1d1eae8048 .functor BUFZ 32, C4<zzzzzzzzzzzzzzzzzzzzzzzzzzzzzzzz>; HiZ drive
v0x5b10b3c7f0a0_0 .net "pc_i", 31 0, o0x7c1d1eae8048;  0 drivers
o0x7c1d1eae8078 .functor BUFZ 1, C4<z>; HiZ drive
v0x5b10b3c551d0_0 .net "valid_i", 0 0, o0x7c1d1eae8078;  0 drivers
S_0x5b10b3beeff0 .scope module, "tb_top" "tb_top" 3 1;
 .timescale 0 0;
v0x5b10b3e64bc0_0 .var *"_ivl_12", 0 0; Local signal
v0x5b10b3e64cc0_0 .var "clk", 0 0;
v0x5b10b3e64d80_0 .var/i "f", 31 0;
v0x5b10b3e64e20_0 .var/i "i", 31 0;
v0x5b10b3e64f00 .array "mem", 0 131072, 7 0;
L_0x7c1d1eaae168 .functor BUFT 1, C4<1>, C4<0>, C4<0>, C4<0>;
v0x5b10b3e64fc0_0 .net "mem_d_accept_w", 0 0, L_0x7c1d1eaae168;  1 drivers
v0x5b10b3e65060_0 .net "mem_d_ack_w", 0 0, v0x5b10b3e63070_0;  1 drivers
v0x5b10b3e65100_0 .net "mem_d_addr_w", 31 0, L_0x5b10b3ee1c40;  1 drivers
v0x5b10b3e651c0_0 .net "mem_d_cacheable_w", 0 0, L_0x5b10b3ee1e40;  1 drivers
v0x5b10b3e652f0_0 .net "mem_d_data_rd_w", 31 0, L_0x5b10b3f0fda0;  1 drivers
v0x5b10b3e653b0_0 .net "mem_d_data_wr_w", 31 0, L_0x5b10b3ee1d40;  1 drivers
L_0x7c1d1eaae120 .functor BUFT 1, C4<0>, C4<0>, C4<0>, C4<0>;
v0x5b10b3e65470_0 .net "mem_d_error_w", 0 0, L_0x7c1d1eaae120;  1 drivers
v0x5b10b3e65510_0 .net "mem_d_flush_w", 0 0, L_0x5b10b3ee22d0;  1 drivers
v0x5b10b3e655b0_0 .net "mem_d_invalidate_w", 0 0, L_0x5b10b3ee1eb0;  1 drivers
v0x5b10b3e65650_0 .net "mem_d_rd_w", 0 0, L_0x5b10b3ee19e0;  1 drivers
v0x5b10b3e656f0_0 .net "mem_d_req_tag_w", 10 0, L_0x5b10b3ee2140;  1 drivers
v0x5b10b3e657b0_0 .net "mem_d_resp_tag_w", 10 0, v0x5b10b3e63b10_0;  1 drivers
v0x5b10b3e65870_0 .net "mem_d_wr_w", 3 0, L_0x5b10b3ee1ae0;  1 drivers
v0x5b10b3e65930_0 .net "mem_d_writeback_w", 0 0, L_0x5b10b3ee1fb0;  1 drivers
L_0x7c1d1eaae090 .functor BUFT 1, C4<1>, C4<0>, C4<0>, C4<0>;
v0x5b10b3e659d0_0 .net "mem_i_accept_w", 0 0, L_0x7c1d1eaae090;  1 drivers
L_0x7c1d1eaae0d8 .functor BUFT 1, C4<0>, C4<0>, C4<0>, C4<0>;
v0x5b10b3e65a70_0 .net "mem_i_error_w", 0 0, L_0x7c1d1eaae0d8;  1 drivers
v0x5b10b3e65b10_0 .net "mem_i_flush_w", 0 0, L_0x5b10b3ee1500;  1 drivers
v0x5b10b3e65bb0_0 .net "mem_i_inst_w", 63 0, v0x5b10b3e61ad0_0;  1 drivers
v0x5b10b3e65c70_0 .net "mem_i_invalidate_w", 0 0, L_0x5b10b3ee1600;  1 drivers
v0x5b10b3e65d10_0 .net "mem_i_pc_w", 31 0, L_0x5b10b3ee1400;  1 drivers
v0x5b10b3e65dd0_0 .net "mem_i_rd_w", 0 0, L_0x5b10b3ee1300;  1 drivers
v0x5b10b3e65e70_0 .net "mem_i_valid_w", 0 0, v0x5b10b3e64510_0;  1 drivers
v0x5b10b3e65f10_0 .var "rst", 0 0;
L_0x5b10b3f10090 .part v0x5b10b3e61ad0_0, 0, 32;
L_0x5b10b3f103a0 .part v0x5b10b3e61ad0_0, 32, 32;
S_0x5b10b3beec40 .scope module, "trace_inst_0" "biriscv_trace_sim_gls" 3 142, 4 521 0, S_0x5b10b3beeff0;
 .timescale 0 0;
    .port_info 0 /INPUT 1 "valid_i";
    .port_info 1 /INPUT 32 "opcode_i";
v0x5b10b3c55fc0_0 .var "dbg_inst_ra", 79 0;
v0x5b10b3746910_0 .var "dbg_inst_rb", 79 0;
v0x5b10b3d6c0e0_0 .var "dbg_inst_rd", 79 0;
v0x5b10b3ca7190_0 .var "dbg_inst_str", 79 0;
v0x5b10b3dd60a0_0 .net "opcode_i", 31 0, L_0x5b10b3f10090;  1 drivers
v0x5b10b3d87bd0_0 .net "ra_idx_w", 4 0, L_0x5b10b3f0feb0;  1 drivers
v0x5b10b3d8a550_0 .net "rb_idx_w", 4 0, L_0x5b10b3f0ff50;  1 drivers
v0x5b10b3c23920_0 .net "rd_idx_w", 4 0, L_0x5b10b3f0fff0;  1 drivers
v0x5b10b3c251d0_0 .net "valid_i", 0 0, v0x5b10b3e64510_0;  alias, 1 drivers
E_0x5b10b35fae40/0 .event edge, v0x5b10b3c251d0_0, v0x5b10b3d87bd0_0, v0x5b10b3d8a550_0, v0x5b10b3c23920_0;
E_0x5b10b35fae40/1 .event edge, v0x5b10b3dd60a0_0;
E_0x5b10b35fae40 .event/or E_0x5b10b35fae40/0, E_0x5b10b35fae40/1;
L_0x5b10b3f0feb0 .part L_0x5b10b3f10090, 15, 5;
L_0x5b10b3f0ff50 .part L_0x5b10b3f10090, 20, 5;
L_0x5b10b3f0fff0 .part L_0x5b10b3f10090, 7, 5;
S_0x5b10b3bf0610 .scope function.vec4.s80, "get_regname_str" "get_regname_str" 4 531, 4 531 0, S_0x5b10b3beec40;
 .timescale 0 0;
; Variable get_regname_str is vec4 return value of scope S_0x5b10b3bf0610
v0x5b10b3c55f20_0 .var "regnum", 4 0;
TD_tb_top.trace_inst_0.get_regname_str ;
    %load/vec4 v0x5b10b3c55f20_0;
    %dup/vec4;
    %pushi/vec4 0, 0, 5;
    %cmp/u;
    %jmp/1 T_0.0, 6;
    %dup/vec4;
    %pushi/vec4 1, 0, 5;
    %cmp/u;
    %jmp/1 T_0.1, 6;
    %dup/vec4;
    %pushi/vec4 2, 0, 5;
    %cmp/u;
    %jmp/1 T_0.2, 6;
    %dup/vec4;
    %pushi/vec4 3, 0, 5;
    %cmp/u;
    %jmp/1 T_0.3, 6;
    %dup/vec4;
    %pushi/vec4 4, 0, 5;
    %cmp/u;
    %jmp/1 T_0.4, 6;
    %dup/vec4;
    %pushi/vec4 5, 0, 5;
    %cmp/u;
    %jmp/1 T_0.5, 6;
    %dup/vec4;
    %pushi/vec4 6, 0, 5;
    %cmp/u;
    %jmp/1 T_0.6, 6;
    %dup/vec4;
    %pushi/vec4 7, 0, 5;
    %cmp/u;
    %jmp/1 T_0.7, 6;
    %dup/vec4;
    %pushi/vec4 8, 0, 5;
    %cmp/u;
    %jmp/1 T_0.8, 6;
    %dup/vec4;
    %pushi/vec4 9, 0, 5;
    %cmp/u;
    %jmp/1 T_0.9, 6;
    %dup/vec4;
    %pushi/vec4 10, 0, 5;
    %cmp/u;
    %jmp/1 T_0.10, 6;
    %dup/vec4;
    %pushi/vec4 11, 0, 5;
    %cmp/u;
    %jmp/1 T_0.11, 6;
    %dup/vec4;
    %pushi/vec4 12, 0, 5;
    %cmp/u;
    %jmp/1 T_0.12, 6;
    %dup/vec4;
    %pushi/vec4 13, 0, 5;
    %cmp/u;
    %jmp/1 T_0.13, 6;
    %dup/vec4;
    %pushi/vec4 14, 0, 5;
    %cmp/u;
    %jmp/1 T_0.14, 6;
    %dup/vec4;
    %pushi/vec4 15, 0, 5;
    %cmp/u;
    %jmp/1 T_0.15, 6;
    %dup/vec4;
    %pushi/vec4 16, 0, 5;
    %cmp/u;
    %jmp/1 T_0.16, 6;
    %dup/vec4;
    %pushi/vec4 17, 0, 5;
    %cmp/u;
    %jmp/1 T_0.17, 6;
    %dup/vec4;
    %pushi/vec4 18, 0, 5;
    %cmp/u;
    %jmp/1 T_0.18, 6;
    %dup/vec4;
    %pushi/vec4 19, 0, 5;
    %cmp/u;
    %jmp/1 T_0.19, 6;
    %dup/vec4;
    %pushi/vec4 20, 0, 5;
    %cmp/u;
    %jmp/1 T_0.20, 6;
    %dup/vec4;
    %pushi/vec4 21, 0, 5;
    %cmp/u;
    %jmp/1 T_0.21, 6;
    %dup/vec4;
    %pushi/vec4 22, 0, 5;
    %cmp/u;
    %jmp/1 T_0.22, 6;
    %dup/vec4;
    %pushi/vec4 23, 0, 5;
    %cmp/u;
    %jmp/1 T_0.23, 6;
    %dup/vec4;
    %pushi/vec4 24, 0, 5;
    %cmp/u;
    %jmp/1 T_0.24, 6;
    %dup/vec4;
    %pushi/vec4 25, 0, 5;
    %cmp/u;
    %jmp/1 T_0.25, 6;
    %dup/vec4;
    %pushi/vec4 26, 0, 5;
    %cmp/u;
    %jmp/1 T_0.26, 6;
    %dup/vec4;
    %pushi/vec4 27, 0, 5;
    %cmp/u;
    %jmp/1 T_0.27, 6;
    %dup/vec4;
    %pushi/vec4 28, 0, 5;
    %cmp/u;
    %jmp/1 T_0.28, 6;
    %dup/vec4;
    %pushi/vec4 29, 0, 5;
    %cmp/u;
    %jmp/1 T_0.29, 6;
    %dup/vec4;
    %pushi/vec4 30, 0, 5;
    %cmp/u;
    %jmp/1 T_0.30, 6;
    %dup/vec4;
    %pushi/vec4 31, 0, 5;
    %cmp/u;
    %jmp/1 T_0.31, 6;
    %jmp T_0.32;
T_0.0 ;
    %pushi/vec4 0, 0, 32; draw_string_vec4
    %pushi/vec4 31333, 0, 32; draw_string_vec4
    %concat/vec4; draw_string_vec4
    %pushi/vec4 29295, 0, 16; draw_string_vec4
    %concat/vec4; draw_string_vec4
    %ret/vec4 0, 0, 80;  Assign to get_regname_str (store_vec4_to_lval)
    %jmp T_0.32;
T_0.1 ;
    %pushi/vec4 0, 0, 32; draw_string_vec4
    %pushi/vec4 0, 0, 32; draw_string_vec4
    %concat/vec4; draw_string_vec4
    %pushi/vec4 29281, 0, 16; draw_string_vec4
    %concat/vec4; draw_string_vec4
    %ret/vec4 0, 0, 80;  Assign to get_regname_str (store_vec4_to_lval)
    %jmp T_0.32;
T_0.2 ;
    %pushi/vec4 0, 0, 32; draw_string_vec4
    %pushi/vec4 0, 0, 32; draw_string_vec4
    %concat/vec4; draw_string_vec4
    %pushi/vec4 29552, 0, 16; draw_string_vec4
    %concat/vec4; draw_string_vec4
    %ret/vec4 0, 0, 80;  Assign to get_regname_str (store_vec4_to_lval)
    %jmp T_0.32;
T_0.3 ;
    %pushi/vec4 0, 0, 32; draw_string_vec4
    %pushi/vec4 0, 0, 32; draw_string_vec4
    %concat/vec4; draw_string_vec4
    %pushi/vec4 26480, 0, 16; draw_string_vec4
    %concat/vec4; draw_string_vec4
    %ret/vec4 0, 0, 80;  Assign to get_regname_str (store_vec4_to_lval)
    %jmp T_0.32;
T_0.4 ;
    %pushi/vec4 0, 0, 32; draw_string_vec4
    %pushi/vec4 0, 0, 32; draw_string_vec4
    %concat/vec4; draw_string_vec4
    %pushi/vec4 29808, 0, 16; draw_string_vec4
    %concat/vec4; draw_string_vec4
    %ret/vec4 0, 0, 80;  Assign to get_regname_str (store_vec4_to_lval)
    %jmp T_0.32;
T_0.5 ;
    %pushi/vec4 0, 0, 32; draw_string_vec4
    %pushi/vec4 0, 0, 32; draw_string_vec4
    %concat/vec4; draw_string_vec4
    %pushi/vec4 29744, 0, 16; draw_string_vec4
    %concat/vec4; draw_string_vec4
    %ret/vec4 0, 0, 80;  Assign to get_regname_str (store_vec4_to_lval)
    %jmp T_0.32;
T_0.6 ;
    %pushi/vec4 0, 0, 32; draw_string_vec4
    %pushi/vec4 0, 0, 32; draw_string_vec4
    %concat/vec4; draw_string_vec4
    %pushi/vec4 29745, 0, 16; draw_string_vec4
    %concat/vec4; draw_string_vec4
    %ret/vec4 0, 0, 80;  Assign to get_regname_str (store_vec4_to_lval)
    %jmp T_0.32;
T_0.7 ;
    %pushi/vec4 0, 0, 32; draw_string_vec4
    %pushi/vec4 0, 0, 32; draw_string_vec4
    %concat/vec4; draw_string_vec4
    %pushi/vec4 29746, 0, 16; draw_string_vec4
    %concat/vec4; draw_string_vec4
    %ret/vec4 0, 0, 80;  Assign to get_regname_str (store_vec4_to_lval)
    %jmp T_0.32;
T_0.8 ;
    %pushi/vec4 0, 0, 32; draw_string_vec4
    %pushi/vec4 0, 0, 32; draw_string_vec4
    %concat/vec4; draw_string_vec4
    %pushi/vec4 29488, 0, 16; draw_string_vec4
    %concat/vec4; draw_string_vec4
    %ret/vec4 0, 0, 80;  Assign to get_regname_str (store_vec4_to_lval)
    %jmp T_0.32;
T_0.9 ;
    %pushi/vec4 0, 0, 32; draw_string_vec4
    %pushi/vec4 0, 0, 32; draw_string_vec4
    %concat/vec4; draw_string_vec4
    %pushi/vec4 29489, 0, 16; draw_string_vec4
    %concat/vec4; draw_string_vec4
    %ret/vec4 0, 0, 80;  Assign to get_regname_str (store_vec4_to_lval)
    %jmp T_0.32;
T_0.10 ;
    %pushi/vec4 0, 0, 32; draw_string_vec4
    %pushi/vec4 0, 0, 32; draw_string_vec4
    %concat/vec4; draw_string_vec4
    %pushi/vec4 24880, 0, 16; draw_string_vec4
    %concat/vec4; draw_string_vec4
    %ret/vec4 0, 0, 80;  Assign to get_regname_str (store_vec4_to_lval)
    %jmp T_0.32;
T_0.11 ;
    %pushi/vec4 0, 0, 32; draw_string_vec4
    %pushi/vec4 0, 0, 32; draw_string_vec4
    %concat/vec4; draw_string_vec4
    %pushi/vec4 24881, 0, 16; draw_string_vec4
    %concat/vec4; draw_string_vec4
    %ret/vec4 0, 0, 80;  Assign to get_regname_str (store_vec4_to_lval)
    %jmp T_0.32;
T_0.12 ;
    %pushi/vec4 0, 0, 32; draw_string_vec4
    %pushi/vec4 0, 0, 32; draw_string_vec4
    %concat/vec4; draw_string_vec4
    %pushi/vec4 24882, 0, 16; draw_string_vec4
    %concat/vec4; draw_string_vec4
    %ret/vec4 0, 0, 80;  Assign to get_regname_str (store_vec4_to_lval)
    %jmp T_0.32;
T_0.13 ;
    %pushi/vec4 0, 0, 32; draw_string_vec4
    %pushi/vec4 0, 0, 32; draw_string_vec4
    %concat/vec4; draw_string_vec4
    %pushi/vec4 24883, 0, 16; draw_string_vec4
    %concat/vec4; draw_string_vec4
    %ret/vec4 0, 0, 80;  Assign to get_regname_str (store_vec4_to_lval)
    %jmp T_0.32;
T_0.14 ;
    %pushi/vec4 0, 0, 32; draw_string_vec4
    %pushi/vec4 0, 0, 32; draw_string_vec4
    %concat/vec4; draw_string_vec4
    %pushi/vec4 24884, 0, 16; draw_string_vec4
    %concat/vec4; draw_string_vec4
    %ret/vec4 0, 0, 80;  Assign to get_regname_str (store_vec4_to_lval)
    %jmp T_0.32;
T_0.15 ;
    %pushi/vec4 0, 0, 32; draw_string_vec4
    %pushi/vec4 0, 0, 32; draw_string_vec4
    %concat/vec4; draw_string_vec4
    %pushi/vec4 24885, 0, 16; draw_string_vec4
    %concat/vec4; draw_string_vec4
    %ret/vec4 0, 0, 80;  Assign to get_regname_str (store_vec4_to_lval)
    %jmp T_0.32;
T_0.16 ;
    %pushi/vec4 0, 0, 32; draw_string_vec4
    %pushi/vec4 0, 0, 32; draw_string_vec4
    %concat/vec4; draw_string_vec4
    %pushi/vec4 24886, 0, 16; draw_string_vec4
    %concat/vec4; draw_string_vec4
    %ret/vec4 0, 0, 80;  Assign to get_regname_str (store_vec4_to_lval)
    %jmp T_0.32;
T_0.17 ;
    %pushi/vec4 0, 0, 32; draw_string_vec4
    %pushi/vec4 0, 0, 32; draw_string_vec4
    %concat/vec4; draw_string_vec4
    %pushi/vec4 24887, 0, 16; draw_string_vec4
    %concat/vec4; draw_string_vec4
    %ret/vec4 0, 0, 80;  Assign to get_regname_str (store_vec4_to_lval)
    %jmp T_0.32;
T_0.18 ;
    %pushi/vec4 0, 0, 32; draw_string_vec4
    %pushi/vec4 0, 0, 32; draw_string_vec4
    %concat/vec4; draw_string_vec4
    %pushi/vec4 29490, 0, 16; draw_string_vec4
    %concat/vec4; draw_string_vec4
    %ret/vec4 0, 0, 80;  Assign to get_regname_str (store_vec4_to_lval)
    %jmp T_0.32;
T_0.19 ;
    %pushi/vec4 0, 0, 32; draw_string_vec4
    %pushi/vec4 0, 0, 32; draw_string_vec4
    %concat/vec4; draw_string_vec4
    %pushi/vec4 29491, 0, 16; draw_string_vec4
    %concat/vec4; draw_string_vec4
    %ret/vec4 0, 0, 80;  Assign to get_regname_str (store_vec4_to_lval)
    %jmp T_0.32;
T_0.20 ;
    %pushi/vec4 0, 0, 32; draw_string_vec4
    %pushi/vec4 0, 0, 32; draw_string_vec4
    %concat/vec4; draw_string_vec4
    %pushi/vec4 29492, 0, 16; draw_string_vec4
    %concat/vec4; draw_string_vec4
    %ret/vec4 0, 0, 80;  Assign to get_regname_str (store_vec4_to_lval)
    %jmp T_0.32;
T_0.21 ;
    %pushi/vec4 0, 0, 32; draw_string_vec4
    %pushi/vec4 0, 0, 32; draw_string_vec4
    %concat/vec4; draw_string_vec4
    %pushi/vec4 29493, 0, 16; draw_string_vec4
    %concat/vec4; draw_string_vec4
    %ret/vec4 0, 0, 80;  Assign to get_regname_str (store_vec4_to_lval)
    %jmp T_0.32;
T_0.22 ;
    %pushi/vec4 0, 0, 32; draw_string_vec4
    %pushi/vec4 0, 0, 32; draw_string_vec4
    %concat/vec4; draw_string_vec4
    %pushi/vec4 29494, 0, 16; draw_string_vec4
    %concat/vec4; draw_string_vec4
    %ret/vec4 0, 0, 80;  Assign to get_regname_str (store_vec4_to_lval)
    %jmp T_0.32;
T_0.23 ;
    %pushi/vec4 0, 0, 32; draw_string_vec4
    %pushi/vec4 0, 0, 32; draw_string_vec4
    %concat/vec4; draw_string_vec4
    %pushi/vec4 29495, 0, 16; draw_string_vec4
    %concat/vec4; draw_string_vec4
    %ret/vec4 0, 0, 80;  Assign to get_regname_str (store_vec4_to_lval)
    %jmp T_0.32;
T_0.24 ;
    %pushi/vec4 0, 0, 32; draw_string_vec4
    %pushi/vec4 0, 0, 32; draw_string_vec4
    %concat/vec4; draw_string_vec4
    %pushi/vec4 29496, 0, 16; draw_string_vec4
    %concat/vec4; draw_string_vec4
    %ret/vec4 0, 0, 80;  Assign to get_regname_str (store_vec4_to_lval)
    %jmp T_0.32;
T_0.25 ;
    %pushi/vec4 0, 0, 32; draw_string_vec4
    %pushi/vec4 0, 0, 32; draw_string_vec4
    %concat/vec4; draw_string_vec4
    %pushi/vec4 29497, 0, 16; draw_string_vec4
    %concat/vec4; draw_string_vec4
    %ret/vec4 0, 0, 80;  Assign to get_regname_str (store_vec4_to_lval)
    %jmp T_0.32;
T_0.26 ;
    %pushi/vec4 0, 0, 32; draw_string_vec4
    %pushi/vec4 115, 0, 32; draw_string_vec4
    %concat/vec4; draw_string_vec4
    %pushi/vec4 12592, 0, 16; draw_string_vec4
    %concat/vec4; draw_string_vec4
    %ret/vec4 0, 0, 80;  Assign to get_regname_str (store_vec4_to_lval)
    %jmp T_0.32;
T_0.27 ;
    %pushi/vec4 0, 0, 32; draw_string_vec4
    %pushi/vec4 115, 0, 32; draw_string_vec4
    %concat/vec4; draw_string_vec4
    %pushi/vec4 12593, 0, 16; draw_string_vec4
    %concat/vec4; draw_string_vec4
    %ret/vec4 0, 0, 80;  Assign to get_regname_str (store_vec4_to_lval)
    %jmp T_0.32;
T_0.28 ;
    %pushi/vec4 0, 0, 32; draw_string_vec4
    %pushi/vec4 0, 0, 32; draw_string_vec4
    %concat/vec4; draw_string_vec4
    %pushi/vec4 29747, 0, 16; draw_string_vec4
    %concat/vec4; draw_string_vec4
    %ret/vec4 0, 0, 80;  Assign to get_regname_str (store_vec4_to_lval)
    %jmp T_0.32;
T_0.29 ;
    %pushi/vec4 0, 0, 32; draw_string_vec4
    %pushi/vec4 0, 0, 32; draw_string_vec4
    %concat/vec4; draw_string_vec4
    %pushi/vec4 29748, 0, 16; draw_string_vec4
    %concat/vec4; draw_string_vec4
    %ret/vec4 0, 0, 80;  Assign to get_regname_str (store_vec4_to_lval)
    %jmp T_0.32;
T_0.30 ;
    %pushi/vec4 0, 0, 32; draw_string_vec4
    %pushi/vec4 0, 0, 32; draw_string_vec4
    %concat/vec4; draw_string_vec4
    %pushi/vec4 29749, 0, 16; draw_string_vec4
    %concat/vec4; draw_string_vec4
    %ret/vec4 0, 0, 80;  Assign to get_regname_str (store_vec4_to_lval)
    %jmp T_0.32;
T_0.31 ;
    %pushi/vec4 0, 0, 32; draw_string_vec4
    %pushi/vec4 0, 0, 32; draw_string_vec4
    %concat/vec4; draw_string_vec4
    %pushi/vec4 29750, 0, 16; draw_string_vec4
    %concat/vec4; draw_string_vec4
    %ret/vec4 0, 0, 80;  Assign to get_regname_str (store_vec4_to_lval)
    %jmp T_0.32;
T_0.32 ;
    %pop/vec4 1;
    %end;
S_0x5b10b3befb00 .scope module, "trace_inst_1" "biriscv_trace_sim_gls" 3 149, 4 521 0, S_0x5b10b3beeff0;
 .timescale 0 0;
    .port_info 0 /INPUT 1 "valid_i";
    .port_info 1 /INPUT 32 "opcode_i";
v0x5b10b38e46e0_0 .var "dbg_inst_ra", 79 0;
v0x5b10b38e40e0_0 .var "dbg_inst_rb", 79 0;
v0x5b10b38e3910_0 .var "dbg_inst_rd", 79 0;
v0x5b10b38e43e0_0 .var "dbg_inst_str", 79 0;
v0x5b10b38e4560_0 .net "opcode_i", 31 0, L_0x5b10b3f103a0;  1 drivers
v0x5b10b39233e0_0 .net "ra_idx_w", 4 0, L_0x5b10b3f101c0;  1 drivers
v0x5b10b391c600_0 .net "rb_idx_w", 4 0, L_0x5b10b3f10260;  1 drivers
v0x5b10b38e4260_0 .net "rd_idx_w", 4 0, L_0x5b10b3f10300;  1 drivers
v0x5b10b38e2d70_0 .net "valid_i", 0 0, v0x5b10b3e64510_0;  alias, 1 drivers
E_0x5b10b35f5b20/0 .event edge, v0x5b10b3c251d0_0, v0x5b10b39233e0_0, v0x5b10b391c600_0, v0x5b10b38e4260_0;
E_0x5b10b35f5b20/1 .event edge, v0x5b10b38e4560_0;
E_0x5b10b35f5b20 .event/or E_0x5b10b35f5b20/0, E_0x5b10b35f5b20/1;
L_0x5b10b3f101c0 .part L_0x5b10b3f103a0, 15, 5;
L_0x5b10b3f10260 .part L_0x5b10b3f103a0, 20, 5;
L_0x5b10b3f10300 .part L_0x5b10b3f103a0, 7, 5;
S_0x5b10b3c86a90 .scope function.vec4.s80, "get_regname_str" "get_regname_str" 4 531, 4 531 0, S_0x5b10b3befb00;
 .timescale 0 0;
; Variable get_regname_str is vec4 return value of scope S_0x5b10b3c86a90
v0x5b10b3ca3b10_0 .var "regnum", 4 0;
TD_tb_top.trace_inst_1.get_regname_str ;
    %load/vec4 v0x5b10b3ca3b10_0;
    %dup/vec4;
    %pushi/vec4 0, 0, 5;
    %cmp/u;
    %jmp/1 T_1.33, 6;
    %dup/vec4;
    %pushi/vec4 1, 0, 5;
    %cmp/u;
    %jmp/1 T_1.34, 6;
    %dup/vec4;
    %pushi/vec4 2, 0, 5;
    %cmp/u;
    %jmp/1 T_1.35, 6;
    %dup/vec4;
    %pushi/vec4 3, 0, 5;
    %cmp/u;
    %jmp/1 T_1.36, 6;
    %dup/vec4;
    %pushi/vec4 4, 0, 5;
    %cmp/u;
    %jmp/1 T_1.37, 6;
    %dup/vec4;
    %pushi/vec4 5, 0, 5;
    %cmp/u;
    %jmp/1 T_1.38, 6;
    %dup/vec4;
    %pushi/vec4 6, 0, 5;
    %cmp/u;
    %jmp/1 T_1.39, 6;
    %dup/vec4;
    %pushi/vec4 7, 0, 5;
    %cmp/u;
    %jmp/1 T_1.40, 6;
    %dup/vec4;
    %pushi/vec4 8, 0, 5;
    %cmp/u;
    %jmp/1 T_1.41, 6;
    %dup/vec4;
    %pushi/vec4 9, 0, 5;
    %cmp/u;
    %jmp/1 T_1.42, 6;
    %dup/vec4;
    %pushi/vec4 10, 0, 5;
    %cmp/u;
    %jmp/1 T_1.43, 6;
    %dup/vec4;
    %pushi/vec4 11, 0, 5;
    %cmp/u;
    %jmp/1 T_1.44, 6;
    %dup/vec4;
    %pushi/vec4 12, 0, 5;
    %cmp/u;
    %jmp/1 T_1.45, 6;
    %dup/vec4;
    %pushi/vec4 13, 0, 5;
    %cmp/u;
    %jmp/1 T_1.46, 6;
    %dup/vec4;
    %pushi/vec4 14, 0, 5;
    %cmp/u;
    %jmp/1 T_1.47, 6;
    %dup/vec4;
    %pushi/vec4 15, 0, 5;
    %cmp/u;
    %jmp/1 T_1.48, 6;
    %dup/vec4;
    %pushi/vec4 16, 0, 5;
    %cmp/u;
    %jmp/1 T_1.49, 6;
    %dup/vec4;
    %pushi/vec4 17, 0, 5;
    %cmp/u;
    %jmp/1 T_1.50, 6;
    %dup/vec4;
    %pushi/vec4 18, 0, 5;
    %cmp/u;
    %jmp/1 T_1.51, 6;
    %dup/vec4;
    %pushi/vec4 19, 0, 5;
    %cmp/u;
    %jmp/1 T_1.52, 6;
    %dup/vec4;
    %pushi/vec4 20, 0, 5;
    %cmp/u;
    %jmp/1 T_1.53, 6;
    %dup/vec4;
    %pushi/vec4 21, 0, 5;
    %cmp/u;
    %jmp/1 T_1.54, 6;
    %dup/vec4;
    %pushi/vec4 22, 0, 5;
    %cmp/u;
    %jmp/1 T_1.55, 6;
    %dup/vec4;
    %pushi/vec4 23, 0, 5;
    %cmp/u;
    %jmp/1 T_1.56, 6;
    %dup/vec4;
    %pushi/vec4 24, 0, 5;
    %cmp/u;
    %jmp/1 T_1.57, 6;
    %dup/vec4;
    %pushi/vec4 25, 0, 5;
    %cmp/u;
    %jmp/1 T_1.58, 6;
    %dup/vec4;
    %pushi/vec4 26, 0, 5;
    %cmp/u;
    %jmp/1 T_1.59, 6;
    %dup/vec4;
    %pushi/vec4 27, 0, 5;
    %cmp/u;
    %jmp/1 T_1.60, 6;
    %dup/vec4;
    %pushi/vec4 28, 0, 5;
    %cmp/u;
    %jmp/1 T_1.61, 6;
    %dup/vec4;
    %pushi/vec4 29, 0, 5;
    %cmp/u;
    %jmp/1 T_1.62, 6;
    %dup/vec4;
    %pushi/vec4 30, 0, 5;
    %cmp/u;
    %jmp/1 T_1.63, 6;
    %dup/vec4;
    %pushi/vec4 31, 0, 5;
    %cmp/u;
    %jmp/1 T_1.64, 6;
    %jmp T_1.65;
T_1.33 ;
    %pushi/vec4 0, 0, 32; draw_string_vec4
    %pushi/vec4 31333, 0, 32; draw_string_vec4
    %concat/vec4; draw_string_vec4
    %pushi/vec4 29295, 0, 16; draw_string_vec4
    %concat/vec4; draw_string_vec4
    %ret/vec4 0, 0, 80;  Assign to get_regname_str (store_vec4_to_lval)
    %jmp T_1.65;
T_1.34 ;
    %pushi/vec4 0, 0, 32; draw_string_vec4
    %pushi/vec4 0, 0, 32; draw_string_vec4
    %concat/vec4; draw_string_vec4
    %pushi/vec4 29281, 0, 16; draw_string_vec4
    %concat/vec4; draw_string_vec4
    %ret/vec4 0, 0, 80;  Assign to get_regname_str (store_vec4_to_lval)
    %jmp T_1.65;
T_1.35 ;
    %pushi/vec4 0, 0, 32; draw_string_vec4
    %pushi/vec4 0, 0, 32; draw_string_vec4
    %concat/vec4; draw_string_vec4
    %pushi/vec4 29552, 0, 16; draw_string_vec4
    %concat/vec4; draw_string_vec4
    %ret/vec4 0, 0, 80;  Assign to get_regname_str (store_vec4_to_lval)
    %jmp T_1.65;
T_1.36 ;
    %pushi/vec4 0, 0, 32; draw_string_vec4
    %pushi/vec4 0, 0, 32; draw_string_vec4
    %concat/vec4; draw_string_vec4
    %pushi/vec4 26480, 0, 16; draw_string_vec4
    %concat/vec4; draw_string_vec4
    %ret/vec4 0, 0, 80;  Assign to get_regname_str (store_vec4_to_lval)
    %jmp T_1.65;
T_1.37 ;
    %pushi/vec4 0, 0, 32; draw_string_vec4
    %pushi/vec4 0, 0, 32; draw_string_vec4
    %concat/vec4; draw_string_vec4
    %pushi/vec4 29808, 0, 16; draw_string_vec4
    %concat/vec4; draw_string_vec4
    %ret/vec4 0, 0, 80;  Assign to get_regname_str (store_vec4_to_lval)
    %jmp T_1.65;
T_1.38 ;
    %pushi/vec4 0, 0, 32; draw_string_vec4
    %pushi/vec4 0, 0, 32; draw_string_vec4
    %concat/vec4; draw_string_vec4
    %pushi/vec4 29744, 0, 16; draw_string_vec4
    %concat/vec4; draw_string_vec4
    %ret/vec4 0, 0, 80;  Assign to get_regname_str (store_vec4_to_lval)
    %jmp T_1.65;
T_1.39 ;
    %pushi/vec4 0, 0, 32; draw_string_vec4
    %pushi/vec4 0, 0, 32; draw_string_vec4
    %concat/vec4; draw_string_vec4
    %pushi/vec4 29745, 0, 16; draw_string_vec4
    %concat/vec4; draw_string_vec4
    %ret/vec4 0, 0, 80;  Assign to get_regname_str (store_vec4_to_lval)
    %jmp T_1.65;
T_1.40 ;
    %pushi/vec4 0, 0, 32; draw_string_vec4
    %pushi/vec4 0, 0, 32; draw_string_vec4
    %concat/vec4; draw_string_vec4
    %pushi/vec4 29746, 0, 16; draw_string_vec4
    %concat/vec4; draw_string_vec4
    %ret/vec4 0, 0, 80;  Assign to get_regname_str (store_vec4_to_lval)
    %jmp T_1.65;
T_1.41 ;
    %pushi/vec4 0, 0, 32; draw_string_vec4
    %pushi/vec4 0, 0, 32; draw_string_vec4
    %concat/vec4; draw_string_vec4
    %pushi/vec4 29488, 0, 16; draw_string_vec4
    %concat/vec4; draw_string_vec4
    %ret/vec4 0, 0, 80;  Assign to get_regname_str (store_vec4_to_lval)
    %jmp T_1.65;
T_1.42 ;
    %pushi/vec4 0, 0, 32; draw_string_vec4
    %pushi/vec4 0, 0, 32; draw_string_vec4
    %concat/vec4; draw_string_vec4
    %pushi/vec4 29489, 0, 16; draw_string_vec4
    %concat/vec4; draw_string_vec4
    %ret/vec4 0, 0, 80;  Assign to get_regname_str (store_vec4_to_lval)
    %jmp T_1.65;
T_1.43 ;
    %pushi/vec4 0, 0, 32; draw_string_vec4
    %pushi/vec4 0, 0, 32; draw_string_vec4
    %concat/vec4; draw_string_vec4
    %pushi/vec4 24880, 0, 16; draw_string_vec4
    %concat/vec4; draw_string_vec4
    %ret/vec4 0, 0, 80;  Assign to get_regname_str (store_vec4_to_lval)
    %jmp T_1.65;
T_1.44 ;
    %pushi/vec4 0, 0, 32; draw_string_vec4
    %pushi/vec4 0, 0, 32; draw_string_vec4
    %concat/vec4; draw_string_vec4
    %pushi/vec4 24881, 0, 16; draw_string_vec4
    %concat/vec4; draw_string_vec4
    %ret/vec4 0, 0, 80;  Assign to get_regname_str (store_vec4_to_lval)
    %jmp T_1.65;
T_1.45 ;
    %pushi/vec4 0, 0, 32; draw_string_vec4
    %pushi/vec4 0, 0, 32; draw_string_vec4
    %concat/vec4; draw_string_vec4
    %pushi/vec4 24882, 0, 16; draw_string_vec4
    %concat/vec4; draw_string_vec4
    %ret/vec4 0, 0, 80;  Assign to get_regname_str (store_vec4_to_lval)
    %jmp T_1.65;
T_1.46 ;
    %pushi/vec4 0, 0, 32; draw_string_vec4
    %pushi/vec4 0, 0, 32; draw_string_vec4
    %concat/vec4; draw_string_vec4
    %pushi/vec4 24883, 0, 16; draw_string_vec4
    %concat/vec4; draw_string_vec4
    %ret/vec4 0, 0, 80;  Assign to get_regname_str (store_vec4_to_lval)
    %jmp T_1.65;
T_1.47 ;
    %pushi/vec4 0, 0, 32; draw_string_vec4
    %pushi/vec4 0, 0, 32; draw_string_vec4
    %concat/vec4; draw_string_vec4
    %pushi/vec4 24884, 0, 16; draw_string_vec4
    %concat/vec4; draw_string_vec4
    %ret/vec4 0, 0, 80;  Assign to get_regname_str (store_vec4_to_lval)
    %jmp T_1.65;
T_1.48 ;
    %pushi/vec4 0, 0, 32; draw_string_vec4
    %pushi/vec4 0, 0, 32; draw_string_vec4
    %concat/vec4; draw_string_vec4
    %pushi/vec4 24885, 0, 16; draw_string_vec4
    %concat/vec4; draw_string_vec4
    %ret/vec4 0, 0, 80;  Assign to get_regname_str (store_vec4_to_lval)
    %jmp T_1.65;
T_1.49 ;
    %pushi/vec4 0, 0, 32; draw_string_vec4
    %pushi/vec4 0, 0, 32; draw_string_vec4
    %concat/vec4; draw_string_vec4
    %pushi/vec4 24886, 0, 16; draw_string_vec4
    %concat/vec4; draw_string_vec4
    %ret/vec4 0, 0, 80;  Assign to get_regname_str (store_vec4_to_lval)
    %jmp T_1.65;
T_1.50 ;
    %pushi/vec4 0, 0, 32; draw_string_vec4
    %pushi/vec4 0, 0, 32; draw_string_vec4
    %concat/vec4; draw_string_vec4
    %pushi/vec4 24887, 0, 16; draw_string_vec4
    %concat/vec4; draw_string_vec4
    %ret/vec4 0, 0, 80;  Assign to get_regname_str (store_vec4_to_lval)
    %jmp T_1.65;
T_1.51 ;
    %pushi/vec4 0, 0, 32; draw_string_vec4
    %pushi/vec4 0, 0, 32; draw_string_vec4
    %concat/vec4; draw_string_vec4
    %pushi/vec4 29490, 0, 16; draw_string_vec4
    %concat/vec4; draw_string_vec4
    %ret/vec4 0, 0, 80;  Assign to get_regname_str (store_vec4_to_lval)
    %jmp T_1.65;
T_1.52 ;
    %pushi/vec4 0, 0, 32; draw_string_vec4
    %pushi/vec4 0, 0, 32; draw_string_vec4
    %concat/vec4; draw_string_vec4
    %pushi/vec4 29491, 0, 16; draw_string_vec4
    %concat/vec4; draw_string_vec4
    %ret/vec4 0, 0, 80;  Assign to get_regname_str (store_vec4_to_lval)
    %jmp T_1.65;
T_1.53 ;
    %pushi/vec4 0, 0, 32; draw_string_vec4
    %pushi/vec4 0, 0, 32; draw_string_vec4
    %concat/vec4; draw_string_vec4
    %pushi/vec4 29492, 0, 16; draw_string_vec4
    %concat/vec4; draw_string_vec4
    %ret/vec4 0, 0, 80;  Assign to get_regname_str (store_vec4_to_lval)
    %jmp T_1.65;
T_1.54 ;
    %pushi/vec4 0, 0, 32; draw_string_vec4
    %pushi/vec4 0, 0, 32; draw_string_vec4
    %concat/vec4; draw_string_vec4
    %pushi/vec4 29493, 0, 16; draw_string_vec4
    %concat/vec4; draw_string_vec4
    %ret/vec4 0, 0, 80;  Assign to get_regname_str (store_vec4_to_lval)
    %jmp T_1.65;
T_1.55 ;
    %pushi/vec4 0, 0, 32; draw_string_vec4
    %pushi/vec4 0, 0, 32; draw_string_vec4
    %concat/vec4; draw_string_vec4
    %pushi/vec4 29494, 0, 16; draw_string_vec4
    %concat/vec4; draw_string_vec4
    %ret/vec4 0, 0, 80;  Assign to get_regname_str (store_vec4_to_lval)
    %jmp T_1.65;
T_1.56 ;
    %pushi/vec4 0, 0, 32; draw_string_vec4
    %pushi/vec4 0, 0, 32; draw_string_vec4
    %concat/vec4; draw_string_vec4
    %pushi/vec4 29495, 0, 16; draw_string_vec4
    %concat/vec4; draw_string_vec4
    %ret/vec4 0, 0, 80;  Assign to get_regname_str (store_vec4_to_lval)
    %jmp T_1.65;
T_1.57 ;
    %pushi/vec4 0, 0, 32; draw_string_vec4
    %pushi/vec4 0, 0, 32; draw_string_vec4
    %concat/vec4; draw_string_vec4
    %pushi/vec4 29496, 0, 16; draw_string_vec4
    %concat/vec4; draw_string_vec4
    %ret/vec4 0, 0, 80;  Assign to get_regname_str (store_vec4_to_lval)
    %jmp T_1.65;
T_1.58 ;
    %pushi/vec4 0, 0, 32; draw_string_vec4
    %pushi/vec4 0, 0, 32; draw_string_vec4
    %concat/vec4; draw_string_vec4
    %pushi/vec4 29497, 0, 16; draw_string_vec4
    %concat/vec4; draw_string_vec4
    %ret/vec4 0, 0, 80;  Assign to get_regname_str (store_vec4_to_lval)
    %jmp T_1.65;
T_1.59 ;
    %pushi/vec4 0, 0, 32; draw_string_vec4
    %pushi/vec4 115, 0, 32; draw_string_vec4
    %concat/vec4; draw_string_vec4
    %pushi/vec4 12592, 0, 16; draw_string_vec4
    %concat/vec4; draw_string_vec4
    %ret/vec4 0, 0, 80;  Assign to get_regname_str (store_vec4_to_lval)
    %jmp T_1.65;
T_1.60 ;
    %pushi/vec4 0, 0, 32; draw_string_vec4
    %pushi/vec4 115, 0, 32; draw_string_vec4
    %concat/vec4; draw_string_vec4
    %pushi/vec4 12593, 0, 16; draw_string_vec4
    %concat/vec4; draw_string_vec4
    %ret/vec4 0, 0, 80;  Assign to get_regname_str (store_vec4_to_lval)
    %jmp T_1.65;
T_1.61 ;
    %pushi/vec4 0, 0, 32; draw_string_vec4
    %pushi/vec4 0, 0, 32; draw_string_vec4
    %concat/vec4; draw_string_vec4
    %pushi/vec4 29747, 0, 16; draw_string_vec4
    %concat/vec4; draw_string_vec4
    %ret/vec4 0, 0, 80;  Assign to get_regname_str (store_vec4_to_lval)
    %jmp T_1.65;
T_1.62 ;
    %pushi/vec4 0, 0, 32; draw_string_vec4
    %pushi/vec4 0, 0, 32; draw_string_vec4
    %concat/vec4; draw_string_vec4
    %pushi/vec4 29748, 0, 16; draw_string_vec4
    %concat/vec4; draw_string_vec4
    %ret/vec4 0, 0, 80;  Assign to get_regname_str (store_vec4_to_lval)
    %jmp T_1.65;
T_1.63 ;
    %pushi/vec4 0, 0, 32; draw_string_vec4
    %pushi/vec4 0, 0, 32; draw_string_vec4
    %concat/vec4; draw_string_vec4
    %pushi/vec4 29749, 0, 16; draw_string_vec4
    %concat/vec4; draw_string_vec4
    %ret/vec4 0, 0, 80;  Assign to get_regname_str (store_vec4_to_lval)
    %jmp T_1.65;
T_1.64 ;
    %pushi/vec4 0, 0, 32; draw_string_vec4
    %pushi/vec4 0, 0, 32; draw_string_vec4
    %concat/vec4; draw_string_vec4
    %pushi/vec4 29750, 0, 16; draw_string_vec4
    %concat/vec4; draw_string_vec4
    %ret/vec4 0, 0, 80;  Assign to get_regname_str (store_vec4_to_lval)
    %jmp T_1.65;
T_1.65 ;
    %pop/vec4 1;
    %end;
S_0x5b10b3bef750 .scope module, "u_dut" "riscv_core" 3 70, 5 26 0, S_0x5b10b3beeff0;
 .timescale 0 0;
    .port_info 0 /INPUT 1 "clk";
    .port_info 1 /INPUT 1 "rst_n";
    .port_info 2 /INPUT 32 "mem_d_data_rd_i";
    .port_info 3 /INPUT 1 "mem_d_accept_i";
    .port_info 4 /INPUT 1 "mem_d_ack_i";
    .port_info 5 /INPUT 1 "mem_d_error_i";
    .port_info 6 /INPUT 11 "mem_d_resp_tag_i";
    .port_info 7 /INPUT 1 "mem_i_accept_i";
    .port_info 8 /INPUT 1 "mem_i_valid_i";
    .port_info 9 /INPUT 1 "mem_i_error_i";
    .port_info 10 /INPUT 64 "mem_i_inst_i";
    .port_info 11 /INPUT 1 "intr_i";
    .port_info 12 /INPUT 32 "reset_vector_i";
    .port_info 13 /INPUT 32 "cpu_id_i";
    .port_info 14 /OUTPUT 32 "mem_d_addr_o";
    .port_info 15 /OUTPUT 32 "mem_d_data_wr_o";
    .port_info 16 /OUTPUT 1 "mem_d_rd_o";
    .port_info 17 /OUTPUT 4 "mem_d_wr_o";
    .port_info 18 /OUTPUT 1 "mem_d_cacheable_o";
    .port_info 19 /OUTPUT 11 "mem_d_req_tag_o";
    .port_info 20 /OUTPUT 1 "mem_d_invalidate_o";
    .port_info 21 /OUTPUT 1 "mem_d_writeback_o";
    .port_info 22 /OUTPUT 1 "mem_d_flush_o";
    .port_info 23 /OUTPUT 1 "mem_i_rd_o";
    .port_info 24 /OUTPUT 1 "mem_i_flush_o";
    .port_info 25 /OUTPUT 1 "mem_i_invalidate_o";
    .port_info 26 /OUTPUT 32 "mem_i_pc_o";
P_0x5b10b3dd8920 .param/l "BHT_ENABLE" 0 5 48, +C4<00000000000000000000000000000001>;
P_0x5b10b3dd8960 .param/l "EXTRA_DECODE_STAGE" 0 5 39, +C4<00000000000000000000000000000000>;
P_0x5b10b3dd89a0 .param/l "GSHARE_ENABLE" 0 5 47, +C4<00000000000000000000000000000000>;
P_0x5b10b3dd89e0 .param/l "MEM_CACHE_ADDR_MAX" 0 5 41, C4<10001111111111111111111111111111>;
P_0x5b10b3dd8a20 .param/l "MEM_CACHE_ADDR_MIN" 0 5 40, C4<10000000000000000000000000000000>;
P_0x5b10b3dd8a60 .param/l "NUM_BHT_ENTRIES" 0 5 44, +C4<00000000000000000000001000000000>;
P_0x5b10b3dd8aa0 .param/l "NUM_BHT_ENTRIES_W" 0 5 45, +C4<00000000000000000000000000001001>;
P_0x5b10b3dd8ae0 .param/l "NUM_BTB_ENTRIES" 0 5 42, +C4<00000000000000000000000000100000>;
P_0x5b10b3dd8b20 .param/l "NUM_BTB_ENTRIES_W" 0 5 43, +C4<00000000000000000000000000000101>;
P_0x5b10b3dd8b60 .param/l "NUM_RAS_ENTRIES" 0 5 49, +C4<00000000000000000000000000001000>;
P_0x5b10b3dd8ba0 .param/l "NUM_RAS_ENTRIES_W" 0 5 50, +C4<00000000000000000000000000000011>;
P_0x5b10b3dd8be0 .param/l "RAS_ENABLE" 0 5 46, +C4<00000000000000000000000000000001>;
P_0x5b10b3dd8c20 .param/l "SUPPORT_BRANCH_PREDICTION" 0 5 31, +C4<00000000000000000000000000000000>;
P_0x5b10b3dd8c60 .param/l "SUPPORT_DUAL_ISSUE" 0 5 35, +C4<00000000000000000000000000000001>;
P_0x5b10b3dd8ca0 .param/l "SUPPORT_LOAD_BYPASS" 0 5 36, +C4<00000000000000000000000000000001>;
P_0x5b10b3dd8ce0 .param/l "SUPPORT_MMU" 0 5 34, +C4<00000000000000000000000000000000>;
P_0x5b10b3dd8d20 .param/l "SUPPORT_MULDIV" 0 5 32, +C4<00000000000000000000000000000001>;
P_0x5b10b3dd8d60 .param/l "SUPPORT_MUL_BYPASS" 0 5 37, +C4<00000000000000000000000000000001>;
P_0x5b10b3dd8da0 .param/l "SUPPORT_REGFILE_XILINX" 0 5 38, +C4<00000000000000000000000000000000>;
P_0x5b10b3dd8de0 .param/l "SUPPORT_SUPER" 0 5 33, +C4<00000000000000000000000000000000>;
v0x5b10b3e55ab0_0 .net "branch_csr_pc_w", 31 0, L_0x5b10b3ef4610;  1 drivers
v0x5b10b3e55b90_0 .net "branch_csr_priv_w", 1 0, L_0x5b10b3ef48a0;  1 drivers
v0x5b10b3e55ca0_0 .net "branch_csr_request_w", 0 0, L_0x5b10b3ef3fd0;  1 drivers
v0x5b10b3e55d90_0 .net "branch_d_exec0_pc_w", 31 0, L_0x5b10b3f0e6e0;  1 drivers
L_0x7c1d1eaadd78 .functor BUFT 1, C4<00>, C4<0>, C4<0>, C4<0>;
v0x5b10b3e55e80_0 .net "branch_d_exec0_priv_w", 1 0, L_0x7c1d1eaadd78;  1 drivers
v0x5b10b3e55fe0_0 .net "branch_d_exec0_request_w", 0 0, L_0x5b10b3f0e670;  1 drivers
v0x5b10b3e560d0_0 .net "branch_d_exec1_pc_w", 31 0, L_0x5b10b3f0f320;  1 drivers
L_0x7c1d1eaaddc0 .functor BUFT 1, C4<00>, C4<0>, C4<0>, C4<0>;
v0x5b10b3e561e0_0 .net "branch_d_exec1_priv_w", 1 0, L_0x7c1d1eaaddc0;  1 drivers
v0x5b10b3e562f0_0 .net "branch_d_exec1_request_w", 0 0, L_0x5b10b3f0f2b0;  1 drivers
v0x5b10b3e56390_0 .net "branch_exec0_is_call_w", 0 0, v0x5b10b3ccfd40_0;  1 drivers
v0x5b10b3e56480_0 .net "branch_exec0_is_jmp_w", 0 0, v0x5b10b3d6c9b0_0;  1 drivers
v0x5b10b3e56570_0 .net "branch_exec0_is_not_taken_w", 0 0, L_0x5b10b3f0df70;  1 drivers
v0x5b10b3e56660_0 .net "branch_exec0_is_ret_w", 0 0, v0x5b10b3c53fb0_0;  1 drivers
v0x5b10b3e56750_0 .net "branch_exec0_is_taken_w", 0 0, L_0x5b10b3f0df00;  1 drivers
v0x5b10b3e56840_0 .net "branch_exec0_pc_w", 31 0, v0x5b10b3c8e570_0;  1 drivers
v0x5b10b3e56950_0 .net "branch_exec0_request_w", 0 0, L_0x5b10b3f0de90;  1 drivers
v0x5b10b3e56a40_0 .net "branch_exec0_source_w", 31 0, v0x5b10b3c8e4d0_0;  1 drivers
v0x5b10b3e56b50_0 .net "branch_exec1_is_call_w", 0 0, v0x5b10b3d33040_0;  1 drivers
v0x5b10b3e56c40_0 .net "branch_exec1_is_jmp_w", 0 0, v0x5b10b3d2c880_0;  1 drivers
v0x5b10b3e56d30_0 .net "branch_exec1_is_not_taken_w", 0 0, L_0x5b10b3f0ebb0;  1 drivers
v0x5b10b3e56e20_0 .net "branch_exec1_is_ret_w", 0 0, v0x5b10b3d03e00_0;  1 drivers
v0x5b10b3e56f10_0 .net "branch_exec1_is_taken_w", 0 0, L_0x5b10b3f0eab0;  1 drivers
v0x5b10b3e57000_0 .net "branch_exec1_pc_w", 31 0, v0x5b10b3d0ff60_0;  1 drivers
v0x5b10b3e57110_0 .net "branch_exec1_request_w", 0 0, L_0x5b10b3f0ea40;  1 drivers
v0x5b10b3e57200_0 .net "branch_exec1_source_w", 31 0, v0x5b10b3d10400_0;  1 drivers
v0x5b10b3e57310_0 .net "branch_info_is_call_w", 0 0, L_0x5b10b3f03b50;  1 drivers
v0x5b10b3e573b0_0 .net "branch_info_is_jmp_w", 0 0, L_0x5b10b3f04130;  1 drivers
v0x5b10b3e57450_0 .net "branch_info_is_not_taken_w", 0 0, L_0x5b10b3f03a50;  1 drivers
v0x5b10b3e574f0_0 .net "branch_info_is_ret_w", 0 0, L_0x5b10b3f03f30;  1 drivers
v0x5b10b3e57590_0 .net "branch_info_is_taken_w", 0 0, L_0x5b10b3f03730;  1 drivers
v0x5b10b3e57630_0 .net "branch_info_pc_w", 31 0, L_0x5b10b3f043b0;  1 drivers
v0x5b10b3e576f0_0 .net "branch_info_request_w", 0 0, L_0x5b10b3f03420;  1 drivers
v0x5b10b3e57790_0 .net "branch_info_source_w", 31 0, L_0x5b10b3f03690;  1 drivers
v0x5b10b3e57a60_0 .net "branch_pc_w", 31 0, L_0x5b10b3ef8470;  1 drivers
v0x5b10b3e57b20_0 .net "branch_priv_w", 1 0, L_0x5b10b3ef88f0;  1 drivers
v0x5b10b3e57c70_0 .net "branch_request_w", 0 0, L_0x5b10b3ef8880;  1 drivers
v0x5b10b3e57d10_0 .net "clk", 0 0, v0x5b10b3e64cc0_0;  1 drivers
L_0x7c1d1eaade98 .functor BUFT 1, C4<00000000000000000000000000000000>, C4<0>, C4<0>, C4<0>;
v0x5b10b3e57db0_0 .net "cpu_id_i", 31 0, L_0x7c1d1eaade98;  1 drivers
v0x5b10b3e57e70_0 .net "csr_opcode_invalid_w", 0 0, L_0x5b10b3f0d8f0;  1 drivers
v0x5b10b3e57f10_0 .net "csr_opcode_opcode_w", 31 0, L_0x5b10b3f0c660;  1 drivers
v0x5b10b3e58020_0 .net "csr_opcode_pc_w", 31 0, L_0x5b10b3f0c6d0;  1 drivers
v0x5b10b3e58130_0 .net "csr_opcode_ra_idx_w", 4 0, L_0x5b10b3f0ce30;  1 drivers
v0x5b10b3e58240_0 .net "csr_opcode_ra_operand_w", 31 0, L_0x5b10b3f0d2c0;  1 drivers
v0x5b10b3e58350_0 .net "csr_opcode_rb_idx_w", 4 0, L_0x5b10b3f0d1c0;  1 drivers
v0x5b10b3e58460_0 .net "csr_opcode_rb_operand_w", 31 0, L_0x5b10b3f0d770;  1 drivers
v0x5b10b3e58570_0 .net "csr_opcode_rd_idx_w", 4 0, L_0x5b10b3f0c740;  1 drivers
v0x5b10b3e58680_0 .net "csr_opcode_valid_w", 0 0, L_0x5b10b3f0c5f0;  1 drivers
v0x5b10b3e58720_0 .net "csr_result_e1_exception_w", 5 0, L_0x5b10b3ef43b0;  1 drivers
v0x5b10b3e58870_0 .net "csr_result_e1_value_w", 31 0, L_0x5b10b3ef4220;  1 drivers
v0x5b10b3e589c0_0 .net "csr_result_e1_wdata_w", 31 0, L_0x5b10b3ef3170;  1 drivers
v0x5b10b3e58b10_0 .net "csr_result_e1_write_w", 0 0, L_0x5b10b3ef3100;  1 drivers
v0x5b10b3e58c40_0 .net "csr_writeback_exception_addr_w", 31 0, L_0x5b10b3f03070;  1 drivers
v0x5b10b3e58d00_0 .net "csr_writeback_exception_pc_w", 31 0, L_0x5b10b3f02d50;  1 drivers
v0x5b10b3e58dc0_0 .net "csr_writeback_exception_w", 5 0, L_0x5b10b3efe380;  1 drivers
v0x5b10b3e58e80_0 .net "csr_writeback_waddr_w", 11 0, L_0x5b10b3efd740;  1 drivers
v0x5b10b3e58f40_0 .net "csr_writeback_wdata_w", 31 0, L_0x5b10b3efd7e0;  1 drivers
v0x5b10b3e59090_0 .net "csr_writeback_write_w", 0 0, v0x5b10b3e18720_0;  1 drivers
v0x5b10b3e59130_0 .net "div_opcode_valid_w", 0 0, L_0x5b10b3f06430;  1 drivers
v0x5b10b3e591d0_0 .net "exec0_hold_w", 0 0, L_0x5b10b3efe000;  1 drivers
v0x5b10b3e59270_0 .net "exec0_opcode_valid_w", 0 0, L_0x5b10b3f05be0;  1 drivers
v0x5b10b3e59310_0 .net "exec1_hold_w", 0 0, L_0x5b10b3f026e0;  1 drivers
v0x5b10b3e593b0_0 .net "exec1_opcode_valid_w", 0 0, L_0x5b10b3f06790;  1 drivers
v0x5b10b3e59450_0 .net "fetch0_accept_w", 0 0, L_0x5b10b3f07cd0;  1 drivers
v0x5b10b3e59580_0 .net "fetch0_fault_fetch_w", 0 0, L_0x5b10b3e79690;  1 drivers
v0x5b10b3e59620_0 .net "fetch0_fault_page_w", 0 0, L_0x5b10b3e795f0;  1 drivers
v0x5b10b3e596c0_0 .net "fetch0_instr_branch_w", 0 0, L_0x5b10b3ea6c60;  1 drivers
v0x5b10b3e597f0_0 .net "fetch0_instr_csr_w", 0 0, L_0x5b10b3eab770;  1 drivers
v0x5b10b3e59920_0 .net "fetch0_instr_div_w", 0 0, L_0x5b10b3ea8f80;  1 drivers
v0x5b10b3e59a50_0 .net "fetch0_instr_exec_w", 0 0, L_0x5b10b3e8e5e0;  1 drivers
v0x5b10b3e59b80_0 .net "fetch0_instr_invalid_w", 0 0, L_0x5b10b3e90580;  1 drivers
v0x5b10b3e59cb0_0 .net "fetch0_instr_lsu_w", 0 0, L_0x5b10b3ea66a0;  1 drivers
v0x5b10b3e59de0_0 .net "fetch0_instr_mul_w", 0 0, L_0x5b10b3ea7e00;  1 drivers
v0x5b10b3e59f10_0 .net "fetch0_instr_rd_valid_w", 0 0, L_0x5b10b3e9c0c0;  1 drivers
v0x5b10b3e5a040_0 .net "fetch0_instr_w", 31 0, L_0x5b10b3e78200;  1 drivers
v0x5b10b3e5a100_0 .net "fetch0_pc_w", 31 0, L_0x5b10b3e77bf0;  1 drivers
v0x5b10b3e5a250_0 .net "fetch0_valid_w", 0 0, L_0x5b10b3e76de0;  1 drivers
v0x5b10b3e5a2f0_0 .net "fetch1_accept_w", 0 0, L_0x5b10b3f084f0;  1 drivers
v0x5b10b3e5a420_0 .net "fetch1_fault_fetch_w", 0 0, L_0x5b10b3e79930;  1 drivers
v0x5b10b3e5a4c0_0 .net "fetch1_fault_page_w", 0 0, L_0x5b10b3e797c0;  1 drivers
v0x5b10b3e5a560_0 .net "fetch1_instr_branch_w", 0 0, L_0x5b10b3ed92a0;  1 drivers
v0x5b10b3e5a690_0 .net "fetch1_instr_csr_w", 0 0, L_0x5b10b3eddd60;  1 drivers
v0x5b10b3e5a7c0_0 .net "fetch1_instr_div_w", 0 0, L_0x5b10b3edb570;  1 drivers
v0x5b10b3e5a8f0_0 .net "fetch1_instr_exec_w", 0 0, L_0x5b10b3ec06c0;  1 drivers
v0x5b10b3e5aa20_0 .net "fetch1_instr_invalid_w", 0 0, L_0x5b10b3ec25a0;  1 drivers
v0x5b10b3e5ab50_0 .net "fetch1_instr_lsu_w", 0 0, L_0x5b10b3ed8c40;  1 drivers
v0x5b10b3e5ac80_0 .net "fetch1_instr_mul_w", 0 0, L_0x5b10b3eda440;  1 drivers
v0x5b10b3e5adb0_0 .net "fetch1_instr_rd_valid_w", 0 0, L_0x5b10b3ecf170;  1 drivers
v0x5b10b3e5aee0_0 .net "fetch1_instr_w", 31 0, L_0x5b10b3e78930;  1 drivers
v0x5b10b3e5afa0_0 .net "fetch1_pc_w", 31 0, L_0x5b10b3e780c0;  1 drivers
v0x5b10b3e5b0f0_0 .net "fetch1_valid_w", 0 0, L_0x5b10b3e773e0;  1 drivers
L_0x7c1d1eaaacd0 .functor BUFT 1, C4<0>, C4<0>, C4<0>, C4<0>;
v0x5b10b3e5b190_0 .net "fetch_in_fault_w", 0 0, L_0x7c1d1eaaacd0;  1 drivers
v0x5b10b3e5b230_0 .net "fetch_in_priv_w", 1 0, L_0x5b10b3edfda0;  1 drivers
v0x5b10b3e5b2f0_0 .net "ifence_w", 0 0, v0x5b10b3d2f930_0;  1 drivers
v0x5b10b3e5b390_0 .net "interrupt_inhibit_w", 0 0, L_0x5b10b3f06530;  1 drivers
L_0x7c1d1eaade08 .functor BUFT 1, C4<0>, C4<0>, C4<0>, C4<0>;
v0x5b10b3e5b430_0 .net "intr_i", 0 0, L_0x7c1d1eaade08;  1 drivers
L_0x7c1d1eaadce8 .functor BUFT 1, C4<0>, C4<0>, C4<0>, C4<0>;
v0x5b10b3e5b4d0_0 .net "lsu_opcode_invalid_w", 0 0, L_0x7c1d1eaadce8;  1 drivers
v0x5b10b3e5b570_0 .net "lsu_opcode_opcode_w", 31 0, L_0x5b10b3f091b0;  1 drivers
v0x5b10b3e5b630_0 .net "lsu_opcode_pc_w", 31 0, L_0x5b10b3f05e40;  1 drivers
v0x5b10b3e5b6f0_0 .net "lsu_opcode_ra_idx_w", 4 0, L_0x5b10b3f0bbe0;  1 drivers
v0x5b10b3e5b7b0_0 .net "lsu_opcode_ra_operand_w", 31 0, L_0x5b10b3f0ba50;  1 drivers
v0x5b10b3e5b870_0 .net "lsu_opcode_rb_idx_w", 4 0, L_0x5b10b3f0bc80;  1 drivers
v0x5b10b3e5b930_0 .net "lsu_opcode_rb_operand_w", 31 0, L_0x5b10b3f0bed0;  1 drivers
v0x5b10b3e5b9f0_0 .net "lsu_opcode_rd_idx_w", 4 0, L_0x5b10b3f05ee0;  1 drivers
v0x5b10b3e5bab0_0 .net "lsu_opcode_valid_w", 0 0, L_0x5b10b3f044a0;  1 drivers
v0x5b10b3e5bb50_0 .net "lsu_stall_w", 0 0, L_0x5b10b3eebf50;  1 drivers
v0x5b10b3e5bbf0_0 .net "mem_d_accept_i", 0 0, L_0x7c1d1eaae168;  alias, 1 drivers
v0x5b10b3e5bc90_0 .net "mem_d_ack_i", 0 0, v0x5b10b3e63070_0;  alias, 1 drivers
v0x5b10b3e5bd30_0 .net "mem_d_addr_o", 31 0, L_0x5b10b3ee1c40;  alias, 1 drivers
v0x5b10b3e5bdd0_0 .net "mem_d_cacheable_o", 0 0, L_0x5b10b3ee1e40;  alias, 1 drivers
v0x5b10b3e5be70_0 .net "mem_d_data_rd_i", 31 0, L_0x5b10b3f0fda0;  alias, 1 drivers
v0x5b10b3e5bf10_0 .net "mem_d_data_wr_o", 31 0, L_0x5b10b3ee1d40;  alias, 1 drivers
v0x5b10b3e5bfb0_0 .net "mem_d_error_i", 0 0, L_0x7c1d1eaae120;  alias, 1 drivers
v0x5b10b3e5c050_0 .net "mem_d_flush_o", 0 0, L_0x5b10b3ee22d0;  alias, 1 drivers
v0x5b10b3e5c0f0_0 .net "mem_d_invalidate_o", 0 0, L_0x5b10b3ee1eb0;  alias, 1 drivers
v0x5b10b3e5c190_0 .net "mem_d_rd_o", 0 0, L_0x5b10b3ee19e0;  alias, 1 drivers
v0x5b10b3e5c230_0 .net "mem_d_req_tag_o", 10 0, L_0x5b10b3ee2140;  alias, 1 drivers
v0x5b10b3e5c2d0_0 .net "mem_d_resp_tag_i", 10 0, v0x5b10b3e63b10_0;  alias, 1 drivers
v0x5b10b3e5c370_0 .net "mem_d_wr_o", 3 0, L_0x5b10b3ee1ae0;  alias, 1 drivers
v0x5b10b3e5c410_0 .net "mem_d_writeback_o", 0 0, L_0x5b10b3ee1fb0;  alias, 1 drivers
v0x5b10b3e5c4b0_0 .net "mem_i_accept_i", 0 0, L_0x7c1d1eaae090;  alias, 1 drivers
v0x5b10b3e5c550_0 .net "mem_i_error_i", 0 0, L_0x7c1d1eaae0d8;  alias, 1 drivers
v0x5b10b3e5c5f0_0 .net "mem_i_flush_o", 0 0, L_0x5b10b3ee1500;  alias, 1 drivers
v0x5b10b3e5c690_0 .net "mem_i_inst_i", 63 0, v0x5b10b3e61ad0_0;  alias, 1 drivers
v0x5b10b3e5c730_0 .net "mem_i_invalidate_o", 0 0, L_0x5b10b3ee1600;  alias, 1 drivers
v0x5b10b3e5c7d0_0 .net "mem_i_pc_o", 31 0, L_0x5b10b3ee1400;  alias, 1 drivers
v0x5b10b3e5c870_0 .net "mem_i_rd_o", 0 0, L_0x5b10b3ee1300;  alias, 1 drivers
v0x5b10b3e5c910_0 .net "mem_i_valid_i", 0 0, v0x5b10b3e64510_0;  alias, 1 drivers
v0x5b10b3e5c9b0_0 .net "mmu_flush_w", 0 0, L_0x5b10b3ef4d20;  1 drivers
v0x5b10b3e5ca50_0 .net "mmu_ifetch_accept_w", 0 0, L_0x5b10b3ee1700;  1 drivers
v0x5b10b3e5d300_0 .net "mmu_ifetch_error_w", 0 0, L_0x5b10b3ee1870;  1 drivers
v0x5b10b3e5d3a0_0 .net "mmu_ifetch_flush_w", 0 0, L_0x5b10b3edfe10;  1 drivers
v0x5b10b3e5d440_0 .net "mmu_ifetch_inst_w", 63 0, L_0x5b10b3ee1970;  1 drivers
L_0x7c1d1eaaac40 .functor BUFT 1, C4<0>, C4<0>, C4<0>, C4<0>;
v0x5b10b3e5d4e0_0 .net "mmu_ifetch_invalidate_w", 0 0, L_0x7c1d1eaaac40;  1 drivers
v0x5b10b3e5d580_0 .net "mmu_ifetch_pc_w", 31 0, L_0x5b10b3edfcb0;  1 drivers
v0x5b10b3e5d620_0 .net "mmu_ifetch_rd_w", 0 0, L_0x5b10b3edfb00;  1 drivers
v0x5b10b3e5d6c0_0 .net "mmu_ifetch_valid_w", 0 0, L_0x5b10b3ee1800;  1 drivers
L_0x7c1d1eaaad60 .functor BUFT 1, C4<0>, C4<0>, C4<0>, C4<0>;
v0x5b10b3e5d760_0 .net "mmu_load_fault_w", 0 0, L_0x7c1d1eaaad60;  1 drivers
v0x5b10b3e5d800_0 .net "mmu_lsu_accept_w", 0 0, L_0x5b10b3ee2890;  1 drivers
v0x5b10b3e5d8a0_0 .net "mmu_lsu_ack_w", 0 0, L_0x5b10b3ee23d0;  1 drivers
v0x5b10b3e5d940_0 .net "mmu_lsu_addr_w", 31 0, L_0x5b10b3eea0c0;  1 drivers
v0x5b10b3e5d9e0_0 .net "mmu_lsu_cacheable_w", 0 0, v0x5b10b3e4aee0_0;  1 drivers
v0x5b10b3e5da80_0 .net "mmu_lsu_data_rd_w", 31 0, L_0x5b10b3ee2790;  1 drivers
v0x5b10b3e5db20_0 .net "mmu_lsu_data_wr_w", 31 0, v0x5b10b3e4b240_0;  1 drivers
v0x5b10b3e5dbc0_0 .net "mmu_lsu_error_w", 0 0, L_0x5b10b3ee25e0;  1 drivers
v0x5b10b3e5dc60_0 .net "mmu_lsu_flush_w", 0 0, v0x5b10b3e4b560_0;  1 drivers
v0x5b10b3e5dd00_0 .net "mmu_lsu_invalidate_w", 0 0, v0x5b10b3e4b6e0_0;  1 drivers
v0x5b10b3e5dda0_0 .net "mmu_lsu_rd_w", 0 0, L_0x5b10b3eea5d0;  1 drivers
L_0x7c1d1eaabfa8 .functor BUFT 1, C4<00000000000>, C4<0>, C4<0>, C4<0>;
v0x5b10b3e5de90_0 .net "mmu_lsu_req_tag_w", 10 0, L_0x7c1d1eaabfa8;  1 drivers
v0x5b10b3e5df80_0 .net "mmu_lsu_resp_tag_w", 10 0, L_0x5b10b3ee2570;  1 drivers
v0x5b10b3e5e070_0 .net "mmu_lsu_wr_w", 3 0, L_0x5b10b3eea9a0;  1 drivers
v0x5b10b3e5e160_0 .net "mmu_lsu_writeback_w", 0 0, v0x5b10b3e4c440_0;  1 drivers
v0x5b10b3e5e250_0 .net "mmu_mxr_w", 0 0, L_0x5b10b3ef5220;  1 drivers
v0x5b10b3e5e340_0 .net "mmu_priv_d_w", 1 0, L_0x5b10b3ef4e20;  1 drivers
v0x5b10b3e5e430_0 .net "mmu_satp_w", 31 0, L_0x5b10b3ef4cb0;  1 drivers
L_0x7c1d1eaaad18 .functor BUFT 1, C4<0>, C4<0>, C4<0>, C4<0>;
v0x5b10b3e5e520_0 .net "mmu_store_fault_w", 0 0, L_0x7c1d1eaaad18;  1 drivers
v0x5b10b3e5e610_0 .net "mmu_sum_w", 0 0, L_0x5b10b3ef5180;  1 drivers
v0x5b10b3e5e700_0 .net "mul_hold_w", 0 0, L_0x5b10b3efe070;  1 drivers
L_0x7c1d1eaadd30 .functor BUFT 1, C4<0>, C4<0>, C4<0>, C4<0>;
v0x5b10b3e5e7f0_0 .net "mul_opcode_invalid_w", 0 0, L_0x7c1d1eaadd30;  1 drivers
v0x5b10b3e5e8e0_0 .net "mul_opcode_opcode_w", 31 0, L_0x5b10b3f0bd20;  1 drivers
v0x5b10b3e5e9d0_0 .net "mul_opcode_pc_w", 31 0, L_0x5b10b3f0c130;  1 drivers
v0x5b10b3e5eac0_0 .net "mul_opcode_ra_idx_w", 4 0, L_0x5b10b3f0c550;  1 drivers
v0x5b10b3e5ebb0_0 .net "mul_opcode_ra_operand_w", 31 0, L_0x5b10b3f0c270;  1 drivers
v0x5b10b3e5eca0_0 .net "mul_opcode_rb_idx_w", 4 0, L_0x5b10b3f0c1d0;  1 drivers
v0x5b10b3e5ed90_0 .net "mul_opcode_rb_operand_w", 31 0, L_0x5b10b3f0c7e0;  1 drivers
v0x5b10b3e5ee80_0 .net "mul_opcode_rd_idx_w", 4 0, L_0x5b10b3f0c090;  1 drivers
v0x5b10b3e5ef70_0 .net "mul_opcode_valid_w", 0 0, L_0x5b10b3f06190;  1 drivers
L_0x7c1d1eaadc58 .functor BUFT 1, C4<0>, C4<0>, C4<0>, C4<0>;
v0x5b10b3e5f060_0 .net "opcode0_invalid_w", 0 0, L_0x7c1d1eaadc58;  1 drivers
v0x5b10b3e5f100_0 .net "opcode0_opcode_w", 31 0, L_0x5b10b3f09d30;  1 drivers
v0x5b10b3e5f1a0_0 .net "opcode0_pc_w", 31 0, L_0x5b10b3f09df0;  1 drivers
v0x5b10b3e5f240_0 .net "opcode0_ra_idx_w", 4 0, L_0x5b10b3f0a160;  1 drivers
v0x5b10b3e5f2e0_0 .net "opcode0_ra_operand_w", 31 0, v0x5b10b3e34170_0;  1 drivers
v0x5b10b3e5f410_0 .net "opcode0_rb_idx_w", 4 0, L_0x5b10b3f0a500;  1 drivers
v0x5b10b3e5f4b0_0 .net "opcode0_rb_operand_w", 31 0, v0x5b10b3e34390_0;  1 drivers
v0x5b10b3e5f5e0_0 .net "opcode0_rd_idx_w", 4 0, L_0x5b10b3f0a0f0;  1 drivers
L_0x7c1d1eaadca0 .functor BUFT 1, C4<0>, C4<0>, C4<0>, C4<0>;
v0x5b10b3e5f680_0 .net "opcode1_invalid_w", 0 0, L_0x7c1d1eaadca0;  1 drivers
v0x5b10b3e5f770_0 .net "opcode1_opcode_w", 31 0, L_0x5b10b3f0aa20;  1 drivers
v0x5b10b3e5f860_0 .net "opcode1_pc_w", 31 0, L_0x5b10b3f0ad50;  1 drivers
v0x5b10b3e5f950_0 .net "opcode1_ra_idx_w", 4 0, L_0x5b10b3f0b100;  1 drivers
v0x5b10b3e5fa40_0 .net "opcode1_ra_operand_w", 31 0, v0x5b10b3e34d70_0;  1 drivers
v0x5b10b3e5fae0_0 .net "opcode1_rb_idx_w", 4 0, L_0x5b10b3f0b170;  1 drivers
v0x5b10b3e5fbd0_0 .net "opcode1_rb_operand_w", 31 0, v0x5b10b3e34ff0_0;  1 drivers
v0x5b10b3e5fc70_0 .net "opcode1_rd_idx_w", 4 0, L_0x5b10b3f0adc0;  1 drivers
L_0x7c1d1eaade50 .functor BUFT 1, C4<10000000000000000000000000000000>, C4<0>, C4<0>, C4<0>;
v0x5b10b3e5fd60_0 .net "reset_vector_i", 31 0, L_0x7c1d1eaade50;  1 drivers
v0x5b10b3e5fe00_0 .net "rst_n", 0 0, v0x5b10b3e65f10_0;  1 drivers
v0x5b10b3e5fea0_0 .net "take_interrupt_w", 0 0, v0x5b10b3d03570_0;  1 drivers
v0x5b10b3e5ff90_0 .net "writeback_div_valid_w", 0 0, v0x5b10b3c76ef0_0;  1 drivers
v0x5b10b3e600c0_0 .net "writeback_div_value_w", 31 0, L_0x5b10b3ef8810;  1 drivers
v0x5b10b3e601f0_0 .net "writeback_exec0_value_w", 31 0, L_0x5b10b3f0de20;  1 drivers
v0x5b10b3e60290_0 .net "writeback_exec1_value_w", 31 0, L_0x5b10b3f0e940;  1 drivers
v0x5b10b3e60330_0 .net "writeback_mem_exception_w", 5 0, L_0x5b10b3ef0310;  1 drivers
v0x5b10b3e60460_0 .net "writeback_mem_valid_w", 0 0, L_0x5b10b3eee2f0;  1 drivers
v0x5b10b3e60590_0 .net "writeback_mem_value_w", 31 0, L_0x5b10b3eee6a0;  1 drivers
v0x5b10b3e606e0_0 .net "writeback_mul_value_w", 31 0, L_0x5b10b3ef64f0;  1 drivers
S_0x5b10b3bf1100 .scope module, "u_csr" "biriscv_csr" 5 450, 6 26 0, S_0x5b10b3bef750;
 .timescale 0 0;
    .port_info 0 /INPUT 1 "clk_i";
    .port_info 1 /INPUT 1 "rst_i";
    .port_info 2 /INPUT 1 "intr_i";
    .port_info 3 /INPUT 1 "opcode_valid_i";
    .port_info 4 /INPUT 32 "opcode_opcode_i";
    .port_info 5 /INPUT 32 "opcode_pc_i";
    .port_info 6 /INPUT 1 "opcode_invalid_i";
    .port_info 7 /INPUT 5 "opcode_rd_idx_i";
    .port_info 8 /INPUT 5 "opcode_ra_idx_i";
    .port_info 9 /INPUT 5 "opcode_rb_idx_i";
    .port_info 10 /INPUT 32 "opcode_ra_operand_i";
    .port_info 11 /INPUT 32 "opcode_rb_operand_i";
    .port_info 12 /INPUT 1 "csr_writeback_write_i";
    .port_info 13 /INPUT 12 "csr_writeback_waddr_i";
    .port_info 14 /INPUT 32 "csr_writeback_wdata_i";
    .port_info 15 /INPUT 6 "csr_writeback_exception_i";
    .port_info 16 /INPUT 32 "csr_writeback_exception_pc_i";
    .port_info 17 /INPUT 32 "csr_writeback_exception_addr_i";
    .port_info 18 /INPUT 32 "cpu_id_i";
    .port_info 19 /INPUT 32 "reset_vector_i";
    .port_info 20 /INPUT 1 "interrupt_inhibit_i";
    .port_info 21 /OUTPUT 32 "csr_result_e1_value_o";
    .port_info 22 /OUTPUT 1 "csr_result_e1_write_o";
    .port_info 23 /OUTPUT 32 "csr_result_e1_wdata_o";
    .port_info 24 /OUTPUT 6 "csr_result_e1_exception_o";
    .port_info 25 /OUTPUT 1 "branch_csr_request_o";
    .port_info 26 /OUTPUT 32 "branch_csr_pc_o";
    .port_info 27 /OUTPUT 2 "branch_csr_priv_o";
    .port_info 28 /OUTPUT 1 "take_interrupt_o";
    .port_info 29 /OUTPUT 1 "ifence_o";
    .port_info 30 /OUTPUT 2 "mmu_priv_d_o";
    .port_info 31 /OUTPUT 1 "mmu_sum_o";
    .port_info 32 /OUTPUT 1 "mmu_mxr_o";
    .port_info 33 /OUTPUT 1 "mmu_flush_o";
    .port_info 34 /OUTPUT 32 "mmu_satp_o";
P_0x5b10b3746c90 .param/l "SUPPORT_MULDIV" 0 6 31, +C4<00000000000000000000000000000001>;
P_0x5b10b3746cd0 .param/l "SUPPORT_SUPER" 0 6 32, +C4<00000000000000000000000000000000>;
L_0x7c1d1eaac398 .functor BUFT 1, C4<11111111111111111111111111111111>, C4<0>, C4<0>, C4<0>;
L_0x5b10b3eeffc0 .functor AND 32, L_0x5b10b3f0c660, L_0x7c1d1eaac398, C4<11111111111111111111111111111111>, C4<11111111111111111111111111111111>;
L_0x5b10b3ef06c0 .functor AND 1, L_0x5b10b3f0c5f0, L_0x5b10b3ef0580, C4<1>, C4<1>;
L_0x7c1d1eaac428 .functor BUFT 1, C4<11111111111111111111111111111111>, C4<0>, C4<0>, C4<0>;
L_0x5b10b3ef07c0 .functor AND 32, L_0x5b10b3f0c660, L_0x7c1d1eaac428, C4<11111111111111111111111111111111>, C4<11111111111111111111111111111111>;
L_0x5b10b3ef0a00 .functor AND 1, L_0x5b10b3f0c5f0, L_0x5b10b3ef08c0, C4<1>, C4<1>;
L_0x7c1d1eaac4b8 .functor BUFT 1, C4<11001111111111111111111111111111>, C4<0>, C4<0>, C4<0>;
L_0x5b10b3ef0ac0 .functor AND 32, L_0x5b10b3f0c660, L_0x7c1d1eaac4b8, C4<11111111111111111111111111111111>, C4<11111111111111111111111111111111>;
L_0x5b10b3ef0cc0 .functor AND 1, L_0x5b10b3f0c5f0, L_0x5b10b3ef0b80, C4<1>, C4<1>;
L_0x7c1d1eaac548 .functor BUFT 1, C4<00000000000000000111000001111111>, C4<0>, C4<0>, C4<0>;
L_0x5b10b3ef0e20 .functor AND 32, L_0x5b10b3f0c660, L_0x7c1d1eaac548, C4<11111111111111111111111111111111>, C4<11111111111111111111111111111111>;
L_0x5b10b3ef1020 .functor AND 1, L_0x5b10b3f0c5f0, L_0x5b10b3ef0ee0, C4<1>, C4<1>;
L_0x7c1d1eaac5d8 .functor BUFT 1, C4<00000000000000000111000001111111>, C4<0>, C4<0>, C4<0>;
L_0x5b10b3ef1130 .functor AND 32, L_0x5b10b3f0c660, L_0x7c1d1eaac5d8, C4<11111111111111111111111111111111>, C4<11111111111111111111111111111111>;
L_0x5b10b3ef1330 .functor AND 1, L_0x5b10b3f0c5f0, L_0x5b10b3ef11f0, C4<1>, C4<1>;
L_0x7c1d1eaac668 .functor BUFT 1, C4<00000000000000000111000001111111>, C4<0>, C4<0>, C4<0>;
L_0x5b10b3ef13f0 .functor AND 32, L_0x5b10b3f0c660, L_0x7c1d1eaac668, C4<11111111111111111111111111111111>, C4<11111111111111111111111111111111>;
L_0x5b10b3ef15a0 .functor AND 1, L_0x5b10b3f0c5f0, L_0x5b10b3ef1460, C4<1>, C4<1>;
L_0x7c1d1eaac6f8 .functor BUFT 1, C4<00000000000000000111000001111111>, C4<0>, C4<0>, C4<0>;
L_0x5b10b3ef16d0 .functor AND 32, L_0x5b10b3f0c660, L_0x7c1d1eaac6f8, C4<11111111111111111111111111111111>, C4<11111111111111111111111111111111>;
L_0x5b10b3ef1920 .functor AND 1, L_0x5b10b3f0c5f0, L_0x5b10b3ef1790, C4<1>, C4<1>;
L_0x7c1d1eaac788 .functor BUFT 1, C4<00000000000000000111000001111111>, C4<0>, C4<0>, C4<0>;
L_0x5b10b3ef1660 .functor AND 32, L_0x5b10b3f0c660, L_0x7c1d1eaac788, C4<11111111111111111111111111111111>, C4<11111111111111111111111111111111>;
L_0x5b10b3ef1b70 .functor AND 1, L_0x5b10b3f0c5f0, L_0x5b10b3ef1a30, C4<1>, C4<1>;
L_0x7c1d1eaac818 .functor BUFT 1, C4<00000000000000000111000001111111>, C4<0>, C4<0>, C4<0>;
L_0x5b10b3ef1cc0 .functor AND 32, L_0x5b10b3f0c660, L_0x7c1d1eaac818, C4<11111111111111111111111111111111>, C4<11111111111111111111111111111111>;
L_0x5b10b3ef1ec0 .functor AND 1, L_0x5b10b3f0c5f0, L_0x5b10b3ef1d80, C4<1>, C4<1>;
L_0x7c1d1eaac8a8 .functor BUFT 1, C4<11111111111111111000111111111111>, C4<0>, C4<0>, C4<0>;
L_0x5b10b3ef1fd0 .functor AND 32, L_0x5b10b3f0c660, L_0x7c1d1eaac8a8, C4<11111111111111111111111111111111>, C4<11111111111111111111111111111111>;
L_0x5b10b3ef21d0 .functor AND 1, L_0x5b10b3f0c5f0, L_0x5b10b3ef2090, C4<1>, C4<1>;
L_0x7c1d1eaac938 .functor BUFT 1, C4<00000000000000000111000001111111>, C4<0>, C4<0>, C4<0>;
L_0x5b10b3ef2340 .functor AND 32, L_0x5b10b3f0c660, L_0x7c1d1eaac938, C4<11111111111111111111111111111111>, C4<11111111111111111111111111111111>;
L_0x5b10b3ef2510 .functor AND 1, L_0x5b10b3f0c5f0, L_0x5b10b3ef1f30, C4<1>, C4<1>;
L_0x7c1d1eaac9c8 .functor BUFT 1, C4<11111110000000000111111111111111>, C4<0>, C4<0>, C4<0>;
L_0x5b10b3ef2290 .functor AND 32, L_0x5b10b3f0c660, L_0x7c1d1eaac9c8, C4<11111111111111111111111111111111>, C4<11111111111111111111111111111111>;
L_0x5b10b3ef2820 .functor AND 1, L_0x5b10b3f0c5f0, L_0x5b10b3ef26e0, C4<1>, C4<1>;
L_0x7c1d1eaaca58 .functor BUFT 1, C4<00000000000000000111000001111111>, C4<0>, C4<0>, C4<0>;
L_0x5b10b3ef25d0 .functor AND 32, L_0x5b10b3f0c660, L_0x7c1d1eaaca58, C4<11111111111111111111111111111111>, C4<11111111111111111111111111111111>;
L_0x5b10b3ef24a0 .functor AND 1, L_0x5b10b3f0c5f0, L_0x5b10b3ef29b0, C4<1>, C4<1>;
L_0x5b10b3ef28e0 .functor OR 1, v0x5b10b3ca5810_0, v0x5b10b3c286d0_0, C4<0>, C4<0>;
L_0x5b10b3ef2c20 .functor AND 1, L_0x5b10b3f0c5f0, L_0x5b10b3ef28e0, C4<1>, C4<1>;
L_0x5b10b3ef2b40 .functor AND 1, L_0x5b10b3ef2c20, v0x5b10b3ccded0_0, C4<1>, C4<1>;
L_0x5b10b3ef2ff0 .functor AND 1, L_0x5b10b3ef2b40, L_0x5b10b3ef2e20, C4<1>, C4<1>;
L_0x5b10b3ef4110 .functor AND 1, L_0x5b10b3ef0cc0, L_0x5b10b3ef4070, C4<1>, C4<1>;
L_0x5b10b3ef4220 .functor BUFZ 32, v0x5b10b3d2a8d0_0, C4<00000000000000000000000000000000>, C4<00000000000000000000000000000000>, C4<00000000000000000000000000000000>;
L_0x5b10b3ef3100 .functor BUFZ 1, v0x5b10b3d2a990_0, C4<0>, C4<0>, C4<0>;
L_0x5b10b3ef3170 .functor BUFZ 32, v0x5b10b3ccde10_0, C4<00000000000000000000000000000000>, C4<00000000000000000000000000000000>, C4<00000000000000000000000000000000>;
L_0x5b10b3ef43b0 .functor BUFZ 6, v0x5b10b3d30370_0, C4<000000>, C4<000000>, C4<000000>;
L_0x5b10b3ef4cb0 .functor BUFZ 32, v0x5b10b3d84b90_0, C4<00000000000000000000000000000000>, C4<00000000000000000000000000000000>, C4<00000000000000000000000000000000>;
L_0x5b10b3ef4d20 .functor BUFZ 1, v0x5b10b3ca4e60_0, C4<0>, C4<0>, C4<0>;
v0x5b10b3d51df0_0 .net/2u *"_ivl_0", 31 0, L_0x7c1d1eaac398;  1 drivers
v0x5b10b3d6c480_0 .net/2u *"_ivl_10", 31 0, L_0x7c1d1eaac428;  1 drivers
v0x5b10b3bd9d10_0 .net/2u *"_ivl_102", 31 0, L_0x7c1d1eaac938;  1 drivers
v0x5b10b3ca1d10_0 .net *"_ivl_104", 31 0, L_0x5b10b3ef2340;  1 drivers
L_0x7c1d1eaac980 .functor BUFT 1, C4<00000000000000000000000000001111>, C4<0>, C4<0>, C4<0>;
v0x5b10b3cf5d40_0 .net/2u *"_ivl_106", 31 0, L_0x7c1d1eaac980;  1 drivers
v0x5b10b3cf5f40_0 .net *"_ivl_108", 0 0, L_0x5b10b3ef1f30;  1 drivers
v0x5b10b3d2a3b0_0 .net/2u *"_ivl_112", 31 0, L_0x7c1d1eaac9c8;  1 drivers
v0x5b10b3c28050_0 .net *"_ivl_114", 31 0, L_0x5b10b3ef2290;  1 drivers
L_0x7c1d1eaaca10 .functor BUFT 1, C4<00010010000000000000000001110011>, C4<0>, C4<0>, C4<0>;
v0x5b10b3bebbf0_0 .net/2u *"_ivl_116", 31 0, L_0x7c1d1eaaca10;  1 drivers
v0x5b10b3d8c0d0_0 .net *"_ivl_118", 0 0, L_0x5b10b3ef26e0;  1 drivers
v0x5b10b3d8cf70_0 .net *"_ivl_12", 31 0, L_0x5b10b3ef07c0;  1 drivers
v0x5b10b3d8a960_0 .net/2u *"_ivl_122", 31 0, L_0x7c1d1eaaca58;  1 drivers
v0x5b10b3d8d2a0_0 .net *"_ivl_124", 31 0, L_0x5b10b3ef25d0;  1 drivers
L_0x7c1d1eaacaa0 .functor BUFT 1, C4<00000000000000000001000000001111>, C4<0>, C4<0>, C4<0>;
v0x5b10b3d82500_0 .net/2u *"_ivl_126", 31 0, L_0x7c1d1eaacaa0;  1 drivers
v0x5b10b3d827e0_0 .net *"_ivl_128", 0 0, L_0x5b10b3ef29b0;  1 drivers
v0x5b10b3db3350_0 .net *"_ivl_133", 0 0, L_0x5b10b3ef28e0;  1 drivers
v0x5b10b3dd5610_0 .net *"_ivl_135", 0 0, L_0x5b10b3ef2c20;  1 drivers
v0x5b10b3ce1da0_0 .net *"_ivl_137", 0 0, L_0x5b10b3ef2b40;  1 drivers
v0x5b10b3c7dd40_0 .net *"_ivl_139", 11 0, L_0x5b10b3ef2d80;  1 drivers
L_0x7c1d1eaac470 .functor BUFT 1, C4<00000000000100000000000001110011>, C4<0>, C4<0>, C4<0>;
v0x5b10b3c7d7e0_0 .net/2u *"_ivl_14", 31 0, L_0x7c1d1eaac470;  1 drivers
L_0x7c1d1eaacae8 .functor BUFT 1, C4<000110000000>, C4<0>, C4<0>, C4<0>;
v0x5b10b3c7d1f0_0 .net/2u *"_ivl_140", 11 0, L_0x7c1d1eaacae8;  1 drivers
v0x5b10b3c7cb80_0 .net *"_ivl_142", 0 0, L_0x5b10b3ef2e20;  1 drivers
L_0x7c1d1eaacd28 .functor BUFT 1, C4<000000000000>, C4<0>, C4<0>, C4<0>;
v0x5b10b3ca1400_0 .net/2u *"_ivl_152", 11 0, L_0x7c1d1eaacd28;  1 drivers
v0x5b10b3ca0dd0_0 .net *"_ivl_156", 0 0, L_0x5b10b3ef4070;  1 drivers
v0x5b10b3c9fc30_0 .net *"_ivl_16", 0 0, L_0x5b10b3ef08c0;  1 drivers
L_0x7c1d1eaacd70 .functor BUFT 1, C4<001>, C4<0>, C4<0>, C4<0>;
v0x5b10b3d67060_0 .net/2u *"_ivl_172", 2 0, L_0x7c1d1eaacd70;  1 drivers
v0x5b10b3d60f00_0 .net *"_ivl_174", 0 0, L_0x5b10b3ef4300;  1 drivers
L_0x7c1d1eaacdb8 .functor BUFT 1, C4<1>, C4<0>, C4<0>, C4<0>;
v0x5b10b3d81e30_0 .net/2u *"_ivl_176", 0 0, L_0x7c1d1eaacdb8;  1 drivers
L_0x7c1d1eaace00 .functor BUFT 1, C4<001>, C4<0>, C4<0>, C4<0>;
v0x5b10b3d7bcd0_0 .net/2u *"_ivl_180", 2 0, L_0x7c1d1eaace00;  1 drivers
v0x5b10b3ccbfc0_0 .net *"_ivl_182", 0 0, L_0x5b10b3ef4760;  1 drivers
v0x5b10b3cc7c70_0 .net *"_ivl_187", 0 0, L_0x5b10b3ef4a00;  1 drivers
L_0x7c1d1eaace48 .functor BUFT 1, C4<11>, C4<0>, C4<0>, C4<0>;
v0x5b10b3cc5b40_0 .net/2u *"_ivl_188", 1 0, L_0x7c1d1eaace48;  1 drivers
v0x5b10b3cc1ef0_0 .net *"_ivl_193", 0 0, L_0x5b10b3ef4c10;  1 drivers
v0x5b10b3cc1f90_0 .net *"_ivl_195", 1 0, L_0x5b10b3ef4aa0;  1 drivers
v0x5b10b3620290_0 .net *"_ivl_2", 31 0, L_0x5b10b3eeffc0;  1 drivers
v0x5b10b3620370_0 .net/2u *"_ivl_20", 31 0, L_0x7c1d1eaac4b8;  1 drivers
v0x5b10b3cf2960_0 .net *"_ivl_22", 31 0, L_0x5b10b3ef0ac0;  1 drivers
L_0x7c1d1eaac500 .functor BUFT 1, C4<00000000001000000000000001110011>, C4<0>, C4<0>, C4<0>;
v0x5b10b3cee5d0_0 .net/2u *"_ivl_24", 31 0, L_0x7c1d1eaac500;  1 drivers
v0x5b10b3cec3b0_0 .net *"_ivl_26", 0 0, L_0x5b10b3ef0b80;  1 drivers
v0x5b10b3ce8760_0 .net/2u *"_ivl_32", 31 0, L_0x7c1d1eaac548;  1 drivers
v0x5b10b3d432f0_0 .net *"_ivl_34", 31 0, L_0x5b10b3ef0e20;  1 drivers
L_0x7c1d1eaac590 .functor BUFT 1, C4<00000000000000000001000001110011>, C4<0>, C4<0>, C4<0>;
v0x5b10b3d42860_0 .net/2u *"_ivl_36", 31 0, L_0x7c1d1eaac590;  1 drivers
v0x5b10b3d41dd0_0 .net *"_ivl_38", 0 0, L_0x5b10b3ef0ee0;  1 drivers
L_0x7c1d1eaac3e0 .functor BUFT 1, C4<00000000000000000000000001110011>, C4<0>, C4<0>, C4<0>;
v0x5b10b3d3da60_0 .net/2u *"_ivl_4", 31 0, L_0x7c1d1eaac3e0;  1 drivers
v0x5b10b3c38c90_0 .net/2u *"_ivl_42", 31 0, L_0x7c1d1eaac5d8;  1 drivers
v0x5b10b3c8adf0_0 .net *"_ivl_44", 31 0, L_0x5b10b3ef1130;  1 drivers
L_0x7c1d1eaac620 .functor BUFT 1, C4<00000000000000000010000001110011>, C4<0>, C4<0>, C4<0>;
v0x5b10b3c89fa0_0 .net/2u *"_ivl_46", 31 0, L_0x7c1d1eaac620;  1 drivers
v0x5b10b3becb20_0 .net *"_ivl_48", 0 0, L_0x5b10b3ef11f0;  1 drivers
v0x5b10b3d8ace0_0 .net/2u *"_ivl_52", 31 0, L_0x7c1d1eaac668;  1 drivers
v0x5b10b3c255f0_0 .net *"_ivl_54", 31 0, L_0x5b10b3ef13f0;  1 drivers
L_0x7c1d1eaac6b0 .functor BUFT 1, C4<00000000000000000011000001110011>, C4<0>, C4<0>, C4<0>;
v0x5b10b3c53d70_0 .net/2u *"_ivl_56", 31 0, L_0x7c1d1eaac6b0;  1 drivers
v0x5b10b3d8d6d0_0 .net *"_ivl_58", 0 0, L_0x5b10b3ef1460;  1 drivers
v0x5b10b3ccfa10_0 .net *"_ivl_6", 0 0, L_0x5b10b3ef0580;  1 drivers
v0x5b10b3d235e0_0 .net/2u *"_ivl_62", 31 0, L_0x7c1d1eaac6f8;  1 drivers
v0x5b10b3bda580_0 .net *"_ivl_64", 31 0, L_0x5b10b3ef16d0;  1 drivers
L_0x7c1d1eaac740 .functor BUFT 1, C4<00000000000000000101000001110011>, C4<0>, C4<0>, C4<0>;
v0x5b10b3a3c320_0 .net/2u *"_ivl_66", 31 0, L_0x7c1d1eaac740;  1 drivers
v0x5b10b3bed620_0 .net *"_ivl_68", 0 0, L_0x5b10b3ef1790;  1 drivers
v0x5b10b3bed6e0_0 .net/2u *"_ivl_72", 31 0, L_0x7c1d1eaac788;  1 drivers
v0x5b10b3bed100_0 .net *"_ivl_74", 31 0, L_0x5b10b3ef1660;  1 drivers
L_0x7c1d1eaac7d0 .functor BUFT 1, C4<00000000000000000110000001110011>, C4<0>, C4<0>, C4<0>;
v0x5b10b3bee890_0 .net/2u *"_ivl_76", 31 0, L_0x7c1d1eaac7d0;  1 drivers
v0x5b10b3bf0be0_0 .net *"_ivl_78", 0 0, L_0x5b10b3ef1a30;  1 drivers
v0x5b10b3bf0ca0_0 .net/2u *"_ivl_82", 31 0, L_0x7c1d1eaac818;  1 drivers
v0x5b10b3bf0840_0 .net *"_ivl_84", 31 0, L_0x5b10b3ef1cc0;  1 drivers
L_0x7c1d1eaac860 .functor BUFT 1, C4<00000000000000000111000001110011>, C4<0>, C4<0>, C4<0>;
v0x5b10b3d8d8c0_0 .net/2u *"_ivl_86", 31 0, L_0x7c1d1eaac860;  1 drivers
v0x5b10b3d8f110_0 .net *"_ivl_88", 0 0, L_0x5b10b3ef1d80;  1 drivers
v0x5b10b3668e40_0 .net/2u *"_ivl_92", 31 0, L_0x7c1d1eaac8a8;  1 drivers
v0x5b10b3d8f1b0_0 .net *"_ivl_94", 31 0, L_0x5b10b3ef1fd0;  1 drivers
L_0x7c1d1eaac8f0 .functor BUFT 1, C4<00010000010100000000000001110011>, C4<0>, C4<0>, C4<0>;
v0x5b10b3d8b300_0 .net/2u *"_ivl_96", 31 0, L_0x7c1d1eaac8f0;  1 drivers
v0x5b10b3d8aee0_0 .net *"_ivl_98", 0 0, L_0x5b10b3ef2090;  1 drivers
v0x5b10b3d8afa0_0 .net "branch_csr_pc_o", 31 0, L_0x5b10b3ef4610;  alias, 1 drivers
v0x5b10b3d8f4b0_0 .net "branch_csr_priv_o", 1 0, L_0x5b10b3ef48a0;  alias, 1 drivers
v0x5b10b3d84f70_0 .net "branch_csr_request_o", 0 0, L_0x5b10b3ef3fd0;  alias, 1 drivers
v0x5b10b3d85030_0 .var "branch_q", 0 0;
v0x5b10b3d84d10_0 .var "branch_target_q", 31 0;
v0x5b10b3d84dd0_0 .net "clk_i", 0 0, v0x5b10b3e64cc0_0;  alias, 1 drivers
v0x5b10b3c286d0_0 .var "clr_r", 0 0;
v0x5b10b3c28770_0 .net "cpu_id_i", 31 0, L_0x7c1d1eaade98;  alias, 1 drivers
v0x5b10b3c27a80_0 .net "csr_branch_w", 0 0, L_0x5b10b3ef3ca0;  1 drivers
v0x5b10b3c1caa0_0 .var "csr_fault_r", 0 0;
v0x5b10b3c1cb40_0 .var "csr_priv_r", 1 0;
v0x5b10b3bf3a00_0 .net "csr_rdata_w", 31 0, L_0x5b10b3ef37f0;  1 drivers
v0x5b10b3ccf720_0 .var "csr_readonly_r", 0 0;
v0x5b10b3ccf7c0_0 .net "csr_result_e1_exception_o", 5 0, L_0x5b10b3ef43b0;  alias, 1 drivers
v0x5b10b3ccea80_0 .net "csr_result_e1_value_o", 31 0, L_0x5b10b3ef4220;  alias, 1 drivers
v0x5b10b3cce670_0 .net "csr_result_e1_wdata_o", 31 0, L_0x5b10b3ef3170;  alias, 1 drivers
v0x5b10b3cce260_0 .net "csr_result_e1_write_o", 0 0, L_0x5b10b3ef3100;  alias, 1 drivers
v0x5b10b3cce320_0 .net "csr_target_w", 31 0, L_0x5b10b3ef3d60;  1 drivers
v0x5b10b3ccde10_0 .var "csr_wdata_e1_q", 31 0;
v0x5b10b3ccded0_0 .var "csr_write_r", 0 0;
v0x5b10b3ca2c90_0 .net "csr_writeback_exception_addr_i", 31 0, L_0x5b10b3f03070;  alias, 1 drivers
v0x5b10b3ccda50_0 .net "csr_writeback_exception_i", 5 0, L_0x5b10b3efe380;  alias, 1 drivers
v0x5b10b3ccc840_0 .net "csr_writeback_exception_pc_i", 31 0, L_0x5b10b3f02d50;  alias, 1 drivers
v0x5b10b3ca2790_0 .net "csr_writeback_waddr_i", 11 0, L_0x5b10b3efd740;  alias, 1 drivers
v0x5b10b3ca2850_0 .net "csr_writeback_wdata_i", 31 0, L_0x5b10b3efd7e0;  alias, 1 drivers
v0x5b10b3ca2410_0 .net "csr_writeback_write_i", 0 0, v0x5b10b3e18720_0;  alias, 1 drivers
v0x5b10b3ca24b0_0 .net "csrrc_w", 0 0, L_0x5b10b3ef15a0;  1 drivers
v0x5b10b3ca7400_0 .net "csrrci_w", 0 0, L_0x5b10b3ef1ec0;  1 drivers
v0x5b10b3ca74c0_0 .net "csrrs_w", 0 0, L_0x5b10b3ef1330;  1 drivers
v0x5b10b3ca6f60_0 .net "csrrsi_w", 0 0, L_0x5b10b3ef1b70;  1 drivers
v0x5b10b3ca7020_0 .net "csrrw_w", 0 0, L_0x5b10b3ef1020;  1 drivers
v0x5b10b3d31450_0 .net "csrrwi_w", 0 0, L_0x5b10b3ef1920;  1 drivers
v0x5b10b3d314f0_0 .net "current_priv_w", 1 0, v0x5b10b37ddc90_0;  1 drivers
v0x5b10b3d310f0_0 .var "data_r", 31 0;
v0x5b10b3d311b0_0 .net "ebreak_w", 0 0, L_0x5b10b3ef0a00;  1 drivers
v0x5b10b3d30c30_0 .net "ecall_w", 0 0, L_0x5b10b3ef06c0;  1 drivers
v0x5b10b3d30cf0_0 .net "eret_fault_w", 0 0, L_0x5b10b3ef4110;  1 drivers
v0x5b10b3d30770_0 .net "eret_priv_w", 1 0, L_0x5b10b3ef0d80;  1 drivers
v0x5b10b3d302b0_0 .net "eret_w", 0 0, L_0x5b10b3ef0cc0;  1 drivers
v0x5b10b3d30370_0 .var "exception_e1_q", 5 0;
v0x5b10b3d2fdf0_0 .net "fence_w", 0 0, L_0x5b10b3ef2510;  1 drivers
v0x5b10b3d2feb0_0 .net "ifence_o", 0 0, v0x5b10b3d2f930_0;  alias, 1 drivers
v0x5b10b3d2f930_0 .var "ifence_q", 0 0;
v0x5b10b3d2f9f0_0 .net "ifence_w", 0 0, L_0x5b10b3ef24a0;  1 drivers
v0x5b10b3d2f470_0 .var "init_done", 2 0;
v0x5b10b3d2f530_0 .net "interrupt_inhibit_i", 0 0, L_0x5b10b3f06530;  alias, 1 drivers
v0x5b10b3d2ef70_0 .net "interrupt_w", 31 0, L_0x5b10b3ef3200;  1 drivers
v0x5b10b3d2ec10_0 .net "intr_i", 0 0, L_0x7c1d1eaade08;  alias, 1 drivers
L_0x7c1d1eaacb78 .functor BUFT 1, C4<01000000000000000001000100000000>, C4<0>, C4<0>, C4<0>;
v0x5b10b3d2e750_0 .net "misa_w", 31 0, L_0x7c1d1eaacb78;  1 drivers
v0x5b10b3ca6770_0 .net "mmu_flush_o", 0 0, L_0x5b10b3ef4d20;  alias, 1 drivers
v0x5b10b3ca6810_0 .net "mmu_mxr_o", 0 0, L_0x5b10b3ef5220;  alias, 1 drivers
v0x5b10b3d2e290_0 .net "mmu_priv_d_o", 1 0, L_0x5b10b3ef4e20;  alias, 1 drivers
v0x5b10b3d2e350_0 .net "mmu_satp_o", 31 0, L_0x5b10b3ef4cb0;  alias, 1 drivers
v0x5b10b3d2ddd0_0 .net "mmu_sum_o", 0 0, L_0x5b10b3ef5180;  alias, 1 drivers
v0x5b10b3d2de90_0 .net "opcode_invalid_i", 0 0, L_0x5b10b3f0d8f0;  alias, 1 drivers
v0x5b10b3d2d910_0 .net "opcode_opcode_i", 31 0, L_0x5b10b3f0c660;  alias, 1 drivers
v0x5b10b3d2d450_0 .net "opcode_pc_i", 31 0, L_0x5b10b3f0c6d0;  alias, 1 drivers
v0x5b10b3d2cf90_0 .net "opcode_ra_idx_i", 4 0, L_0x5b10b3f0ce30;  alias, 1 drivers
v0x5b10b3d2c330_0 .net "opcode_ra_operand_i", 31 0, L_0x5b10b3f0d2c0;  alias, 1 drivers
v0x5b10b3ca6250_0 .net "opcode_rb_idx_i", 4 0, L_0x5b10b3f0d1c0;  alias, 1 drivers
v0x5b10b3ca62f0_0 .net "opcode_rb_operand_i", 31 0, L_0x5b10b3f0d770;  alias, 1 drivers
v0x5b10b3d2ba60_0 .net "opcode_rd_idx_i", 4 0, L_0x5b10b3f0c740;  alias, 1 drivers
v0x5b10b3d2aa70_0 .net "opcode_valid_i", 0 0, L_0x5b10b3f0c5f0;  alias, 1 drivers
v0x5b10b3d2a8d0_0 .var "rd_result_e1_q", 31 0;
v0x5b10b3d2a990_0 .var "rd_valid_e1_q", 0 0;
v0x5b10b3ca5d30_0 .net "reset_vector_i", 31 0, L_0x7c1d1eaade50;  alias, 1 drivers
v0x5b10b3ca5df0_0 .net "rst_i", 0 0, v0x5b10b3e65f10_0;  alias, 1 drivers
v0x5b10b3d080e0_0 .net "satp_reg_w", 31 0, v0x5b10b3d84b90_0;  1 drivers
v0x5b10b3d08180_0 .net "satp_update_w", 0 0, L_0x5b10b3ef2ff0;  1 drivers
v0x5b10b3ca5810_0 .var "set_r", 0 0;
v0x5b10b3ca58b0_0 .net "sfence_w", 0 0, L_0x5b10b3ef2820;  1 drivers
v0x5b10b3ca52f0_0 .net "status_reg_w", 31 0, v0x5b10b3d2ac90_0;  1 drivers
v0x5b10b3d034d0_0 .net "take_interrupt_o", 0 0, v0x5b10b3d03570_0;  alias, 1 drivers
v0x5b10b3d03570_0 .var "take_interrupt_q", 0 0;
L_0x7c1d1eaacb30 .functor BUFT 1, C4<0>, C4<0>, C4<0>, C4<0>;
v0x5b10b3d03050_0 .net "timer_irq_w", 0 0, L_0x7c1d1eaacb30;  1 drivers
v0x5b10b3ca4e60_0 .var "tlb_flush_q", 0 0;
v0x5b10b3ca4f00_0 .net "wfi_w", 0 0, L_0x5b10b3ef21d0;  1 drivers
E_0x5b10b35f6500/0 .event edge, v0x5b10b3ca7020_0, v0x5b10b3ca74c0_0, v0x5b10b3d31450_0, v0x5b10b3ca6f60_0;
E_0x5b10b35f6500/1 .event edge, v0x5b10b3ca24b0_0, v0x5b10b3ca7400_0, v0x5b10b3d2d910_0, v0x5b10b3d2cf90_0;
E_0x5b10b35f6500/2 .event edge, v0x5b10b3d2c330_0;
E_0x5b10b35f6500 .event/or E_0x5b10b35f6500/0, E_0x5b10b35f6500/1, E_0x5b10b35f6500/2;
L_0x5b10b3ef0580 .cmp/eq 32, L_0x5b10b3eeffc0, L_0x7c1d1eaac3e0;
L_0x5b10b3ef08c0 .cmp/eq 32, L_0x5b10b3ef07c0, L_0x7c1d1eaac470;
L_0x5b10b3ef0b80 .cmp/eq 32, L_0x5b10b3ef0ac0, L_0x7c1d1eaac500;
L_0x5b10b3ef0d80 .part L_0x5b10b3f0c660, 28, 2;
L_0x5b10b3ef0ee0 .cmp/eq 32, L_0x5b10b3ef0e20, L_0x7c1d1eaac590;
L_0x5b10b3ef11f0 .cmp/eq 32, L_0x5b10b3ef1130, L_0x7c1d1eaac620;
L_0x5b10b3ef1460 .cmp/eq 32, L_0x5b10b3ef13f0, L_0x7c1d1eaac6b0;
L_0x5b10b3ef1790 .cmp/eq 32, L_0x5b10b3ef16d0, L_0x7c1d1eaac740;
L_0x5b10b3ef1a30 .cmp/eq 32, L_0x5b10b3ef1660, L_0x7c1d1eaac7d0;
L_0x5b10b3ef1d80 .cmp/eq 32, L_0x5b10b3ef1cc0, L_0x7c1d1eaac860;
L_0x5b10b3ef2090 .cmp/eq 32, L_0x5b10b3ef1fd0, L_0x7c1d1eaac8f0;
L_0x5b10b3ef1f30 .cmp/eq 32, L_0x5b10b3ef2340, L_0x7c1d1eaac980;
L_0x5b10b3ef26e0 .cmp/eq 32, L_0x5b10b3ef2290, L_0x7c1d1eaaca10;
L_0x5b10b3ef29b0 .cmp/eq 32, L_0x5b10b3ef25d0, L_0x7c1d1eaacaa0;
L_0x5b10b3ef2d80 .part L_0x5b10b3f0c660, 20, 12;
L_0x5b10b3ef2e20 .cmp/eq 12, L_0x5b10b3ef2d80, L_0x7c1d1eaacae8;
L_0x5b10b3ef3e90 .part L_0x5b10b3f0c660, 20, 12;
L_0x5b10b3ef3f30 .functor MUXZ 12, L_0x7c1d1eaacd28, L_0x5b10b3efd740, v0x5b10b3e18720_0, C4<>;
L_0x5b10b3ef4070 .cmp/gt 2, L_0x5b10b3ef0d80, v0x5b10b37ddc90_0;
L_0x5b10b3ef4300 .cmp/eq 3, v0x5b10b3d2f470_0, L_0x7c1d1eaacd70;
L_0x5b10b3ef3fd0 .functor MUXZ 1, v0x5b10b3d85030_0, L_0x7c1d1eaacdb8, L_0x5b10b3ef4300, C4<>;
L_0x5b10b3ef4760 .cmp/eq 3, v0x5b10b3d2f470_0, L_0x7c1d1eaace00;
L_0x5b10b3ef4610 .functor MUXZ 32, v0x5b10b3d84d10_0, L_0x7c1d1eaade50, L_0x5b10b3ef4760, C4<>;
L_0x5b10b3ef4a00 .part v0x5b10b3d84b90_0, 31, 1;
L_0x5b10b3ef48a0 .functor MUXZ 2, L_0x7c1d1eaace48, v0x5b10b37ddc90_0, L_0x5b10b3ef4a00, C4<>;
L_0x5b10b3ef4c10 .part v0x5b10b3d2ac90_0, 17, 1;
L_0x5b10b3ef4aa0 .part v0x5b10b3d2ac90_0, 11, 2;
L_0x5b10b3ef4e20 .functor MUXZ 2, v0x5b10b37ddc90_0, L_0x5b10b3ef4aa0, L_0x5b10b3ef4c10, C4<>;
L_0x5b10b3ef5180 .part v0x5b10b3d2ac90_0, 18, 1;
L_0x5b10b3ef5220 .part v0x5b10b3d2ac90_0, 19, 1;
S_0x5b10b3bec770 .scope module, "u_csrfile" "biriscv_csr_regfile" 6 155, 7 25 0, S_0x5b10b3bf1100;
 .timescale 0 0;
    .port_info 0 /INPUT 1 "clk_i";
    .port_info 1 /INPUT 1 "rst_i";
    .port_info 2 /INPUT 1 "ext_intr_i";
    .port_info 3 /INPUT 1 "timer_intr_i";
    .port_info 4 /INPUT 32 "cpu_id_i";
    .port_info 5 /INPUT 32 "misa_i";
    .port_info 6 /INPUT 6 "exception_i";
    .port_info 7 /INPUT 32 "exception_pc_i";
    .port_info 8 /INPUT 32 "exception_addr_i";
    .port_info 9 /INPUT 1 "csr_ren_i";
    .port_info 10 /INPUT 12 "csr_raddr_i";
    .port_info 11 /OUTPUT 32 "csr_rdata_o";
    .port_info 12 /INPUT 12 "csr_waddr_i";
    .port_info 13 /INPUT 32 "csr_wdata_i";
    .port_info 14 /OUTPUT 1 "csr_branch_o";
    .port_info 15 /OUTPUT 32 "csr_target_o";
    .port_info 16 /OUTPUT 2 "priv_o";
    .port_info 17 /OUTPUT 32 "status_o";
    .port_info 18 /OUTPUT 32 "satp_o";
    .port_info 19 /OUTPUT 32 "interrupt_o";
P_0x5b10b35fb8e0 .param/l "SUPPORT_MTIMECMP" 0 7 30, +C4<00000000000000000000000000000001>;
P_0x5b10b35fb920 .param/l "SUPPORT_SUPER" 0 7 31, +C4<00000000000000000000000000000000>;
L_0x5b10b3ef3200 .functor BUFZ 32, v0x5b10b36e77a0_0, C4<00000000000000000000000000000000>, C4<00000000000000000000000000000000>, C4<00000000000000000000000000000000>;
L_0x5b10b3ef3360 .functor AND 1, L_0x5b10b3f0c5f0, L_0x5b10b3ef3270, C4<1>, C4<1>;
L_0x5b10b3ef3560 .functor AND 1, L_0x5b10b3f0c5f0, L_0x5b10b3ef3420, C4<1>, C4<1>;
L_0x5b10b3ef3620 .functor OR 1, L_0x5b10b3ef3360, L_0x5b10b3ef3560, C4<0>, C4<0>;
L_0x5b10b3ef3730 .functor OR 1, L_0x5b10b3ef3620, v0x5b10b37d5d00_0, C4<0>, C4<0>;
L_0x5b10b3ef37f0 .functor BUFZ 32, v0x5b10b3bdc500_0, C4<00000000000000000000000000000000>, C4<00000000000000000000000000000000>, C4<00000000000000000000000000000000>;
L_0x7c1d1eaacc50 .functor BUFT 1, C4<110000>, C4<0>, C4<0>, C4<0>;
L_0x5b10b3ef3b40 .functor AND 6, L_0x5b10b3efe380, L_0x7c1d1eaacc50, C4<111111>, C4<111111>;
L_0x5b10b3ef3ca0 .functor BUFZ 1, v0x5b10b3718b80_0, C4<0>, C4<0>, C4<0>;
L_0x5b10b3ef3d60 .functor BUFZ 32, v0x5b10b3718580_0, C4<00000000000000000000000000000000>, C4<00000000000000000000000000000000>, C4<00000000000000000000000000000000>;
v0x5b10b367d9f0_0 .net *"_ivl_10", 0 0, L_0x5b10b3ef3420;  1 drivers
v0x5b10b38e34f0_0 .net *"_ivl_13", 0 0, L_0x5b10b3ef3560;  1 drivers
v0x5b10b38e3370_0 .net *"_ivl_14", 0 0, L_0x5b10b3ef3620;  1 drivers
L_0x7c1d1eaacbc0 .functor BUFT 1, C4<001101000100>, C4<0>, C4<0>, C4<0>;
v0x5b10b38e2bf0_0 .net/2u *"_ivl_2", 11 0, L_0x7c1d1eaacbc0;  1 drivers
v0x5b10b38e2ef0_0 .net/2u *"_ivl_26", 5 0, L_0x7c1d1eaacc50;  1 drivers
v0x5b10b38e31f0_0 .net *"_ivl_28", 5 0, L_0x5b10b3ef3b40;  1 drivers
L_0x7c1d1eaacc98 .functor BUFT 1, C4<010000>, C4<0>, C4<0>, C4<0>;
v0x5b10b38e3070_0 .net/2u *"_ivl_30", 5 0, L_0x7c1d1eaacc98;  1 drivers
v0x5b10b3797000_0 .net *"_ivl_4", 0 0, L_0x5b10b3ef3270;  1 drivers
v0x5b10b3717dd0_0 .net *"_ivl_7", 0 0, L_0x5b10b3ef3360;  1 drivers
L_0x7c1d1eaacc08 .functor BUFT 1, C4<000101000100>, C4<0>, C4<0>, C4<0>;
v0x5b10b3718700_0 .net/2u *"_ivl_8", 11 0, L_0x7c1d1eaacc08;  1 drivers
v0x5b10b3718b80_0 .var "branch_r", 0 0;
v0x5b10b3718580_0 .var "branch_target_r", 31 0;
v0x5b10b3718880_0 .net "buffer_mip_w", 0 0, L_0x5b10b3ef3730;  1 drivers
v0x5b10b3718a00_0 .net "clk_i", 0 0, v0x5b10b3e64cc0_0;  alias, 1 drivers
v0x5b10b3784030_0 .net "cpu_id_i", 31 0, L_0x7c1d1eaade98;  alias, 1 drivers
v0x5b10b3700560_0 .net "csr_branch_o", 0 0, L_0x5b10b3ef3ca0;  alias, 1 drivers
v0x5b10b3612950_0 .var "csr_mcause_q", 31 0;
v0x5b10b3717c50_0 .var "csr_mcause_r", 31 0;
v0x5b10b35fbad0_0 .var "csr_mcycle_h_q", 31 0;
v0x5b10b362df70_0 .var "csr_mcycle_q", 31 0;
v0x5b10b363f7b0_0 .var "csr_mcycle_r", 31 0;
v0x5b10b36205e0_0 .var "csr_medeleg_q", 31 0;
v0x5b10b3669010_0 .var "csr_medeleg_r", 31 0;
v0x5b10b36d2170_0 .var "csr_mepc_q", 31 0;
v0x5b10b367dcd0_0 .var "csr_mepc_r", 31 0;
v0x5b10b382b8e0_0 .var "csr_mideleg_q", 31 0;
v0x5b10b38563f0_0 .var "csr_mideleg_r", 31 0;
v0x5b10b387e0c0_0 .var "csr_mie_q", 31 0;
v0x5b10b3859c90_0 .var "csr_mie_r", 31 0;
v0x5b10b388b9a0_0 .var "csr_mip_next_q", 31 0;
v0x5b10b39422a0_0 .var "csr_mip_next_r", 31 0;
v0x5b10b367d8d0_0 .var "csr_mip_q", 31 0;
v0x5b10b382b760_0 .var "csr_mip_r", 31 0;
v0x5b10b37d5d00_0 .var "csr_mip_upd_q", 0 0;
v0x5b10b37ddc90_0 .var "csr_mpriv_q", 1 0;
v0x5b10b3821620_0 .var "csr_mpriv_r", 1 0;
v0x5b10b382ae40_0 .var "csr_mscratch_q", 31 0;
v0x5b10b382b5e0_0 .var "csr_mscratch_r", 31 0;
v0x5b10b382ba60_0 .var "csr_mtime_ie_q", 0 0;
v0x5b10b382b460_0 .var "csr_mtime_ie_r", 0 0;
v0x5b10b37d5b80_0 .var "csr_mtimecmp_q", 31 0;
v0x5b10b3791980_0 .var "csr_mtimecmp_r", 31 0;
v0x5b10b3745f60_0 .var "csr_mtval_q", 31 0;
v0x5b10b3729eb0_0 .var "csr_mtval_r", 31 0;
v0x5b10b3729a90_0 .var "csr_mtvec_q", 31 0;
v0x5b10b3729d30_0 .var "csr_mtvec_r", 31 0;
v0x5b10b3729bb0_0 .net "csr_raddr_i", 11 0, L_0x5b10b3ef3e90;  1 drivers
v0x5b10b35f3b50_0 .net "csr_rdata_o", 31 0, L_0x5b10b3ef37f0;  alias, 1 drivers
v0x5b10b3dd4ee0_0 .net "csr_ren_i", 0 0, L_0x5b10b3f0c5f0;  alias, 1 drivers
v0x5b10b3d84b90_0 .var "csr_satp_q", 31 0;
v0x5b10b3bed3b0_0 .var "csr_satp_r", 31 0;
v0x5b10b3c1cd70_0 .var "csr_scause_q", 31 0;
v0x5b10b3d32410_0 .var "csr_scause_r", 31 0;
v0x5b10b3d2f220_0 .var "csr_sepc_q", 31 0;
v0x5b10b3d2c5e0_0 .var "csr_sepc_r", 31 0;
v0x5b10b3d2ac90_0 .var "csr_sr_q", 31 0;
v0x5b10b3d08880_0 .var "csr_sr_r", 31 0;
v0x5b10b3cd6100_0 .var "csr_sscratch_q", 31 0;
v0x5b10b3caf890_0 .var "csr_sscratch_r", 31 0;
v0x5b10b3cbb590_0 .var "csr_stval_q", 31 0;
v0x5b10b3c77090_0 .var "csr_stval_r", 31 0;
v0x5b10b3c51680_0 .var "csr_stvec_q", 31 0;
v0x5b10b38e3f40_0 .var "csr_stvec_r", 31 0;
v0x5b10b38e3c20_0 .net "csr_target_o", 31 0, L_0x5b10b3ef3d60;  alias, 1 drivers
v0x5b10b36859f0_0 .net "csr_waddr_i", 11 0, L_0x5b10b3ef3f30;  1 drivers
v0x5b10b387a730_0 .net "csr_wdata_i", 31 0, L_0x5b10b3efd7e0;  alias, 1 drivers
v0x5b10b3856060_0 .net "exception_addr_i", 31 0, L_0x5b10b3f03070;  alias, 1 drivers
v0x5b10b38578a0_0 .net "exception_i", 5 0, L_0x5b10b3efe380;  alias, 1 drivers
v0x5b10b382b2c0_0 .net "exception_pc_i", 31 0, L_0x5b10b3f02d50;  alias, 1 drivers
L_0x7c1d1eaacce0 .functor BUFT 1, C4<0>, C4<0>, C4<0>, C4<0>;
v0x5b10b382afa0_0 .net "exception_s_w", 0 0, L_0x7c1d1eaacce0;  1 drivers
v0x5b10b37183e0_0 .net "ext_intr_i", 0 0, L_0x7c1d1eaade08;  alias, 1 drivers
v0x5b10b37180c0_0 .net "interrupt_o", 31 0, L_0x5b10b3ef3200;  alias, 1 drivers
v0x5b10b36e77a0_0 .var "irq_masked_r", 31 0;
v0x5b10b36ba590_0 .var "irq_pending_r", 31 0;
v0x5b10b3d8fba0_0 .var "irq_priv_q", 1 0;
v0x5b10b3d90090_0 .var "irq_priv_r", 1 0;
v0x5b10b3d90d80_0 .net "is_exception_w", 0 0, L_0x5b10b3ef3bb0;  1 drivers
v0x5b10b3d1cdf0_0 .net "misa_i", 31 0, L_0x7c1d1eaacb78;  alias, 1 drivers
v0x5b10b3bdc400_0 .net "priv_o", 1 0, v0x5b10b37ddc90_0;  alias, 1 drivers
v0x5b10b3bdc500_0 .var "rdata_r", 31 0;
v0x5b10b3c4f420_0 .net "rst_i", 0 0, v0x5b10b3e65f10_0;  alias, 1 drivers
v0x5b10b3c71c80_0 .net "satp_o", 31 0, v0x5b10b3d84b90_0;  alias, 1 drivers
v0x5b10b3d4de70_0 .net "status_o", 31 0, v0x5b10b3d2ac90_0;  alias, 1 drivers
v0x5b10b3d4e340_0 .net "timer_intr_i", 0 0, L_0x7c1d1eaacb30;  alias, 1 drivers
E_0x5b10b35dfb30/0 .event edge, v0x5b10b38578a0_0, v0x5b10b3d8fba0_0, v0x5b10b3729a90_0, v0x5b10b3c51680_0;
E_0x5b10b35dfb30/1 .event edge, v0x5b10b36d2170_0, v0x5b10b3d2f220_0, v0x5b10b3d90d80_0, v0x5b10b382afa0_0;
E_0x5b10b35dfb30/2 .event edge, v0x5b10b382b2c0_0;
E_0x5b10b35dfb30 .event/or E_0x5b10b35dfb30/0, E_0x5b10b35dfb30/1, E_0x5b10b35dfb30/2;
E_0x5b10b35fb970 .event posedge, v0x5b10b3c4f420_0, v0x5b10b3718a00_0;
E_0x5b10b37b5ae0/0 .event edge, v0x5b10b388b9a0_0, v0x5b10b36d2170_0, v0x5b10b3d2ac90_0, v0x5b10b3612950_0;
E_0x5b10b37b5ae0/1 .event edge, v0x5b10b3745f60_0, v0x5b10b3729a90_0, v0x5b10b367d8d0_0, v0x5b10b387e0c0_0;
E_0x5b10b37b5ae0/2 .event edge, v0x5b10b37ddc90_0, v0x5b10b382ae40_0, v0x5b10b362df70_0, v0x5b10b37d5b80_0;
E_0x5b10b37b5ae0/3 .event edge, v0x5b10b382ba60_0, v0x5b10b36205e0_0, v0x5b10b382b8e0_0, v0x5b10b3d2f220_0;
E_0x5b10b37b5ae0/4 .event edge, v0x5b10b3c51680_0, v0x5b10b3c1cd70_0, v0x5b10b3cbb590_0, v0x5b10b3d84b90_0;
E_0x5b10b37b5ae0/5 .event edge, v0x5b10b3cd6100_0, v0x5b10b38578a0_0, v0x5b10b3d8fba0_0, v0x5b10b3d08880_0;
E_0x5b10b37b5ae0/6 .event edge, v0x5b10b382b2c0_0, v0x5b10b37180c0_0, v0x5b10b3d90d80_0, v0x5b10b382afa0_0;
E_0x5b10b37b5ae0/7 .event edge, v0x5b10b3856060_0, v0x5b10b36859f0_0, v0x5b10b387a730_0, v0x5b10b382b760_0;
E_0x5b10b37b5ae0/8 .event edge, v0x5b10b3859c90_0, v0x5b10b37183e0_0, v0x5b10b3d4e340_0, v0x5b10b39422a0_0;
E_0x5b10b37b5ae0 .event/or E_0x5b10b37b5ae0/0, E_0x5b10b37b5ae0/1, E_0x5b10b37b5ae0/2, E_0x5b10b37b5ae0/3, E_0x5b10b37b5ae0/4, E_0x5b10b37b5ae0/5, E_0x5b10b37b5ae0/6, E_0x5b10b37b5ae0/7, E_0x5b10b37b5ae0/8;
E_0x5b10b37b5b20/0 .event edge, v0x5b10b3729bb0_0, v0x5b10b382ae40_0, v0x5b10b36d2170_0, v0x5b10b3729a90_0;
E_0x5b10b37b5b20/1 .event edge, v0x5b10b3612950_0, v0x5b10b3745f60_0, v0x5b10b3d2ac90_0, v0x5b10b367d8d0_0;
E_0x5b10b37b5b20/2 .event edge, v0x5b10b387e0c0_0, v0x5b10b362df70_0, v0x5b10b35fbad0_0, v0x5b10b3784030_0;
E_0x5b10b37b5b20/3 .event edge, v0x5b10b3d1cdf0_0, v0x5b10b37d5b80_0;
E_0x5b10b37b5b20 .event/or E_0x5b10b37b5b20/0, E_0x5b10b37b5b20/1, E_0x5b10b37b5b20/2, E_0x5b10b37b5b20/3;
E_0x5b10b37a17b0 .event edge, v0x5b10b367d8d0_0, v0x5b10b387e0c0_0, v0x5b10b3d2ac90_0, v0x5b10b36ba590_0;
L_0x5b10b3ef3270 .cmp/eq 12, L_0x5b10b3ef3e90, L_0x7c1d1eaacbc0;
L_0x5b10b3ef3420 .cmp/eq 12, L_0x5b10b3ef3e90, L_0x7c1d1eaacc08;
L_0x5b10b3ef3bb0 .cmp/eq 6, L_0x5b10b3ef3b40, L_0x7c1d1eaacc98;
S_0x5b10b3bf0260 .scope module, "u_div" "biriscv_divider" 5 516, 8 26 0, S_0x5b10b3bef750;
 .timescale 0 0;
    .port_info 0 /INPUT 1 "clk_i";
    .port_info 1 /INPUT 1 "rst_i";
    .port_info 2 /INPUT 1 "opcode_valid_i";
    .port_info 3 /INPUT 32 "opcode_opcode_i";
    .port_info 4 /INPUT 32 "opcode_pc_i";
    .port_info 5 /INPUT 1 "opcode_invalid_i";
    .port_info 6 /INPUT 5 "opcode_rd_idx_i";
    .port_info 7 /INPUT 5 "opcode_ra_idx_i";
    .port_info 8 /INPUT 5 "opcode_rb_idx_i";
    .port_info 9 /INPUT 32 "opcode_ra_operand_i";
    .port_info 10 /INPUT 32 "opcode_rb_operand_i";
    .port_info 11 /OUTPUT 1 "writeback_valid_o";
    .port_info 12 /OUTPUT 32 "writeback_value_o";
L_0x7c1d1eaad0d0 .functor BUFT 1, C4<11111110000000000111000001111111>, C4<0>, C4<0>, C4<0>;
L_0x5b10b3ef65b0 .functor AND 32, L_0x5b10b3f09d30, L_0x7c1d1eaad0d0, C4<11111111111111111111111111111111>, C4<11111111111111111111111111111111>;
L_0x7c1d1eaad160 .functor BUFT 1, C4<11111110000000000111000001111111>, C4<0>, C4<0>, C4<0>;
L_0x5b10b3ef6760 .functor AND 32, L_0x5b10b3f09d30, L_0x7c1d1eaad160, C4<11111111111111111111111111111111>, C4<11111111111111111111111111111111>;
L_0x7c1d1eaad1f0 .functor BUFT 1, C4<11111110000000000111000001111111>, C4<0>, C4<0>, C4<0>;
L_0x5b10b3ef6960 .functor AND 32, L_0x5b10b3f09d30, L_0x7c1d1eaad1f0, C4<11111111111111111111111111111111>, C4<11111111111111111111111111111111>;
L_0x7c1d1eaad280 .functor BUFT 1, C4<11111110000000000111000001111111>, C4<0>, C4<0>, C4<0>;
L_0x5b10b3ef6b60 .functor AND 32, L_0x5b10b3f09d30, L_0x7c1d1eaad280, C4<11111111111111111111111111111111>, C4<11111111111111111111111111111111>;
L_0x7c1d1eaad310 .functor BUFT 1, C4<11111110000000000111000001111111>, C4<0>, C4<0>, C4<0>;
L_0x5b10b3ef6d60 .functor AND 32, L_0x5b10b3f09d30, L_0x7c1d1eaad310, C4<11111111111111111111111111111111>, C4<11111111111111111111111111111111>;
L_0x7c1d1eaad3a0 .functor BUFT 1, C4<11111110000000000111000001111111>, C4<0>, C4<0>, C4<0>;
L_0x5b10b3ef6f60 .functor AND 32, L_0x5b10b3f09d30, L_0x7c1d1eaad3a0, C4<11111111111111111111111111111111>, C4<11111111111111111111111111111111>;
L_0x5b10b3ef7160 .functor OR 1, L_0x5b10b3ef6e20, L_0x5b10b3ef7020, C4<0>, C4<0>;
L_0x7c1d1eaad430 .functor BUFT 1, C4<11111110000000000111000001111111>, C4<0>, C4<0>, C4<0>;
L_0x5b10b3ef7270 .functor AND 32, L_0x5b10b3f09d30, L_0x7c1d1eaad430, C4<11111111111111111111111111111111>, C4<11111111111111111111111111111111>;
L_0x5b10b3ef74c0 .functor OR 1, L_0x5b10b3ef7160, L_0x5b10b3ef7380, C4<0>, C4<0>;
L_0x7c1d1eaad4c0 .functor BUFT 1, C4<11111110000000000111000001111111>, C4<0>, C4<0>, C4<0>;
L_0x5b10b3ef75d0 .functor AND 32, L_0x5b10b3f09d30, L_0x7c1d1eaad4c0, C4<11111111111111111111111111111111>, C4<11111111111111111111111111111111>;
L_0x5b10b3ef77d0 .functor OR 1, L_0x5b10b3ef74c0, L_0x5b10b3ef7690, C4<0>, C4<0>;
L_0x7c1d1eaad550 .functor BUFT 1, C4<11111110000000000111000001111111>, C4<0>, C4<0>, C4<0>;
L_0x5b10b3ef78e0 .functor AND 32, L_0x5b10b3f09d30, L_0x7c1d1eaad550, C4<11111111111111111111111111111111>, C4<11111111111111111111111111111111>;
L_0x7c1d1eaad5e0 .functor BUFT 1, C4<11111110000000000111000001111111>, C4<0>, C4<0>, C4<0>;
L_0x5b10b3ef7b50 .functor AND 32, L_0x5b10b3f09d30, L_0x7c1d1eaad5e0, C4<11111111111111111111111111111111>, C4<11111111111111111111111111111111>;
L_0x5b10b3ef7d50 .functor OR 1, L_0x5b10b3ef7a10, L_0x5b10b3ef7c10, C4<0>, C4<0>;
L_0x7c1d1eaad670 .functor BUFT 1, C4<11111110000000000111000001111111>, C4<0>, C4<0>, C4<0>;
L_0x5b10b3ef79a0 .functor AND 32, L_0x5b10b3f09d30, L_0x7c1d1eaad670, C4<11111111111111111111111111111111>, C4<11111111111111111111111111111111>;
L_0x7c1d1eaad700 .functor BUFT 1, C4<11111110000000000111000001111111>, C4<0>, C4<0>, C4<0>;
L_0x5b10b3ef7fa0 .functor AND 32, L_0x5b10b3f09d30, L_0x7c1d1eaad700, C4<11111111111111111111111111111111>, C4<11111111111111111111111111111111>;
L_0x5b10b3ef82a0 .functor OR 1, L_0x5b10b3ef7e60, L_0x5b10b3ef80f0, C4<0>, C4<0>;
L_0x5b10b3ef83b0 .functor AND 1, L_0x5b10b3f06430, L_0x5b10b3ef77d0, C4<1>, C4<1>;
L_0x5b10b3ef8230 .functor AND 1, L_0x5b10b3ef85b0, v0x5b10b3bdcfb0_0, C4<1>, C4<1>;
L_0x5b10b3ef8810 .functor BUFZ 32, v0x5b10b3c751b0_0, C4<00000000000000000000000000000000>, C4<00000000000000000000000000000000>, C4<00000000000000000000000000000000>;
v0x5b10b3ca2070_0 .net/2u *"_ivl_0", 31 0, L_0x7c1d1eaad0d0;  1 drivers
v0x5b10b3ca2130_0 .net *"_ivl_10", 31 0, L_0x5b10b3ef6760;  1 drivers
L_0x7c1d1eaad748 .functor BUFT 1, C4<00000010000000000101000000110011>, C4<0>, C4<0>, C4<0>;
v0x5b10b3cfc190_0 .net/2u *"_ivl_100", 31 0, L_0x7c1d1eaad748;  1 drivers
v0x5b10b3ca44e0_0 .net *"_ivl_102", 0 0, L_0x5b10b3ef80f0;  1 drivers
v0x5b10b3ca45a0_0 .net *"_ivl_109", 0 0, L_0x5b10b3ef8510;  1 drivers
v0x5b10b3cfb880_0 .net *"_ivl_111", 0 0, L_0x5b10b3ef85b0;  1 drivers
L_0x7c1d1eaad1a8 .functor BUFT 1, C4<00000010000000000101000000110011>, C4<0>, C4<0>, C4<0>;
v0x5b10b3cfb920_0 .net/2u *"_ivl_12", 31 0, L_0x7c1d1eaad1a8;  1 drivers
v0x5b10b3ca3d80_0 .net/2u *"_ivl_16", 31 0, L_0x7c1d1eaad1f0;  1 drivers
v0x5b10b3cf6da0_0 .net *"_ivl_18", 31 0, L_0x5b10b3ef6960;  1 drivers
v0x5b10b3cf65b0_0 .net *"_ivl_2", 31 0, L_0x5b10b3ef65b0;  1 drivers
L_0x7c1d1eaad238 .functor BUFT 1, C4<00000010000000000110000000110011>, C4<0>, C4<0>, C4<0>;
v0x5b10b3cf56c0_0 .net/2u *"_ivl_20", 31 0, L_0x7c1d1eaad238;  1 drivers
v0x5b10b3cf51f0_0 .net/2u *"_ivl_24", 31 0, L_0x7c1d1eaad280;  1 drivers
v0x5b10b3cf4e30_0 .net *"_ivl_26", 31 0, L_0x5b10b3ef6b60;  1 drivers
L_0x7c1d1eaad2c8 .functor BUFT 1, C4<00000010000000000111000000110011>, C4<0>, C4<0>, C4<0>;
v0x5b10b3cf4a70_0 .net/2u *"_ivl_28", 31 0, L_0x7c1d1eaad2c8;  1 drivers
v0x5b10b3cf4480_0 .net/2u *"_ivl_32", 31 0, L_0x7c1d1eaad310;  1 drivers
v0x5b10b3cf4180_0 .net *"_ivl_34", 31 0, L_0x5b10b3ef6d60;  1 drivers
L_0x7c1d1eaad358 .functor BUFT 1, C4<00000010000000000100000000110011>, C4<0>, C4<0>, C4<0>;
v0x5b10b3cf3180_0 .net/2u *"_ivl_36", 31 0, L_0x7c1d1eaad358;  1 drivers
v0x5b10b3ca3150_0 .net *"_ivl_38", 0 0, L_0x5b10b3ef6e20;  1 drivers
L_0x7c1d1eaad118 .functor BUFT 1, C4<00000010000000000100000000110011>, C4<0>, C4<0>, C4<0>;
v0x5b10b3ca3210_0 .net/2u *"_ivl_4", 31 0, L_0x7c1d1eaad118;  1 drivers
v0x5b10b3d085f0_0 .net/2u *"_ivl_40", 31 0, L_0x7c1d1eaad3a0;  1 drivers
v0x5b10b3cd2e60_0 .net *"_ivl_42", 31 0, L_0x5b10b3ef6f60;  1 drivers
L_0x7c1d1eaad3e8 .functor BUFT 1, C4<00000010000000000101000000110011>, C4<0>, C4<0>, C4<0>;
v0x5b10b3cddb50_0 .net/2u *"_ivl_44", 31 0, L_0x7c1d1eaad3e8;  1 drivers
v0x5b10b3cd8f10_0 .net *"_ivl_46", 0 0, L_0x5b10b3ef7020;  1 drivers
v0x5b10b3cd8fd0_0 .net *"_ivl_49", 0 0, L_0x5b10b3ef7160;  1 drivers
v0x5b10b3cd4d20_0 .net/2u *"_ivl_50", 31 0, L_0x7c1d1eaad430;  1 drivers
v0x5b10b3ce3cc0_0 .net *"_ivl_52", 31 0, L_0x5b10b3ef7270;  1 drivers
L_0x7c1d1eaad478 .functor BUFT 1, C4<00000010000000000110000000110011>, C4<0>, C4<0>, C4<0>;
v0x5b10b3cac5f0_0 .net/2u *"_ivl_54", 31 0, L_0x7c1d1eaad478;  1 drivers
v0x5b10b3cb72e0_0 .net *"_ivl_56", 0 0, L_0x5b10b3ef7380;  1 drivers
v0x5b10b3cb73a0_0 .net *"_ivl_59", 0 0, L_0x5b10b3ef74c0;  1 drivers
v0x5b10b3cb26a0_0 .net/2u *"_ivl_60", 31 0, L_0x7c1d1eaad4c0;  1 drivers
v0x5b10b3cb2760_0 .net *"_ivl_62", 31 0, L_0x5b10b3ef75d0;  1 drivers
L_0x7c1d1eaad508 .functor BUFT 1, C4<00000010000000000111000000110011>, C4<0>, C4<0>, C4<0>;
v0x5b10b3cae4b0_0 .net/2u *"_ivl_64", 31 0, L_0x7c1d1eaad508;  1 drivers
v0x5b10b3cae570_0 .net *"_ivl_66", 0 0, L_0x5b10b3ef7690;  1 drivers
v0x5b10b3cbd450_0 .net/2u *"_ivl_70", 31 0, L_0x7c1d1eaad550;  1 drivers
v0x5b10b3a29c50_0 .net *"_ivl_72", 31 0, L_0x5b10b3ef78e0;  1 drivers
L_0x7c1d1eaad598 .functor BUFT 1, C4<00000010000000000100000000110011>, C4<0>, C4<0>, C4<0>;
v0x5b10b3a29720_0 .net/2u *"_ivl_74", 31 0, L_0x7c1d1eaad598;  1 drivers
v0x5b10b39985f0_0 .net *"_ivl_76", 0 0, L_0x5b10b3ef7a10;  1 drivers
v0x5b10b39986b0_0 .net/2u *"_ivl_78", 31 0, L_0x7c1d1eaad5e0;  1 drivers
v0x5b10b3be5d20_0 .net/2u *"_ivl_8", 31 0, L_0x7c1d1eaad160;  1 drivers
v0x5b10b3be55f0_0 .net *"_ivl_80", 31 0, L_0x5b10b3ef7b50;  1 drivers
L_0x7c1d1eaad628 .functor BUFT 1, C4<00000010000000000110000000110011>, C4<0>, C4<0>, C4<0>;
v0x5b10b3be4c30_0 .net/2u *"_ivl_82", 31 0, L_0x7c1d1eaad628;  1 drivers
v0x5b10b3be4360_0 .net *"_ivl_84", 0 0, L_0x5b10b3ef7c10;  1 drivers
v0x5b10b3be4420_0 .net/2u *"_ivl_88", 31 0, L_0x7c1d1eaad670;  1 drivers
v0x5b10b3be3a70_0 .net *"_ivl_90", 31 0, L_0x5b10b3ef79a0;  1 drivers
L_0x7c1d1eaad6b8 .functor BUFT 1, C4<00000010000000000100000000110011>, C4<0>, C4<0>, C4<0>;
v0x5b10b3be08c0_0 .net/2u *"_ivl_92", 31 0, L_0x7c1d1eaad6b8;  1 drivers
v0x5b10b3be04b0_0 .net *"_ivl_94", 0 0, L_0x5b10b3ef7e60;  1 drivers
v0x5b10b3be0570_0 .net/2u *"_ivl_96", 31 0, L_0x7c1d1eaad700;  1 drivers
v0x5b10b3bdd2c0_0 .net *"_ivl_98", 31 0, L_0x5b10b3ef7fa0;  1 drivers
v0x5b10b3bdcf10_0 .net "clk_i", 0 0, v0x5b10b3e64cc0_0;  alias, 1 drivers
v0x5b10b3bdcfb0_0 .var "div_busy_q", 0 0;
v0x5b10b3bdb330_0 .net "div_complete_w", 0 0, L_0x5b10b3ef8230;  1 drivers
v0x5b10b3bdb3f0_0 .var "div_inst_q", 0 0;
v0x5b10b3bdaf50_0 .net "div_operation_w", 0 0, L_0x5b10b3ef82a0;  1 drivers
v0x5b10b3bdb010_0 .net "div_rem_inst_w", 0 0, L_0x5b10b3ef77d0;  1 drivers
v0x5b10b3a3d890_0 .var "div_result_r", 31 0;
v0x5b10b3a3d4b0_0 .net "div_start_w", 0 0, L_0x5b10b3ef83b0;  1 drivers
v0x5b10b3a3d570_0 .var "dividend_q", 31 0;
v0x5b10b3a3d150_0 .var "divisor_q", 62 0;
v0x5b10b3bd9850_0 .net "inst_div_w", 0 0, L_0x5b10b3ef6620;  1 drivers
v0x5b10b3bd9910_0 .net "inst_divu_w", 0 0, L_0x5b10b3ef6820;  1 drivers
v0x5b10b3b0bc00_0 .net "inst_rem_w", 0 0, L_0x5b10b3ef6a20;  1 drivers
v0x5b10b3b0bcc0_0 .net "inst_remu_w", 0 0, L_0x5b10b3ef6c20;  1 drivers
v0x5b10b3a3df50_0 .var "invert_res_q", 0 0;
v0x5b10b3a3e010_0 .var "last_a_q", 31 0;
v0x5b10b3a3db50_0 .var "last_b_q", 31 0;
v0x5b10b3a2aa70_0 .var "last_div_q", 0 0;
v0x5b10b3a2ab30_0 .var "last_divu_q", 0 0;
v0x5b10b3a2a5d0_0 .var "last_rem_q", 0 0;
v0x5b10b3a2a690_0 .var "last_remu_q", 0 0;
v0x5b10b3a2a1a0_0 .net "opcode_invalid_i", 0 0, L_0x7c1d1eaadc58;  alias, 1 drivers
v0x5b10b3a2a260_0 .net "opcode_opcode_i", 31 0, L_0x5b10b3f09d30;  alias, 1 drivers
v0x5b10b3d6ef20_0 .net "opcode_pc_i", 31 0, L_0x5b10b3f09df0;  alias, 1 drivers
v0x5b10b3d69110_0 .net "opcode_ra_idx_i", 4 0, L_0x5b10b3f0a160;  alias, 1 drivers
v0x5b10b3d68be0_0 .net "opcode_ra_operand_i", 31 0, v0x5b10b3e34170_0;  alias, 1 drivers
v0x5b10b3d54240_0 .net "opcode_rb_idx_i", 4 0, L_0x5b10b3f0a500;  alias, 1 drivers
v0x5b10b3d530a0_0 .net "opcode_rb_operand_i", 31 0, v0x5b10b3e34390_0;  alias, 1 drivers
v0x5b10b3d52db0_0 .net "opcode_rd_idx_i", 4 0, L_0x5b10b3f0a0f0;  alias, 1 drivers
v0x5b10b3c992c0_0 .net "opcode_valid_i", 0 0, L_0x5b10b3f06430;  alias, 1 drivers
v0x5b10b3c99380_0 .var "q_mask_q", 31 0;
v0x5b10b3c3ffe0_0 .var "quotient_q", 31 0;
v0x5b10b3c78070_0 .net "rst_i", 0 0, v0x5b10b3e65f10_0;  alias, 1 drivers
v0x5b10b3c76e30_0 .net "signed_operation_w", 0 0, L_0x5b10b3ef7d50;  1 drivers
v0x5b10b3c76ef0_0 .var "valid_q", 0 0;
v0x5b10b3c751b0_0 .var "wb_result_q", 31 0;
v0x5b10b3c73360_0 .net "writeback_valid_o", 0 0, v0x5b10b3c76ef0_0;  alias, 1 drivers
v0x5b10b3c73420_0 .net "writeback_value_o", 31 0, L_0x5b10b3ef8810;  alias, 1 drivers
E_0x5b10b3d3db40 .event edge, v0x5b10b3bdb3f0_0, v0x5b10b3a3df50_0, v0x5b10b3c3ffe0_0, v0x5b10b3a3d570_0;
L_0x5b10b3ef6620 .cmp/eq 32, L_0x5b10b3ef65b0, L_0x7c1d1eaad118;
L_0x5b10b3ef6820 .cmp/eq 32, L_0x5b10b3ef6760, L_0x7c1d1eaad1a8;
L_0x5b10b3ef6a20 .cmp/eq 32, L_0x5b10b3ef6960, L_0x7c1d1eaad238;
L_0x5b10b3ef6c20 .cmp/eq 32, L_0x5b10b3ef6b60, L_0x7c1d1eaad2c8;
L_0x5b10b3ef6e20 .cmp/eq 32, L_0x5b10b3ef6d60, L_0x7c1d1eaad358;
L_0x5b10b3ef7020 .cmp/eq 32, L_0x5b10b3ef6f60, L_0x7c1d1eaad3e8;
L_0x5b10b3ef7380 .cmp/eq 32, L_0x5b10b3ef7270, L_0x7c1d1eaad478;
L_0x5b10b3ef7690 .cmp/eq 32, L_0x5b10b3ef75d0, L_0x7c1d1eaad508;
L_0x5b10b3ef7a10 .cmp/eq 32, L_0x5b10b3ef78e0, L_0x7c1d1eaad598;
L_0x5b10b3ef7c10 .cmp/eq 32, L_0x5b10b3ef7b50, L_0x7c1d1eaad628;
L_0x5b10b3ef7e60 .cmp/eq 32, L_0x5b10b3ef79a0, L_0x7c1d1eaad6b8;
L_0x5b10b3ef80f0 .cmp/eq 32, L_0x5b10b3ef7fa0, L_0x7c1d1eaad748;
L_0x5b10b3ef8510 .reduce/or v0x5b10b3c99380_0;
L_0x5b10b3ef85b0 .reduce/nor L_0x5b10b3ef8510;
S_0x5b10b3c1b100 .scope module, "u_exec0" "biriscv_exec" 5 690, 9 26 0, S_0x5b10b3bef750;
 .timescale 0 0;
    .port_info 0 /INPUT 1 "clk_i";
    .port_info 1 /INPUT 1 "rst_i";
    .port_info 2 /INPUT 1 "opcode_valid_i";
    .port_info 3 /INPUT 32 "opcode_opcode_i";
    .port_info 4 /INPUT 32 "opcode_pc_i";
    .port_info 5 /INPUT 1 "opcode_invalid_i";
    .port_info 6 /INPUT 5 "opcode_rd_idx_i";
    .port_info 7 /INPUT 5 "opcode_ra_idx_i";
    .port_info 8 /INPUT 5 "opcode_rb_idx_i";
    .port_info 9 /INPUT 32 "opcode_ra_operand_i";
    .port_info 10 /INPUT 32 "opcode_rb_operand_i";
    .port_info 11 /INPUT 1 "hold_i";
    .port_info 12 /OUTPUT 1 "branch_request_o";
    .port_info 13 /OUTPUT 1 "branch_is_taken_o";
    .port_info 14 /OUTPUT 1 "branch_is_not_taken_o";
    .port_info 15 /OUTPUT 32 "branch_source_o";
    .port_info 16 /OUTPUT 1 "branch_is_call_o";
    .port_info 17 /OUTPUT 1 "branch_is_ret_o";
    .port_info 18 /OUTPUT 1 "branch_is_jmp_o";
    .port_info 19 /OUTPUT 32 "branch_pc_o";
    .port_info 20 /OUTPUT 1 "branch_d_request_o";
    .port_info 21 /OUTPUT 32 "branch_d_pc_o";
    .port_info 22 /OUTPUT 2 "branch_d_priv_o";
    .port_info 23 /OUTPUT 32 "writeback_value_o";
L_0x5b10b3f0de20 .functor BUFZ 32, v0x5b10b3c8d3f0_0, C4<00000000000000000000000000000000>, C4<00000000000000000000000000000000>, C4<00000000000000000000000000000000>;
L_0x5b10b3f0de90 .functor OR 1, v0x5b10b3a1f950_0, v0x5b10b3d6e850_0, C4<0>, C4<0>;
L_0x5b10b3f0df00 .functor BUFZ 1, v0x5b10b3a1f950_0, C4<0>, C4<0>, C4<0>;
L_0x5b10b3f0df70 .functor BUFZ 1, v0x5b10b3d6e850_0, C4<0>, C4<0>, C4<0>;
L_0x5b10b3f0e570 .functor AND 1, v0x5b10b3d53b70_0, L_0x5b10b3f05be0, C4<1>, C4<1>;
L_0x5b10b3f0e670 .functor AND 1, L_0x5b10b3f0e570, v0x5b10b3c0caa0_0, C4<1>, C4<1>;
L_0x5b10b3f0e6e0 .functor BUFZ 32, v0x5b10b3c0cb60_0, C4<00000000000000000000000000000000>, C4<00000000000000000000000000000000>, C4<00000000000000000000000000000000>;
v0x5b10b3c29380_0 .net *"_ivl_19", 0 0, L_0x5b10b3f0e570;  1 drivers
v0x5b10b3c29f00_0 .var "alu_func_r", 3 0;
v0x5b10b3c29fc0_0 .var "alu_input_a_r", 31 0;
v0x5b10b3c2a330_0 .var "alu_input_b_r", 31 0;
v0x5b10b3c2a400_0 .net "alu_p_w", 31 0, L_0x5b10b3f0ddb0;  1 drivers
v0x5b10b3ccfca0_0 .var "bimm_r", 31 0;
v0x5b10b3ccfd40_0 .var "branch_call_q", 0 0;
v0x5b10b3d33ea0_0 .var "branch_call_r", 0 0;
v0x5b10b3d33f60_0 .net "branch_d_pc_o", 31 0, L_0x5b10b3f0e6e0;  alias, 1 drivers
v0x5b10b3d03a00_0 .net "branch_d_priv_o", 1 0, L_0x7c1d1eaadd78;  alias, 1 drivers
v0x5b10b3cfc740_0 .net "branch_d_request_o", 0 0, L_0x5b10b3f0e670;  alias, 1 drivers
v0x5b10b3cfc800_0 .net "branch_is_call_o", 0 0, v0x5b10b3ccfd40_0;  alias, 1 drivers
v0x5b10b3cdd7e0_0 .net "branch_is_jmp_o", 0 0, v0x5b10b3d6c9b0_0;  alias, 1 drivers
v0x5b10b3cdd8a0_0 .net "branch_is_not_taken_o", 0 0, L_0x5b10b3f0df70;  alias, 1 drivers
v0x5b10b3cb6f70_0 .net "branch_is_ret_o", 0 0, v0x5b10b3c53fb0_0;  alias, 1 drivers
v0x5b10b3cb7030_0 .net "branch_is_taken_o", 0 0, L_0x5b10b3f0df00;  alias, 1 drivers
v0x5b10b3d6c9b0_0 .var "branch_jmp_q", 0 0;
v0x5b10b3d6ca50_0 .var "branch_jmp_r", 0 0;
v0x5b10b3d6e850_0 .var "branch_ntaken_q", 0 0;
v0x5b10b3d6e910_0 .net "branch_pc_o", 31 0, v0x5b10b3c8e570_0;  alias, 1 drivers
v0x5b10b3d53b70_0 .var "branch_r", 0 0;
v0x5b10b3d53c30_0 .net "branch_request_o", 0 0, L_0x5b10b3f0de90;  alias, 1 drivers
v0x5b10b3c53fb0_0 .var "branch_ret_q", 0 0;
v0x5b10b3c54050_0 .var "branch_ret_r", 0 0;
v0x5b10b3a1f870_0 .net "branch_source_o", 31 0, v0x5b10b3c8e4d0_0;  alias, 1 drivers
v0x5b10b3a1f950_0 .var "branch_taken_q", 0 0;
v0x5b10b3c0caa0_0 .var "branch_taken_r", 0 0;
v0x5b10b3c0cb60_0 .var "branch_target_r", 31 0;
v0x5b10b3c0b9c0_0 .net "clk_i", 0 0, v0x5b10b3e64cc0_0;  alias, 1 drivers
v0x5b10b3c0ba60_0 .net "hold_i", 0 0, L_0x5b10b3efe000;  alias, 1 drivers
v0x5b10b3c0a8e0_0 .var "imm12_r", 31 0;
v0x5b10b3c0a9a0_0 .var "imm20_r", 31 0;
v0x5b10b3c20b30_0 .var "jimm20_r", 31 0;
v0x5b10b3c20bf0_0 .net "opcode_invalid_i", 0 0, L_0x7c1d1eaadc58;  alias, 1 drivers
v0x5b10b3c21b40_0 .net "opcode_opcode_i", 31 0, L_0x5b10b3f09d30;  alias, 1 drivers
v0x5b10b3c21c10_0 .net "opcode_pc_i", 31 0, L_0x5b10b3f09df0;  alias, 1 drivers
v0x5b10b3a30eb0_0 .net "opcode_ra_idx_i", 4 0, L_0x5b10b3f0a160;  alias, 1 drivers
v0x5b10b3a30f80_0 .net "opcode_ra_operand_i", 31 0, v0x5b10b3e34170_0;  alias, 1 drivers
v0x5b10b3c8c360_0 .net "opcode_rb_idx_i", 4 0, L_0x5b10b3f0a500;  alias, 1 drivers
v0x5b10b3c8c430_0 .net "opcode_rb_operand_i", 31 0, v0x5b10b3e34390_0;  alias, 1 drivers
v0x5b10b3c8f5b0_0 .net "opcode_rd_idx_i", 4 0, L_0x5b10b3f0a0f0;  alias, 1 drivers
v0x5b10b3c8f680_0 .net "opcode_valid_i", 0 0, L_0x5b10b3f05be0;  alias, 1 drivers
v0x5b10b3c8e4d0_0 .var "pc_m_q", 31 0;
v0x5b10b3c8e570_0 .var "pc_x_q", 31 0;
v0x5b10b3c8d3f0_0 .var "result_q", 31 0;
v0x5b10b3c8d4b0_0 .net "rst_i", 0 0, v0x5b10b3e65f10_0;  alias, 1 drivers
v0x5b10b3c3e4e0_0 .var "shamt_r", 4 0;
v0x5b10b3c3e5a0_0 .net "writeback_value_o", 31 0, L_0x5b10b3f0de20;  alias, 1 drivers
E_0x5b10b3732b40/0 .event edge, v0x5b10b3d6ef20_0, v0x5b10b3ccfca0_0, v0x5b10b3a2a260_0, v0x5b10b3c20b30_0;
E_0x5b10b3732b40/1 .event edge, v0x5b10b3d52db0_0, v0x5b10b3d68be0_0, v0x5b10b3c0a8e0_0, v0x5b10b3d69110_0;
E_0x5b10b3732b40/2 .event edge, v0x5b10b3c54050_0, v0x5b10b3d33ea0_0, v0x5b10b3d530a0_0;
E_0x5b10b3732b40 .event/or E_0x5b10b3732b40/0, E_0x5b10b3732b40/1, E_0x5b10b3732b40/2;
E_0x5b10b3691bc0/0 .event edge, v0x5b10b3a2a260_0, v0x5b10b3d68be0_0, v0x5b10b3d530a0_0, v0x5b10b3c0a8e0_0;
E_0x5b10b3691bc0/1 .event edge, v0x5b10b3c3e4e0_0, v0x5b10b3c0a9a0_0, v0x5b10b3d6ef20_0;
E_0x5b10b3691bc0 .event/or E_0x5b10b3691bc0/0, E_0x5b10b3691bc0/1;
E_0x5b10b3691c40 .event edge, v0x5b10b3a2a260_0;
S_0x5b10b3d8e0b0 .scope function.vec4.s1, "greater_than_signed" "greater_than_signed" 9 278, 9 278 0, S_0x5b10b3c1b100;
 .timescale 0 0;
; Variable greater_than_signed is vec4 return value of scope S_0x5b10b3d8e0b0
v0x5b10b3c73070_0 .var "v", 31 0;
v0x5b10b3c4eaa0_0 .var "x", 31 0;
v0x5b10b3c4eb60_0 .var "y", 31 0;
TD_tb_top.u_dut.u_exec0.greater_than_signed ;
    %load/vec4 v0x5b10b3c4eb60_0;
    %load/vec4 v0x5b10b3c4eaa0_0;
    %sub;
    %store/vec4 v0x5b10b3c73070_0, 0, 32;
    %load/vec4 v0x5b10b3c4eaa0_0;
    %parti/s 1, 31, 6;
    %load/vec4 v0x5b10b3c4eb60_0;
    %parti/s 1, 31, 6;
    %cmp/ne;
    %jmp/0xz  T_2.66, 4;
    %load/vec4 v0x5b10b3c4eb60_0;
    %parti/s 1, 31, 6;
    %ret/vec4 0, 0, 1;  Assign to greater_than_signed (store_vec4_to_lval)
    %jmp T_2.67;
T_2.66 ;
    %load/vec4 v0x5b10b3c73070_0;
    %parti/s 1, 31, 6;
    %ret/vec4 0, 0, 1;  Assign to greater_than_signed (store_vec4_to_lval)
T_2.67 ;
    %end;
S_0x5b10b3d8dd70 .scope function.vec4.s1, "less_than_signed" "less_than_signed" 9 260, 9 260 0, S_0x5b10b3c1b100;
 .timescale 0 0;
; Variable less_than_signed is vec4 return value of scope S_0x5b10b3d8dd70
v0x5b10b39c1a70_0 .var "v", 31 0;
v0x5b10b3d82a30_0 .var "x", 31 0;
v0x5b10b3d82af0_0 .var "y", 31 0;
TD_tb_top.u_dut.u_exec0.less_than_signed ;
    %load/vec4 v0x5b10b3d82a30_0;
    %load/vec4 v0x5b10b3d82af0_0;
    %sub;
    %store/vec4 v0x5b10b39c1a70_0, 0, 32;
    %load/vec4 v0x5b10b3d82a30_0;
    %parti/s 1, 31, 6;
    %load/vec4 v0x5b10b3d82af0_0;
    %parti/s 1, 31, 6;
    %cmp/ne;
    %jmp/0xz  T_3.68, 4;
    %load/vec4 v0x5b10b3d82a30_0;
    %parti/s 1, 31, 6;
    %ret/vec4 0, 0, 1;  Assign to less_than_signed (store_vec4_to_lval)
    %jmp T_3.69;
T_3.68 ;
    %load/vec4 v0x5b10b39c1a70_0;
    %parti/s 1, 31, 6;
    %ret/vec4 0, 0, 1;  Assign to less_than_signed (store_vec4_to_lval)
T_3.69 ;
    %end;
S_0x5b10b3beced0 .scope module, "u_alu" "biriscv_alu" 9 231, 10 11 0, S_0x5b10b3c1b100;
 .timescale 0 0;
    .port_info 0 /INPUT 1 "clk";
    .port_info 1 /INPUT 4 "alu_op_i";
    .port_info 2 /INPUT 32 "alu_a_i";
    .port_info 3 /INPUT 32 "alu_b_i";
    .port_info 4 /OUTPUT 32 "alu_p_o";
L_0x5b10b3f0dca0 .functor BUFZ 32, v0x5b10b3d2a640_0, C4<00000000000000000000000000000000>, C4<00000000000000000000000000000000>, C4<00000000000000000000000000000000>;
L_0x5b10b3f0ddb0 .functor BUFZ 32, v0x5b10b3c72030_0, C4<00000000000000000000000000000000>, C4<00000000000000000000000000000000>, C4<00000000000000000000000000000000>;
v0x5b10b3bebdb0_0 .net "alu_a_i", 31 0, v0x5b10b3c29fc0_0;  1 drivers
v0x5b10b3d2a640_0 .var "alu_a_r", 31 0;
v0x5b10b3d2a120_0 .net/s "alu_a_signed", 31 0, L_0x5b10b3f0dca0;  1 drivers
v0x5b10b3d6c280_0 .net "alu_b_i", 31 0, v0x5b10b3c2a330_0;  1 drivers
v0x5b10b3d51bf0_0 .var "alu_b_r", 31 0;
v0x5b10b3d4dc70_0 .net "alu_op_i", 3 0, v0x5b10b3c29f00_0;  1 drivers
v0x5b10b3c3d440_0 .var "alu_op_r", 3 0;
v0x5b10b3c72870_0 .net "alu_p_o", 31 0, L_0x5b10b3f0ddb0;  alias, 1 drivers
v0x5b10b3c72030_0 .var "alu_p_r", 31 0;
v0x5b10b3c8b3d0_0 .net "clk", 0 0, v0x5b10b3e64cc0_0;  alias, 1 drivers
v0x5b10b3c8b470_0 .var "result_r", 31 0;
v0x5b10b3beae90_0 .net "sub_res_w", 31 0, L_0x5b10b3f0dd10;  1 drivers
E_0x5b10b372f8a0 .event posedge, v0x5b10b3718a00_0;
E_0x5b10b372ed60/0 .event edge, v0x5b10b3c3d440_0, v0x5b10b3d2a640_0, v0x5b10b3d51bf0_0, v0x5b10b3d2a120_0;
E_0x5b10b372ed60/1 .event edge, v0x5b10b3beae90_0;
E_0x5b10b372ed60 .event/or E_0x5b10b372ed60/0, E_0x5b10b372ed60/1;
L_0x5b10b3f0dd10 .arith/sub 32, v0x5b10b3d2a640_0, v0x5b10b3d51bf0_0;
S_0x5b10b3befeb0 .scope module, "u_exec1" "biriscv_exec" 5 723, 9 26 0, S_0x5b10b3bef750;
 .timescale 0 0;
    .port_info 0 /INPUT 1 "clk_i";
    .port_info 1 /INPUT 1 "rst_i";
    .port_info 2 /INPUT 1 "opcode_valid_i";
    .port_info 3 /INPUT 32 "opcode_opcode_i";
    .port_info 4 /INPUT 32 "opcode_pc_i";
    .port_info 5 /INPUT 1 "opcode_invalid_i";
    .port_info 6 /INPUT 5 "opcode_rd_idx_i";
    .port_info 7 /INPUT 5 "opcode_ra_idx_i";
    .port_info 8 /INPUT 5 "opcode_rb_idx_i";
    .port_info 9 /INPUT 32 "opcode_ra_operand_i";
    .port_info 10 /INPUT 32 "opcode_rb_operand_i";
    .port_info 11 /INPUT 1 "hold_i";
    .port_info 12 /OUTPUT 1 "branch_request_o";
    .port_info 13 /OUTPUT 1 "branch_is_taken_o";
    .port_info 14 /OUTPUT 1 "branch_is_not_taken_o";
    .port_info 15 /OUTPUT 32 "branch_source_o";
    .port_info 16 /OUTPUT 1 "branch_is_call_o";
    .port_info 17 /OUTPUT 1 "branch_is_ret_o";
    .port_info 18 /OUTPUT 1 "branch_is_jmp_o";
    .port_info 19 /OUTPUT 32 "branch_pc_o";
    .port_info 20 /OUTPUT 1 "branch_d_request_o";
    .port_info 21 /OUTPUT 32 "branch_d_pc_o";
    .port_info 22 /OUTPUT 2 "branch_d_priv_o";
    .port_info 23 /OUTPUT 32 "writeback_value_o";
L_0x5b10b3f0e940 .functor BUFZ 32, v0x5b10b3d10040_0, C4<00000000000000000000000000000000>, C4<00000000000000000000000000000000>, C4<00000000000000000000000000000000>;
L_0x5b10b3f0ea40 .functor OR 1, v0x5b10b3d029b0_0, v0x5b10b3d2c100_0, C4<0>, C4<0>;
L_0x5b10b3f0eab0 .functor BUFZ 1, v0x5b10b3d029b0_0, C4<0>, C4<0>, C4<0>;
L_0x5b10b3f0ebb0 .functor BUFZ 1, v0x5b10b3d2c100_0, C4<0>, C4<0>, C4<0>;
L_0x5b10b3f0f1b0 .functor AND 1, v0x5b10b3ca38e0_0, L_0x5b10b3f06790, C4<1>, C4<1>;
L_0x5b10b3f0f2b0 .functor AND 1, L_0x5b10b3f0f1b0, v0x5b10b3cf7290_0, C4<1>, C4<1>;
L_0x5b10b3f0f320 .functor BUFZ 32, v0x5b10b3cf7350_0, C4<00000000000000000000000000000000>, C4<00000000000000000000000000000000>, C4<00000000000000000000000000000000>;
v0x5b10b3d33ac0_0 .net *"_ivl_19", 0 0, L_0x5b10b3f0f1b0;  1 drivers
v0x5b10b3d33b80_0 .var "alu_func_r", 3 0;
v0x5b10b3d33740_0 .var "alu_input_a_r", 31 0;
v0x5b10b3d33810_0 .var "alu_input_b_r", 31 0;
v0x5b10b3d333c0_0 .net "alu_p_w", 31 0, L_0x5b10b3f0e8d0;  1 drivers
v0x5b10b3d33460_0 .var "bimm_r", 31 0;
v0x5b10b3d33040_0 .var "branch_call_q", 0 0;
v0x5b10b3d33100_0 .var "branch_call_r", 0 0;
v0x5b10b3d32cc0_0 .net "branch_d_pc_o", 31 0, L_0x5b10b3f0f320;  alias, 1 drivers
v0x5b10b3d32da0_0 .net "branch_d_priv_o", 1 0, L_0x7c1d1eaaddc0;  alias, 1 drivers
v0x5b10b3d32940_0 .net "branch_d_request_o", 0 0, L_0x5b10b3f0f2b0;  alias, 1 drivers
v0x5b10b3d32a00_0 .net "branch_is_call_o", 0 0, v0x5b10b3d33040_0;  alias, 1 drivers
v0x5b10b3d325c0_0 .net "branch_is_jmp_o", 0 0, v0x5b10b3d2c880_0;  alias, 1 drivers
v0x5b10b3d32680_0 .net "branch_is_not_taken_o", 0 0, L_0x5b10b3f0ebb0;  alias, 1 drivers
v0x5b10b3d2cc30_0 .net "branch_is_ret_o", 0 0, v0x5b10b3d03e00_0;  alias, 1 drivers
v0x5b10b3d2ccf0_0 .net "branch_is_taken_o", 0 0, L_0x5b10b3f0eab0;  alias, 1 drivers
v0x5b10b3d2c880_0 .var "branch_jmp_q", 0 0;
v0x5b10b3d2c940_0 .var "branch_jmp_r", 0 0;
v0x5b10b3d2c100_0 .var "branch_ntaken_q", 0 0;
v0x5b10b3d2c1c0_0 .net "branch_pc_o", 31 0, v0x5b10b3d0ff60_0;  alias, 1 drivers
v0x5b10b3ca38e0_0 .var "branch_r", 0 0;
v0x5b10b3ca39a0_0 .net "branch_request_o", 0 0, L_0x5b10b3f0ea40;  alias, 1 drivers
v0x5b10b3d03e00_0 .var "branch_ret_q", 0 0;
v0x5b10b3d03ec0_0 .var "branch_ret_r", 0 0;
v0x5b10b3d028d0_0 .net "branch_source_o", 31 0, v0x5b10b3d10400_0;  alias, 1 drivers
v0x5b10b3d029b0_0 .var "branch_taken_q", 0 0;
v0x5b10b3cf7290_0 .var "branch_taken_r", 0 0;
v0x5b10b3cf7350_0 .var "branch_target_r", 31 0;
v0x5b10b3d096c0_0 .net "clk_i", 0 0, v0x5b10b3e64cc0_0;  alias, 1 drivers
v0x5b10b3d09760_0 .net "hold_i", 0 0, L_0x5b10b3f026e0;  alias, 1 drivers
v0x5b10b3d10ee0_0 .var "imm12_r", 31 0;
v0x5b10b3d10fc0_0 .var "imm20_r", 31 0;
v0x5b10b3d092e0_0 .var "jimm20_r", 31 0;
v0x5b10b36cbde0_0 .net "opcode_invalid_i", 0 0, L_0x7c1d1eaadca0;  alias, 1 drivers
v0x5b10b36cbea0_0 .net "opcode_opcode_i", 31 0, L_0x5b10b3f0aa20;  alias, 1 drivers
v0x5b10b36cbf80_0 .net "opcode_pc_i", 31 0, L_0x5b10b3f0ad50;  alias, 1 drivers
v0x5b10b3d09380_0 .net "opcode_ra_idx_i", 4 0, L_0x5b10b3f0b100;  alias, 1 drivers
v0x5b10b3d10b00_0 .net "opcode_ra_operand_i", 31 0, v0x5b10b3e34d70_0;  alias, 1 drivers
v0x5b10b3d10be0_0 .net "opcode_rb_idx_i", 4 0, L_0x5b10b3f0b170;  alias, 1 drivers
v0x5b10b3d10720_0 .net "opcode_rb_operand_i", 31 0, v0x5b10b3e34ff0_0;  alias, 1 drivers
v0x5b10b3d107e0_0 .net "opcode_rd_idx_i", 4 0, L_0x5b10b3f0adc0;  alias, 1 drivers
v0x5b10b3d10340_0 .net "opcode_valid_i", 0 0, L_0x5b10b3f06790;  alias, 1 drivers
v0x5b10b3d10400_0 .var "pc_m_q", 31 0;
v0x5b10b3d0ff60_0 .var "pc_x_q", 31 0;
v0x5b10b3d10040_0 .var "result_q", 31 0;
v0x5b10b3d0fb80_0 .net "rst_i", 0 0, v0x5b10b3e65f10_0;  alias, 1 drivers
v0x5b10b3d0fc20_0 .var "shamt_r", 4 0;
v0x5b10b3d0f7a0_0 .net "writeback_value_o", 31 0, L_0x5b10b3f0e940;  alias, 1 drivers
E_0x5b10b36b71b0/0 .event edge, v0x5b10b36cbf80_0, v0x5b10b3d33460_0, v0x5b10b36cbea0_0, v0x5b10b3d092e0_0;
E_0x5b10b36b71b0/1 .event edge, v0x5b10b3d107e0_0, v0x5b10b3d10b00_0, v0x5b10b3d10ee0_0, v0x5b10b3d09380_0;
E_0x5b10b36b71b0/2 .event edge, v0x5b10b3d03ec0_0, v0x5b10b3d33100_0, v0x5b10b3d10720_0;
E_0x5b10b36b71b0 .event/or E_0x5b10b36b71b0/0, E_0x5b10b36b71b0/1, E_0x5b10b36b71b0/2;
E_0x5b10b36b7210/0 .event edge, v0x5b10b36cbea0_0, v0x5b10b3d10b00_0, v0x5b10b3d10720_0, v0x5b10b3d10ee0_0;
E_0x5b10b36b7210/1 .event edge, v0x5b10b3d0fc20_0, v0x5b10b3d10fc0_0, v0x5b10b36cbf80_0;
E_0x5b10b36b7210 .event/or E_0x5b10b36b7210/0, E_0x5b10b36b7210/1;
E_0x5b10b36b7290 .event edge, v0x5b10b36cbea0_0;
S_0x5b10b3bec3c0 .scope function.vec4.s1, "greater_than_signed" "greater_than_signed" 9 278, 9 278 0, S_0x5b10b3befeb0;
 .timescale 0 0;
; Variable greater_than_signed is vec4 return value of scope S_0x5b10b3bec3c0
v0x5b10b39c23f0_0 .var "v", 31 0;
v0x5b10b39c24d0_0 .var "x", 31 0;
v0x5b10b39c1840_0 .var "y", 31 0;
TD_tb_top.u_dut.u_exec1.greater_than_signed ;
    %load/vec4 v0x5b10b39c1840_0;
    %load/vec4 v0x5b10b39c24d0_0;
    %sub;
    %store/vec4 v0x5b10b39c23f0_0, 0, 32;
    %load/vec4 v0x5b10b39c24d0_0;
    %parti/s 1, 31, 6;
    %load/vec4 v0x5b10b39c1840_0;
    %parti/s 1, 31, 6;
    %cmp/ne;
    %jmp/0xz  T_4.70, 4;
    %load/vec4 v0x5b10b39c1840_0;
    %parti/s 1, 31, 6;
    %ret/vec4 0, 0, 1;  Assign to greater_than_signed (store_vec4_to_lval)
    %jmp T_4.71;
T_4.70 ;
    %load/vec4 v0x5b10b39c23f0_0;
    %parti/s 1, 31, 6;
    %ret/vec4 0, 0, 1;  Assign to greater_than_signed (store_vec4_to_lval)
T_4.71 ;
    %end;
S_0x5b10b3bef3a0 .scope function.vec4.s1, "less_than_signed" "less_than_signed" 9 260, 9 260 0, S_0x5b10b3befeb0;
 .timescale 0 0;
; Variable less_than_signed is vec4 return value of scope S_0x5b10b3bef3a0
v0x5b10b3c53100_0 .var "v", 31 0;
v0x5b10b3c1c850_0 .var "x", 31 0;
v0x5b10b3c1d010_0 .var "y", 31 0;
TD_tb_top.u_dut.u_exec1.less_than_signed ;
    %load/vec4 v0x5b10b3c1c850_0;
    %load/vec4 v0x5b10b3c1d010_0;
    %sub;
    %store/vec4 v0x5b10b3c53100_0, 0, 32;
    %load/vec4 v0x5b10b3c1c850_0;
    %parti/s 1, 31, 6;
    %load/vec4 v0x5b10b3c1d010_0;
    %parti/s 1, 31, 6;
    %cmp/ne;
    %jmp/0xz  T_5.72, 4;
    %load/vec4 v0x5b10b3c1c850_0;
    %parti/s 1, 31, 6;
    %ret/vec4 0, 0, 1;  Assign to less_than_signed (store_vec4_to_lval)
    %jmp T_5.73;
T_5.72 ;
    %load/vec4 v0x5b10b3c53100_0;
    %parti/s 1, 31, 6;
    %ret/vec4 0, 0, 1;  Assign to less_than_signed (store_vec4_to_lval)
T_5.73 ;
    %end;
S_0x5b10b3c1d3c0 .scope module, "u_alu" "biriscv_alu" 9 231, 10 11 0, S_0x5b10b3befeb0;
 .timescale 0 0;
    .port_info 0 /INPUT 1 "clk";
    .port_info 1 /INPUT 4 "alu_op_i";
    .port_info 2 /INPUT 32 "alu_a_i";
    .port_info 3 /INPUT 32 "alu_b_i";
    .port_info 4 /OUTPUT 32 "alu_p_o";
L_0x5b10b3f0e7c0 .functor BUFZ 32, v0x5b10b3ca8b20_0, C4<00000000000000000000000000000000>, C4<00000000000000000000000000000000>, C4<00000000000000000000000000000000>;
L_0x5b10b3f0e8d0 .functor BUFZ 32, v0x5b10b3ca8180_0, C4<00000000000000000000000000000000>, C4<00000000000000000000000000000000>, C4<00000000000000000000000000000000>;
v0x5b10b3ca8ea0_0 .net "alu_a_i", 31 0, v0x5b10b3d33740_0;  1 drivers
v0x5b10b3ca8b20_0 .var "alu_a_r", 31 0;
v0x5b10b3ca8c00_0 .net/s "alu_a_signed", 31 0, L_0x5b10b3f0e7c0;  1 drivers
v0x5b10b3ca87a0_0 .net "alu_b_i", 31 0, v0x5b10b3d33810_0;  1 drivers
v0x5b10b3ca8880_0 .var "alu_b_r", 31 0;
v0x5b10b3ca8420_0 .net "alu_op_i", 3 0, v0x5b10b3d33b80_0;  1 drivers
v0x5b10b3ca8500_0 .var "alu_op_r", 3 0;
v0x5b10b3ca80a0_0 .net "alu_p_o", 31 0, L_0x5b10b3f0e8d0;  alias, 1 drivers
v0x5b10b3ca8180_0 .var "alu_p_r", 31 0;
v0x5b10b3ca7db0_0 .net "clk", 0 0, v0x5b10b3e64cc0_0;  alias, 1 drivers
v0x5b10b3ca7e50_0 .var "result_r", 31 0;
v0x5b10b3ca7ac0_0 .net "sub_res_w", 31 0, L_0x5b10b3f0e830;  1 drivers
E_0x5b10b3737fc0/0 .event edge, v0x5b10b3ca8500_0, v0x5b10b3ca8b20_0, v0x5b10b3ca8880_0, v0x5b10b3ca8c00_0;
E_0x5b10b3737fc0/1 .event edge, v0x5b10b3ca7ac0_0;
E_0x5b10b3737fc0 .event/or E_0x5b10b3737fc0/0, E_0x5b10b3737fc0/1;
L_0x5b10b3f0e830 .arith/sub 32, v0x5b10b3ca8b20_0, v0x5b10b3ca8880_0;
S_0x5b10b3ca9220 .scope module, "u_frontend" "biriscv_frontend" 5 272, 11 26 0, S_0x5b10b3bef750;
 .timescale 0 0;
    .port_info 0 /INPUT 1 "clk_i";
    .port_info 1 /INPUT 1 "rst_i";
    .port_info 2 /INPUT 1 "icache_accept_i";
    .port_info 3 /INPUT 1 "icache_valid_i";
    .port_info 4 /INPUT 1 "icache_error_i";
    .port_info 5 /INPUT 64 "icache_inst_i";
    .port_info 6 /INPUT 1 "icache_page_fault_i";
    .port_info 7 /INPUT 1 "fetch0_accept_i";
    .port_info 8 /INPUT 1 "fetch1_accept_i";
    .port_info 9 /INPUT 1 "fetch_invalidate_i";
    .port_info 10 /INPUT 1 "branch_request_i";
    .port_info 11 /INPUT 32 "branch_pc_i";
    .port_info 12 /INPUT 2 "branch_priv_i";
    .port_info 13 /INPUT 1 "branch_info_request_i";
    .port_info 14 /INPUT 1 "branch_info_is_taken_i";
    .port_info 15 /INPUT 1 "branch_info_is_not_taken_i";
    .port_info 16 /INPUT 32 "branch_info_source_i";
    .port_info 17 /INPUT 1 "branch_info_is_call_i";
    .port_info 18 /INPUT 1 "branch_info_is_ret_i";
    .port_info 19 /INPUT 1 "branch_info_is_jmp_i";
    .port_info 20 /INPUT 32 "branch_info_pc_i";
    .port_info 21 /OUTPUT 1 "icache_rd_o";
    .port_info 22 /OUTPUT 1 "icache_flush_o";
    .port_info 23 /OUTPUT 1 "icache_invalidate_o";
    .port_info 24 /OUTPUT 32 "icache_pc_o";
    .port_info 25 /OUTPUT 2 "icache_priv_o";
    .port_info 26 /OUTPUT 1 "fetch0_valid_o";
    .port_info 27 /OUTPUT 32 "fetch0_instr_o";
    .port_info 28 /OUTPUT 32 "fetch0_pc_o";
    .port_info 29 /OUTPUT 1 "fetch0_fault_fetch_o";
    .port_info 30 /OUTPUT 1 "fetch0_fault_page_o";
    .port_info 31 /OUTPUT 1 "fetch0_instr_exec_o";
    .port_info 32 /OUTPUT 1 "fetch0_instr_lsu_o";
    .port_info 33 /OUTPUT 1 "fetch0_instr_branch_o";
    .port_info 34 /OUTPUT 1 "fetch0_instr_mul_o";
    .port_info 35 /OUTPUT 1 "fetch0_instr_div_o";
    .port_info 36 /OUTPUT 1 "fetch0_instr_csr_o";
    .port_info 37 /OUTPUT 1 "fetch0_instr_rd_valid_o";
    .port_info 38 /OUTPUT 1 "fetch0_instr_invalid_o";
    .port_info 39 /OUTPUT 1 "fetch1_valid_o";
    .port_info 40 /OUTPUT 32 "fetch1_instr_o";
    .port_info 41 /OUTPUT 32 "fetch1_pc_o";
    .port_info 42 /OUTPUT 1 "fetch1_fault_fetch_o";
    .port_info 43 /OUTPUT 1 "fetch1_fault_page_o";
    .port_info 44 /OUTPUT 1 "fetch1_instr_exec_o";
    .port_info 45 /OUTPUT 1 "fetch1_instr_lsu_o";
    .port_info 46 /OUTPUT 1 "fetch1_instr_branch_o";
    .port_info 47 /OUTPUT 1 "fetch1_instr_mul_o";
    .port_info 48 /OUTPUT 1 "fetch1_instr_div_o";
    .port_info 49 /OUTPUT 1 "fetch1_instr_csr_o";
    .port_info 50 /OUTPUT 1 "fetch1_instr_rd_valid_o";
    .port_info 51 /OUTPUT 1 "fetch1_instr_invalid_o";
P_0x5b10b36fa8d0 .param/l "BHT_ENABLE" 0 11 41, +C4<00000000000000000000000000000001>;
P_0x5b10b36fa910 .param/l "EXTRA_DECODE_STAGE" 0 11 34, +C4<00000000000000000000000000000000>;
P_0x5b10b36fa950 .param/l "GSHARE_ENABLE" 0 11 40, +C4<00000000000000000000000000000000>;
P_0x5b10b36fa990 .param/l "NUM_BHT_ENTRIES" 0 11 37, +C4<00000000000000000000001000000000>;
P_0x5b10b36fa9d0 .param/l "NUM_BHT_ENTRIES_W" 0 11 38, +C4<00000000000000000000000000001001>;
P_0x5b10b36faa10 .param/l "NUM_BTB_ENTRIES" 0 11 35, +C4<00000000000000000000000000100000>;
P_0x5b10b36faa50 .param/l "NUM_BTB_ENTRIES_W" 0 11 36, +C4<00000000000000000000000000000101>;
P_0x5b10b36faa90 .param/l "NUM_RAS_ENTRIES" 0 11 42, +C4<00000000000000000000000000001000>;
P_0x5b10b36faad0 .param/l "NUM_RAS_ENTRIES_W" 0 11 43, +C4<00000000000000000000000000000011>;
P_0x5b10b36fab10 .param/l "RAS_ENABLE" 0 11 39, +C4<00000000000000000000000000000001>;
P_0x5b10b36fab50 .param/l "SUPPORT_BRANCH_PREDICTION" 0 11 31, +C4<00000000000000000000000000000000>;
P_0x5b10b36fab90 .param/l "SUPPORT_MMU" 0 11 33, +C4<00000000000000000000000000000000>;
P_0x5b10b36fabd0 .param/l "SUPPORT_MULDIV" 0 11 32, +C4<00000000000000000000000000000001>;
v0x5b10b3e11dd0_0 .net "branch_info_is_call_i", 0 0, L_0x5b10b3f03b50;  alias, 1 drivers
v0x5b10b3e11e70_0 .net "branch_info_is_jmp_i", 0 0, L_0x5b10b3f04130;  alias, 1 drivers
v0x5b10b3e11f10_0 .net "branch_info_is_not_taken_i", 0 0, L_0x5b10b3f03a50;  alias, 1 drivers
v0x5b10b3e11fb0_0 .net "branch_info_is_ret_i", 0 0, L_0x5b10b3f03f30;  alias, 1 drivers
v0x5b10b3e12050_0 .net "branch_info_is_taken_i", 0 0, L_0x5b10b3f03730;  alias, 1 drivers
v0x5b10b3e120f0_0 .net "branch_info_pc_i", 31 0, L_0x5b10b3f043b0;  alias, 1 drivers
v0x5b10b3e12190_0 .net "branch_info_request_i", 0 0, L_0x5b10b3f03420;  alias, 1 drivers
v0x5b10b3e12230_0 .net "branch_info_source_i", 31 0, L_0x5b10b3f03690;  alias, 1 drivers
v0x5b10b3e122d0_0 .net "branch_pc_i", 31 0, L_0x5b10b3ef8470;  alias, 1 drivers
v0x5b10b3e12370_0 .net "branch_priv_i", 1 0, L_0x5b10b3ef88f0;  alias, 1 drivers
v0x5b10b3e12410_0 .net "branch_request_i", 0 0, L_0x5b10b3ef8880;  alias, 1 drivers
v0x5b10b3e124b0_0 .net "clk_i", 0 0, v0x5b10b3e64cc0_0;  alias, 1 drivers
v0x5b10b3e12550_0 .net "fetch0_accept_i", 0 0, L_0x5b10b3f07cd0;  alias, 1 drivers
v0x5b10b3e125f0_0 .net "fetch0_fault_fetch_o", 0 0, L_0x5b10b3e79690;  alias, 1 drivers
v0x5b10b3e12690_0 .net "fetch0_fault_page_o", 0 0, L_0x5b10b3e795f0;  alias, 1 drivers
v0x5b10b3e12730_0 .net "fetch0_instr_branch_o", 0 0, L_0x5b10b3ea6c60;  alias, 1 drivers
v0x5b10b3e127d0_0 .net "fetch0_instr_csr_o", 0 0, L_0x5b10b3eab770;  alias, 1 drivers
v0x5b10b3e12980_0 .net "fetch0_instr_div_o", 0 0, L_0x5b10b3ea8f80;  alias, 1 drivers
v0x5b10b3e12a20_0 .net "fetch0_instr_exec_o", 0 0, L_0x5b10b3e8e5e0;  alias, 1 drivers
v0x5b10b3e12ac0_0 .net "fetch0_instr_invalid_o", 0 0, L_0x5b10b3e90580;  alias, 1 drivers
v0x5b10b3e12b60_0 .net "fetch0_instr_lsu_o", 0 0, L_0x5b10b3ea66a0;  alias, 1 drivers
v0x5b10b3e12c00_0 .net "fetch0_instr_mul_o", 0 0, L_0x5b10b3ea7e00;  alias, 1 drivers
v0x5b10b3e12ca0_0 .net "fetch0_instr_o", 31 0, L_0x5b10b3e78200;  alias, 1 drivers
v0x5b10b3e12d40_0 .net "fetch0_instr_rd_valid_o", 0 0, L_0x5b10b3e9c0c0;  alias, 1 drivers
v0x5b10b3e12de0_0 .net "fetch0_pc_o", 31 0, L_0x5b10b3e77bf0;  alias, 1 drivers
v0x5b10b3e12e80_0 .net "fetch0_valid_o", 0 0, L_0x5b10b3e76de0;  alias, 1 drivers
v0x5b10b3e12f20_0 .net "fetch1_accept_i", 0 0, L_0x5b10b3f084f0;  alias, 1 drivers
v0x5b10b3e12fc0_0 .net "fetch1_fault_fetch_o", 0 0, L_0x5b10b3e79930;  alias, 1 drivers
v0x5b10b3e13060_0 .net "fetch1_fault_page_o", 0 0, L_0x5b10b3e797c0;  alias, 1 drivers
v0x5b10b3e13100_0 .net "fetch1_instr_branch_o", 0 0, L_0x5b10b3ed92a0;  alias, 1 drivers
v0x5b10b3e131a0_0 .net "fetch1_instr_csr_o", 0 0, L_0x5b10b3eddd60;  alias, 1 drivers
v0x5b10b3e13240_0 .net "fetch1_instr_div_o", 0 0, L_0x5b10b3edb570;  alias, 1 drivers
v0x5b10b3e132e0_0 .net "fetch1_instr_exec_o", 0 0, L_0x5b10b3ec06c0;  alias, 1 drivers
v0x5b10b3e13590_0 .net "fetch1_instr_invalid_o", 0 0, L_0x5b10b3ec25a0;  alias, 1 drivers
v0x5b10b3e13630_0 .net "fetch1_instr_lsu_o", 0 0, L_0x5b10b3ed8c40;  alias, 1 drivers
v0x5b10b3e136d0_0 .net "fetch1_instr_mul_o", 0 0, L_0x5b10b3eda440;  alias, 1 drivers
v0x5b10b3e13770_0 .net "fetch1_instr_o", 31 0, L_0x5b10b3e78930;  alias, 1 drivers
v0x5b10b3e13810_0 .net "fetch1_instr_rd_valid_o", 0 0, L_0x5b10b3ecf170;  alias, 1 drivers
v0x5b10b3e138b0_0 .net "fetch1_pc_o", 31 0, L_0x5b10b3e780c0;  alias, 1 drivers
v0x5b10b3e13950_0 .net "fetch1_valid_o", 0 0, L_0x5b10b3e773e0;  alias, 1 drivers
v0x5b10b3e139f0_0 .net "fetch_accept_w", 0 0, L_0x5b10b3e77760;  1 drivers
v0x5b10b3e13a90_0 .net "fetch_fault_fetch_w", 0 0, L_0x5b10b3ee0ef0;  1 drivers
v0x5b10b3e13b30_0 .net "fetch_fault_page_w", 0 0, L_0x5b10b3ee1160;  1 drivers
v0x5b10b3e13bd0_0 .net "fetch_instr_w", 63 0, L_0x5b10b3ee0890;  1 drivers
v0x5b10b3e13c70_0 .net "fetch_invalidate_i", 0 0, v0x5b10b3d2f930_0;  alias, 1 drivers
v0x5b10b3e13d10_0 .net "fetch_pc_accept_w", 0 0, L_0x5b10b3ee1290;  1 drivers
v0x5b10b3e13db0_0 .net "fetch_pc_f_w", 31 0, L_0x5b10b3ee0820;  1 drivers
v0x5b10b3e13e50_0 .net "fetch_pc_w", 31 0, L_0x5b10b3ee05b0;  1 drivers
v0x5b10b3e13ef0_0 .net "fetch_pred_branch_w", 1 0, L_0x5b10b3ee0b70;  1 drivers
v0x5b10b3e13f90_0 .net "fetch_valid_w", 0 0, L_0x5b10b3ee0210;  1 drivers
v0x5b10b3e14030_0 .net "icache_accept_i", 0 0, L_0x5b10b3ee1700;  alias, 1 drivers
v0x5b10b3e140d0_0 .net "icache_error_i", 0 0, L_0x5b10b3ee1870;  alias, 1 drivers
v0x5b10b3e14170_0 .net "icache_flush_o", 0 0, L_0x5b10b3edfe10;  alias, 1 drivers
v0x5b10b3e14210_0 .net "icache_inst_i", 63 0, L_0x5b10b3ee1970;  alias, 1 drivers
v0x5b10b3e142b0_0 .net "icache_invalidate_o", 0 0, L_0x7c1d1eaaac40;  alias, 1 drivers
v0x5b10b3e14350_0 .net "icache_page_fault_i", 0 0, L_0x7c1d1eaaacd0;  alias, 1 drivers
v0x5b10b3e143f0_0 .net "icache_pc_o", 31 0, L_0x5b10b3edfcb0;  alias, 1 drivers
v0x5b10b3e14490_0 .net "icache_priv_o", 1 0, L_0x5b10b3edfda0;  alias, 1 drivers
v0x5b10b3e14530_0 .net "icache_rd_o", 0 0, L_0x5b10b3edfb00;  alias, 1 drivers
v0x5b10b3e145d0_0 .net "icache_valid_i", 0 0, L_0x5b10b3ee1800;  alias, 1 drivers
v0x5b10b3e14670_0 .net "next_pc_f_w", 31 0, L_0x5b10b3e76120;  1 drivers
L_0x7c1d1ea9f0a8 .functor BUFT 1, C4<00>, C4<0>, C4<0>, C4<0>;
v0x5b10b3e14710_0 .net "next_taken_f_w", 1 0, L_0x7c1d1ea9f0a8;  1 drivers
v0x5b10b3e147b0_0 .net "rst_i", 0 0, v0x5b10b3e65f10_0;  alias, 1 drivers
S_0x5b10b3c22b50 .scope module, "u_decode" "biriscv_decode" 11 160, 12 26 0, S_0x5b10b3ca9220;
 .timescale 0 0;
    .port_info 0 /INPUT 1 "clk_i";
    .port_info 1 /INPUT 1 "rst_i";
    .port_info 2 /INPUT 1 "fetch_in_valid_i";
    .port_info 3 /INPUT 64 "fetch_in_instr_i";
    .port_info 4 /INPUT 2 "fetch_in_pred_branch_i";
    .port_info 5 /INPUT 1 "fetch_in_fault_fetch_i";
    .port_info 6 /INPUT 1 "fetch_in_fault_page_i";
    .port_info 7 /INPUT 32 "fetch_in_pc_i";
    .port_info 8 /INPUT 1 "fetch_out0_accept_i";
    .port_info 9 /INPUT 1 "fetch_out1_accept_i";
    .port_info 10 /INPUT 1 "branch_request_i";
    .port_info 11 /INPUT 32 "branch_pc_i";
    .port_info 12 /INPUT 2 "branch_priv_i";
    .port_info 13 /OUTPUT 1 "fetch_in_accept_o";
    .port_info 14 /OUTPUT 1 "fetch_out0_valid_o";
    .port_info 15 /OUTPUT 32 "fetch_out0_instr_o";
    .port_info 16 /OUTPUT 32 "fetch_out0_pc_o";
    .port_info 17 /OUTPUT 1 "fetch_out0_fault_fetch_o";
    .port_info 18 /OUTPUT 1 "fetch_out0_fault_page_o";
    .port_info 19 /OUTPUT 1 "fetch_out0_instr_exec_o";
    .port_info 20 /OUTPUT 1 "fetch_out0_instr_lsu_o";
    .port_info 21 /OUTPUT 1 "fetch_out0_instr_branch_o";
    .port_info 22 /OUTPUT 1 "fetch_out0_instr_mul_o";
    .port_info 23 /OUTPUT 1 "fetch_out0_instr_div_o";
    .port_info 24 /OUTPUT 1 "fetch_out0_instr_csr_o";
    .port_info 25 /OUTPUT 1 "fetch_out0_instr_rd_valid_o";
    .port_info 26 /OUTPUT 1 "fetch_out0_instr_invalid_o";
    .port_info 27 /OUTPUT 1 "fetch_out1_valid_o";
    .port_info 28 /OUTPUT 32 "fetch_out1_instr_o";
    .port_info 29 /OUTPUT 32 "fetch_out1_pc_o";
    .port_info 30 /OUTPUT 1 "fetch_out1_fault_fetch_o";
    .port_info 31 /OUTPUT 1 "fetch_out1_fault_page_o";
    .port_info 32 /OUTPUT 1 "fetch_out1_instr_exec_o";
    .port_info 33 /OUTPUT 1 "fetch_out1_instr_lsu_o";
    .port_info 34 /OUTPUT 1 "fetch_out1_instr_branch_o";
    .port_info 35 /OUTPUT 1 "fetch_out1_instr_mul_o";
    .port_info 36 /OUTPUT 1 "fetch_out1_instr_div_o";
    .port_info 37 /OUTPUT 1 "fetch_out1_instr_csr_o";
    .port_info 38 /OUTPUT 1 "fetch_out1_instr_rd_valid_o";
    .port_info 39 /OUTPUT 1 "fetch_out1_instr_invalid_o";
P_0x5b10b3ccc910 .param/l "EXTRA_DECODE_STAGE" 0 12 32, +C4<00000000000000000000000000000000>;
P_0x5b10b3ccc950 .param/l "SUPPORT_MULDIV" 0 12 31, +C4<00000000000000000000000000000001>;
v0x5b10b3e0bc50_0 .net "branch_pc_i", 31 0, L_0x5b10b3ef8470;  alias, 1 drivers
v0x5b10b3e0bcf0_0 .net "branch_priv_i", 1 0, L_0x5b10b3ef88f0;  alias, 1 drivers
v0x5b10b3e0bd90_0 .net "branch_request_i", 0 0, L_0x5b10b3ef8880;  alias, 1 drivers
v0x5b10b3e0be30_0 .net "clk_i", 0 0, v0x5b10b3e64cc0_0;  alias, 1 drivers
L_0x7c1d1eaaab20 .functor BUFT 1, C4<1>, C4<0>, C4<0>, C4<0>;
v0x5b10b3e0bed0_0 .net "enable_muldiv_w", 0 0, L_0x7c1d1eaaab20;  1 drivers
v0x5b10b3e0bf70_0 .net "fetch_in_accept_o", 0 0, L_0x5b10b3e77760;  alias, 1 drivers
v0x5b10b3e0c010_0 .net "fetch_in_fault_fetch_i", 0 0, L_0x5b10b3ee0ef0;  alias, 1 drivers
v0x5b10b3e0c0b0_0 .net "fetch_in_fault_page_i", 0 0, L_0x5b10b3ee1160;  alias, 1 drivers
v0x5b10b3e0c150_0 .net "fetch_in_instr_i", 63 0, L_0x5b10b3ee0890;  alias, 1 drivers
v0x5b10b3e0c1f0_0 .net "fetch_in_pc_i", 31 0, L_0x5b10b3ee05b0;  alias, 1 drivers
v0x5b10b3e0c290_0 .net "fetch_in_pred_branch_i", 1 0, L_0x5b10b3ee0b70;  alias, 1 drivers
v0x5b10b3e0c330_0 .net "fetch_in_valid_i", 0 0, L_0x5b10b3ee0210;  alias, 1 drivers
v0x5b10b3e0c3d0_0 .net "fetch_out0_accept_i", 0 0, L_0x5b10b3f07cd0;  alias, 1 drivers
v0x5b10b3e0c470_0 .net "fetch_out0_fault_fetch_o", 0 0, L_0x5b10b3e79690;  alias, 1 drivers
v0x5b10b3e0c510_0 .net "fetch_out0_fault_page_o", 0 0, L_0x5b10b3e795f0;  alias, 1 drivers
v0x5b10b3e0c5b0_0 .net "fetch_out0_instr_branch_o", 0 0, L_0x5b10b3ea6c60;  alias, 1 drivers
v0x5b10b3e0c650_0 .net "fetch_out0_instr_csr_o", 0 0, L_0x5b10b3eab770;  alias, 1 drivers
v0x5b10b3e0c800_0 .net "fetch_out0_instr_div_o", 0 0, L_0x5b10b3ea8f80;  alias, 1 drivers
v0x5b10b3e0c8a0_0 .net "fetch_out0_instr_exec_o", 0 0, L_0x5b10b3e8e5e0;  alias, 1 drivers
v0x5b10b3e0c940_0 .net "fetch_out0_instr_invalid_o", 0 0, L_0x5b10b3e90580;  alias, 1 drivers
v0x5b10b3e0c9e0_0 .net "fetch_out0_instr_lsu_o", 0 0, L_0x5b10b3ea66a0;  alias, 1 drivers
v0x5b10b3e0ca80_0 .net "fetch_out0_instr_mul_o", 0 0, L_0x5b10b3ea7e00;  alias, 1 drivers
v0x5b10b3e0cb20_0 .net "fetch_out0_instr_o", 31 0, L_0x5b10b3e78200;  alias, 1 drivers
v0x5b10b3e0cbc0_0 .net "fetch_out0_instr_rd_valid_o", 0 0, L_0x5b10b3e9c0c0;  alias, 1 drivers
v0x5b10b3e0cc60_0 .net "fetch_out0_pc_o", 31 0, L_0x5b10b3e77bf0;  alias, 1 drivers
v0x5b10b3e0cd00_0 .net "fetch_out0_valid_o", 0 0, L_0x5b10b3e76de0;  alias, 1 drivers
v0x5b10b3e0cda0_0 .net "fetch_out1_accept_i", 0 0, L_0x5b10b3f084f0;  alias, 1 drivers
v0x5b10b3e0ce40_0 .net "fetch_out1_fault_fetch_o", 0 0, L_0x5b10b3e79930;  alias, 1 drivers
v0x5b10b3e0cee0_0 .net "fetch_out1_fault_page_o", 0 0, L_0x5b10b3e797c0;  alias, 1 drivers
v0x5b10b3e0cf80_0 .net "fetch_out1_instr_branch_o", 0 0, L_0x5b10b3ed92a0;  alias, 1 drivers
v0x5b10b3e0d020_0 .net "fetch_out1_instr_csr_o", 0 0, L_0x5b10b3eddd60;  alias, 1 drivers
v0x5b10b3e0d0c0_0 .net "fetch_out1_instr_div_o", 0 0, L_0x5b10b3edb570;  alias, 1 drivers
v0x5b10b3e0d160_0 .net "fetch_out1_instr_exec_o", 0 0, L_0x5b10b3ec06c0;  alias, 1 drivers
v0x5b10b3e0d200_0 .net "fetch_out1_instr_invalid_o", 0 0, L_0x5b10b3ec25a0;  alias, 1 drivers
v0x5b10b3e0d2a0_0 .net "fetch_out1_instr_lsu_o", 0 0, L_0x5b10b3ed8c40;  alias, 1 drivers
v0x5b10b3e0d340_0 .net "fetch_out1_instr_mul_o", 0 0, L_0x5b10b3eda440;  alias, 1 drivers
v0x5b10b3e0d3e0_0 .net "fetch_out1_instr_o", 31 0, L_0x5b10b3e78930;  alias, 1 drivers
v0x5b10b3e0d480_0 .net "fetch_out1_instr_rd_valid_o", 0 0, L_0x5b10b3ecf170;  alias, 1 drivers
v0x5b10b3e0d520_0 .net "fetch_out1_pc_o", 31 0, L_0x5b10b3e780c0;  alias, 1 drivers
v0x5b10b3e0d5c0_0 .net "fetch_out1_valid_o", 0 0, L_0x5b10b3e773e0;  alias, 1 drivers
v0x5b10b3e0d660_0 .net "rst_i", 0 0, v0x5b10b3e65f10_0;  alias, 1 drivers
S_0x5b10b3bee4e0 .scope generate, "genblk2" "genblk2" 12 91, 12 91 0, S_0x5b10b3c22b50;
 .timescale 0 0;
L_0x5b10b3e77600 .functor OR 1, L_0x5b10b3ee1160, L_0x5b10b3ee0ef0, C4<0>, C4<0>;
L_0x5b10b3eab830 .functor OR 1, L_0x5b10b3e79690, L_0x5b10b3e795f0, C4<0>, C4<0>;
L_0x5b10b3edde20 .functor OR 1, L_0x5b10b3e79930, L_0x5b10b3e797c0, C4<0>, C4<0>;
v0x5b10b3e0bb10_0 .net *"_ivl_0", 0 0, L_0x5b10b3e77600;  1 drivers
L_0x7c1d1ea9f5b8 .functor BUFT 1, C4<0000000000000000000000000000000000000000000000000000000000000000>, C4<0>, C4<0>, C4<0>;
v0x5b10b3e0bbb0_0 .net/2u *"_ivl_2", 63 0, L_0x7c1d1ea9f5b8;  1 drivers
L_0x5b10b3e79370 .functor MUXZ 64, L_0x5b10b3ee0890, L_0x7c1d1ea9f5b8, L_0x5b10b3e77600, C4<>;
L_0x5b10b3e794b0 .concat [ 1 1 0 0], L_0x5b10b3ee0ef0, L_0x5b10b3ee1160;
L_0x5b10b3e79550 .concat [ 1 1 0 0], L_0x5b10b3ee0ef0, L_0x5b10b3ee1160;
L_0x5b10b3e795f0 .part L_0x5b10b3e77a40, 1, 1;
L_0x5b10b3e79690 .part L_0x5b10b3e77a40, 0, 1;
L_0x5b10b3e797c0 .part L_0x5b10b3e791e0, 1, 1;
L_0x5b10b3e79930 .part L_0x5b10b3e791e0, 0, 1;
S_0x5b10b3bedd80 .scope module, "u_dec0" "biriscv_decoder" 12 240, 13 27 0, S_0x5b10b3bee4e0;
 .timescale 0 0;
    .port_info 0 /INPUT 1 "valid_i";
    .port_info 1 /INPUT 1 "fetch_fault_i";
    .port_info 2 /INPUT 1 "enable_muldiv_i";
    .port_info 3 /INPUT 32 "opcode_i";
    .port_info 4 /OUTPUT 1 "invalid_o";
    .port_info 5 /OUTPUT 1 "exec_o";
    .port_info 6 /OUTPUT 1 "lsu_o";
    .port_info 7 /OUTPUT 1 "branch_o";
    .port_info 8 /OUTPUT 1 "mul_o";
    .port_info 9 /OUTPUT 1 "div_o";
    .port_info 10 /OUTPUT 1 "csr_o";
    .port_info 11 /OUTPUT 1 "rd_valid_o";
L_0x7c1d1ea9f600 .functor BUFT 1, C4<00000000000000000111000001111111>, C4<0>, C4<0>, C4<0>;
L_0x5b10b3e79a60 .functor AND 32, L_0x5b10b3e78200, L_0x7c1d1ea9f600, C4<11111111111111111111111111111111>, C4<11111111111111111111111111111111>;
L_0x7c1d1ea9f690 .functor BUFT 1, C4<00000000000000000111000001111111>, C4<0>, C4<0>, C4<0>;
L_0x5b10b3e79b70 .functor AND 32, L_0x5b10b3e78200, L_0x7c1d1ea9f690, C4<11111111111111111111111111111111>, C4<11111111111111111111111111111111>;
L_0x5b10b3e79e30 .functor OR 1, L_0x5b10b3e79ad0, L_0x5b10b3e79cf0, C4<0>, C4<0>;
L_0x7c1d1ea9f720 .functor BUFT 1, C4<00000000000000000111000001111111>, C4<0>, C4<0>, C4<0>;
L_0x5b10b3e79f40 .functor AND 32, L_0x5b10b3e78200, L_0x7c1d1ea9f720, C4<11111111111111111111111111111111>, C4<11111111111111111111111111111111>;
L_0x5b10b3e7a140 .functor OR 1, L_0x5b10b3e79e30, L_0x5b10b3e7a000, C4<0>, C4<0>;
L_0x7c1d1ea9f7b0 .functor BUFT 1, C4<00000000000000000111000001111111>, C4<0>, C4<0>, C4<0>;
L_0x5b10b3e7a250 .functor AND 32, L_0x5b10b3e78200, L_0x7c1d1ea9f7b0, C4<11111111111111111111111111111111>, C4<11111111111111111111111111111111>;
L_0x5b10b3e7a490 .functor OR 1, L_0x5b10b3e7a140, L_0x5b10b3e7a350, C4<0>, C4<0>;
L_0x7c1d1ea9f840 .functor BUFT 1, C4<00000000000000000111000001111111>, C4<0>, C4<0>, C4<0>;
L_0x5b10b3e7a5a0 .functor AND 32, L_0x5b10b3e78200, L_0x7c1d1ea9f840, C4<11111111111111111111111111111111>, C4<11111111111111111111111111111111>;
L_0x5b10b3e7a7f0 .functor OR 1, L_0x5b10b3e7a490, L_0x5b10b3e7a6b0, C4<0>, C4<0>;
L_0x7c1d1ea9f8d0 .functor BUFT 1, C4<00000000000000000111000001111111>, C4<0>, C4<0>, C4<0>;
L_0x5b10b3e7a900 .functor AND 32, L_0x5b10b3e78200, L_0x7c1d1ea9f8d0, C4<11111111111111111111111111111111>, C4<11111111111111111111111111111111>;
L_0x5b10b3e7ad00 .functor OR 1, L_0x5b10b3e7a7f0, L_0x5b10b3e7abd0, C4<0>, C4<0>;
L_0x7c1d1ea9f960 .functor BUFT 1, C4<11111100000000000111000001111111>, C4<0>, C4<0>, C4<0>;
L_0x5b10b3e7ae10 .functor AND 32, L_0x5b10b3e78200, L_0x7c1d1ea9f960, C4<11111111111111111111111111111111>, C4<11111111111111111111111111111111>;
L_0x5b10b3e7b080 .functor OR 1, L_0x5b10b3e7ad00, L_0x5b10b3e7af40, C4<0>, C4<0>;
L_0x7c1d1ea9f9f0 .functor BUFT 1, C4<11111100000000000111000001111111>, C4<0>, C4<0>, C4<0>;
L_0x5b10b3e7b190 .functor AND 32, L_0x5b10b3e78200, L_0x7c1d1ea9f9f0, C4<11111111111111111111111111111111>, C4<11111111111111111111111111111111>;
L_0x5b10b3e7aed0 .functor OR 1, L_0x5b10b3e7b080, L_0x5b10b3e7b2d0, C4<0>, C4<0>;
L_0x7c1d1ea9fa80 .functor BUFT 1, C4<11111100000000000111000001111111>, C4<0>, C4<0>, C4<0>;
L_0x5b10b3e7b500 .functor AND 32, L_0x5b10b3e78200, L_0x7c1d1ea9fa80, C4<11111111111111111111111111111111>, C4<11111111111111111111111111111111>;
L_0x5b10b3e7b790 .functor OR 1, L_0x5b10b3e7aed0, L_0x5b10b3e7b650, C4<0>, C4<0>;
L_0x7c1d1ea9fb10 .functor BUFT 1, C4<00000000000000000000000001111111>, C4<0>, C4<0>, C4<0>;
L_0x5b10b3e7b8a0 .functor AND 32, L_0x5b10b3e78200, L_0x7c1d1ea9fb10, C4<11111111111111111111111111111111>, C4<11111111111111111111111111111111>;
L_0x5b10b3e7bd50 .functor OR 1, L_0x5b10b3e7b790, L_0x5b10b3e7bc10, C4<0>, C4<0>;
L_0x7c1d1ea9fba0 .functor BUFT 1, C4<00000000000000000000000001111111>, C4<0>, C4<0>, C4<0>;
L_0x5b10b3e7be10 .functor AND 32, L_0x5b10b3e78200, L_0x7c1d1ea9fba0, C4<11111111111111111111111111111111>, C4<11111111111111111111111111111111>;
L_0x5b10b3e7c020 .functor OR 1, L_0x5b10b3e7bd50, L_0x5b10b3e7bb70, C4<0>, C4<0>;
L_0x7c1d1ea9fc30 .functor BUFT 1, C4<11111110000000000111000001111111>, C4<0>, C4<0>, C4<0>;
L_0x5b10b3e7c130 .functor AND 32, L_0x5b10b3e78200, L_0x7c1d1ea9fc30, C4<11111111111111111111111111111111>, C4<11111111111111111111111111111111>;
L_0x5b10b3e7c460 .functor OR 1, L_0x5b10b3e7c020, L_0x5b10b3e7c2b0, C4<0>, C4<0>;
L_0x7c1d1ea9fcc0 .functor BUFT 1, C4<11111110000000000111000001111111>, C4<0>, C4<0>, C4<0>;
L_0x5b10b3e7c570 .functor AND 32, L_0x5b10b3e78200, L_0x7c1d1ea9fcc0, C4<11111111111111111111111111111111>, C4<11111111111111111111111111111111>;
L_0x5b10b3e7c840 .functor OR 1, L_0x5b10b3e7c460, L_0x5b10b3e7c700, C4<0>, C4<0>;
L_0x7c1d1ea9fd50 .functor BUFT 1, C4<11111110000000000111000001111111>, C4<0>, C4<0>, C4<0>;
L_0x5b10b3e7c950 .functor AND 32, L_0x5b10b3e78200, L_0x7c1d1ea9fd50, C4<11111111111111111111111111111111>, C4<11111111111111111111111111111111>;
L_0x5b10b3e7c3f0 .functor OR 1, L_0x5b10b3e7c840, L_0x5b10b3e7caf0, C4<0>, C4<0>;
L_0x7c1d1ea9fde0 .functor BUFT 1, C4<11111110000000000111000001111111>, C4<0>, C4<0>, C4<0>;
L_0x5b10b3e7cd50 .functor AND 32, L_0x5b10b3e78200, L_0x7c1d1ea9fde0, C4<11111111111111111111111111111111>, C4<11111111111111111111111111111111>;
L_0x5b10b3e7d040 .functor OR 1, L_0x5b10b3e7c3f0, L_0x5b10b3e7cf00, C4<0>, C4<0>;
L_0x7c1d1ea9fe70 .functor BUFT 1, C4<11111110000000000111000001111111>, C4<0>, C4<0>, C4<0>;
L_0x5b10b3e7d150 .functor AND 32, L_0x5b10b3e78200, L_0x7c1d1ea9fe70, C4<11111111111111111111111111111111>, C4<11111111111111111111111111111111>;
L_0x5b10b3e7d4e0 .functor OR 1, L_0x5b10b3e7d040, L_0x5b10b3e7d310, C4<0>, C4<0>;
L_0x7c1d1ea9ff00 .functor BUFT 1, C4<11111110000000000111000001111111>, C4<0>, C4<0>, C4<0>;
L_0x5b10b3e7d5f0 .functor AND 32, L_0x5b10b3e78200, L_0x7c1d1ea9ff00, C4<11111111111111111111111111111111>, C4<11111111111111111111111111111111>;
L_0x5b10b3e7d900 .functor OR 1, L_0x5b10b3e7d4e0, L_0x5b10b3e7d7c0, C4<0>, C4<0>;
L_0x7c1d1ea9ff90 .functor BUFT 1, C4<11111110000000000111000001111111>, C4<0>, C4<0>, C4<0>;
L_0x5b10b3e7da10 .functor AND 32, L_0x5b10b3e78200, L_0x7c1d1ea9ff90, C4<11111111111111111111111111111111>, C4<11111111111111111111111111111111>;
L_0x5b10b3e7ddd0 .functor OR 1, L_0x5b10b3e7d900, L_0x5b10b3e7dbf0, C4<0>, C4<0>;
L_0x7c1d1eaa0020 .functor BUFT 1, C4<11111110000000000111000001111111>, C4<0>, C4<0>, C4<0>;
L_0x5b10b3e7dee0 .functor AND 32, L_0x5b10b3e78200, L_0x7c1d1eaa0020, C4<11111111111111111111111111111111>, C4<11111111111111111111111111111111>;
L_0x5b10b3e7e210 .functor OR 1, L_0x5b10b3e7ddd0, L_0x5b10b3e7e0d0, C4<0>, C4<0>;
L_0x7c1d1eaa00b0 .functor BUFT 1, C4<11111110000000000111000001111111>, C4<0>, C4<0>, C4<0>;
L_0x5b10b3e7e320 .functor AND 32, L_0x5b10b3e78200, L_0x7c1d1eaa00b0, C4<11111111111111111111111111111111>, C4<11111111111111111111111111111111>;
L_0x5b10b3e7e710 .functor OR 1, L_0x5b10b3e7e210, L_0x5b10b3e7e520, C4<0>, C4<0>;
L_0x7c1d1eaa0140 .functor BUFT 1, C4<11111110000000000111000001111111>, C4<0>, C4<0>, C4<0>;
L_0x5b10b3e7e820 .functor AND 32, L_0x5b10b3e78200, L_0x7c1d1eaa0140, C4<11111111111111111111111111111111>, C4<11111111111111111111111111111111>;
L_0x5b10b3e7ead0 .functor OR 1, L_0x5b10b3e7e710, L_0x5b10b3e7dd30, C4<0>, C4<0>;
L_0x7c1d1eaa01d0 .functor BUFT 1, C4<00000000000000000000000001111111>, C4<0>, C4<0>, C4<0>;
L_0x5b10b3e7ebe0 .functor AND 32, L_0x5b10b3e78200, L_0x7c1d1eaa01d0, C4<11111111111111111111111111111111>, C4<11111111111111111111111111111111>;
L_0x5b10b3e7f000 .functor OR 1, L_0x5b10b3e7ead0, L_0x5b10b3e7ee00, C4<0>, C4<0>;
L_0x7c1d1eaa0260 .functor BUFT 1, C4<00000000000000000111000001111111>, C4<0>, C4<0>, C4<0>;
L_0x5b10b3e7f110 .functor AND 32, L_0x5b10b3e78200, L_0x7c1d1eaa0260, C4<11111111111111111111111111111111>, C4<11111111111111111111111111111111>;
L_0x5b10b3e7f480 .functor OR 1, L_0x5b10b3e7f000, L_0x5b10b3e7f340, C4<0>, C4<0>;
L_0x7c1d1eaa02f0 .functor BUFT 1, C4<00000000000000000111000001111111>, C4<0>, C4<0>, C4<0>;
L_0x5b10b3e7f590 .functor AND 32, L_0x5b10b3e78200, L_0x7c1d1eaa02f0, C4<11111111111111111111111111111111>, C4<11111111111111111111111111111111>;
L_0x5b10b3e7f9e0 .functor OR 1, L_0x5b10b3e7f480, L_0x5b10b3e7f7d0, C4<0>, C4<0>;
L_0x7c1d1eaa0380 .functor BUFT 1, C4<00000000000000000111000001111111>, C4<0>, C4<0>, C4<0>;
L_0x5b10b3e7faf0 .functor AND 32, L_0x5b10b3e78200, L_0x7c1d1eaa0380, C4<11111111111111111111111111111111>, C4<11111111111111111111111111111111>;
L_0x5b10b3e7fe80 .functor OR 1, L_0x5b10b3e7f9e0, L_0x5b10b3e7fd40, C4<0>, C4<0>;
L_0x7c1d1eaa0410 .functor BUFT 1, C4<00000000000000000111000001111111>, C4<0>, C4<0>, C4<0>;
L_0x5b10b3e7ff90 .functor AND 32, L_0x5b10b3e78200, L_0x7c1d1eaa0410, C4<11111111111111111111111111111111>, C4<11111111111111111111111111111111>;
L_0x5b10b3e80780 .functor OR 1, L_0x5b10b3e7fe80, L_0x5b10b3e805b0, C4<0>, C4<0>;
L_0x7c1d1eaa04a0 .functor BUFT 1, C4<00000000000000000111000001111111>, C4<0>, C4<0>, C4<0>;
L_0x5b10b3e80890 .functor AND 32, L_0x5b10b3e78200, L_0x7c1d1eaa04a0, C4<11111111111111111111111111111111>, C4<11111111111111111111111111111111>;
L_0x5b10b3e80c40 .functor OR 1, L_0x5b10b3e80780, L_0x5b10b3e80b00, C4<0>, C4<0>;
L_0x7c1d1eaa0530 .functor BUFT 1, C4<00000000000000000111000001111111>, C4<0>, C4<0>, C4<0>;
L_0x5b10b3e80d50 .functor AND 32, L_0x5b10b3e78200, L_0x7c1d1eaa0530, C4<11111111111111111111111111111111>, C4<11111111111111111111111111111111>;
L_0x5b10b3e81200 .functor OR 1, L_0x5b10b3e80c40, L_0x5b10b3e80fd0, C4<0>, C4<0>;
L_0x7c1d1eaa05c0 .functor BUFT 1, C4<00000000000000000111000001111111>, C4<0>, C4<0>, C4<0>;
L_0x5b10b3e81310 .functor AND 32, L_0x5b10b3e78200, L_0x7c1d1eaa05c0, C4<11111111111111111111111111111111>, C4<11111111111111111111111111111111>;
L_0x5b10b3e816e0 .functor OR 1, L_0x5b10b3e81200, L_0x5b10b3e815a0, C4<0>, C4<0>;
L_0x7c1d1eaa0650 .functor BUFT 1, C4<00000000000000000111000001111111>, C4<0>, C4<0>, C4<0>;
L_0x5b10b3e817f0 .functor AND 32, L_0x5b10b3e78200, L_0x7c1d1eaa0650, C4<11111111111111111111111111111111>, C4<11111111111111111111111111111111>;
L_0x5b10b3e81cd0 .functor OR 1, L_0x5b10b3e816e0, L_0x5b10b3e81a90, C4<0>, C4<0>;
L_0x7c1d1eaa06e0 .functor BUFT 1, C4<00000000000000000111000001111111>, C4<0>, C4<0>, C4<0>;
L_0x5b10b3e81de0 .functor AND 32, L_0x5b10b3e78200, L_0x7c1d1eaa06e0, C4<11111111111111111111111111111111>, C4<11111111111111111111111111111111>;
L_0x5b10b3e821d0 .functor OR 1, L_0x5b10b3e81cd0, L_0x5b10b3e82090, C4<0>, C4<0>;
L_0x7c1d1eaa0770 .functor BUFT 1, C4<00000000000000000111000001111111>, C4<0>, C4<0>, C4<0>;
L_0x5b10b3e822e0 .functor AND 32, L_0x5b10b3e78200, L_0x7c1d1eaa0770, C4<11111111111111111111111111111111>, C4<11111111111111111111111111111111>;
L_0x5b10b3e827f0 .functor OR 1, L_0x5b10b3e821d0, L_0x5b10b3e825a0, C4<0>, C4<0>;
L_0x7c1d1eaa0800 .functor BUFT 1, C4<00000000000000000111000001111111>, C4<0>, C4<0>, C4<0>;
L_0x5b10b3e82900 .functor AND 32, L_0x5b10b3e78200, L_0x7c1d1eaa0800, C4<11111111111111111111111111111111>, C4<11111111111111111111111111111111>;
L_0x5b10b3e82d10 .functor OR 1, L_0x5b10b3e827f0, L_0x5b10b3e82bd0, C4<0>, C4<0>;
L_0x7c1d1eaa0890 .functor BUFT 1, C4<00000000000000000111000001111111>, C4<0>, C4<0>, C4<0>;
L_0x5b10b3e82e20 .functor AND 32, L_0x5b10b3e78200, L_0x7c1d1eaa0890, C4<11111111111111111111111111111111>, C4<11111111111111111111111111111111>;
L_0x5b10b3e83360 .functor OR 1, L_0x5b10b3e82d10, L_0x5b10b3e83100, C4<0>, C4<0>;
L_0x7c1d1eaa0920 .functor BUFT 1, C4<00000000000000000111000001111111>, C4<0>, C4<0>, C4<0>;
L_0x5b10b3e83470 .functor AND 32, L_0x5b10b3e78200, L_0x7c1d1eaa0920, C4<11111111111111111111111111111111>, C4<11111111111111111111111111111111>;
L_0x5b10b3e838a0 .functor OR 1, L_0x5b10b3e83360, L_0x5b10b3e83760, C4<0>, C4<0>;
L_0x7c1d1eaa09b0 .functor BUFT 1, C4<00000000000000000111000001111111>, C4<0>, C4<0>, C4<0>;
L_0x5b10b3e839b0 .functor AND 32, L_0x5b10b3e78200, L_0x7c1d1eaa09b0, C4<11111111111111111111111111111111>, C4<11111111111111111111111111111111>;
L_0x5b10b3e83240 .functor OR 1, L_0x5b10b3e838a0, L_0x5b10b3e83cb0, C4<0>, C4<0>;
L_0x7c1d1eaa0a40 .functor BUFT 1, C4<00000000000000000111000001111111>, C4<0>, C4<0>, C4<0>;
L_0x5b10b3e83f20 .functor AND 32, L_0x5b10b3e78200, L_0x7c1d1eaa0a40, C4<11111111111111111111111111111111>, C4<11111111111111111111111111111111>;
L_0x5b10b3e84370 .functor OR 1, L_0x5b10b3e83240, L_0x5b10b3e84230, C4<0>, C4<0>;
L_0x7c1d1eaa0ad0 .functor BUFT 1, C4<00000000000000000111000001111111>, C4<0>, C4<0>, C4<0>;
L_0x5b10b3e84480 .functor AND 32, L_0x5b10b3e78200, L_0x7c1d1eaa0ad0, C4<11111111111111111111111111111111>, C4<11111111111111111111111111111111>;
L_0x5b10b3e84a20 .functor OR 1, L_0x5b10b3e84370, L_0x5b10b3e847a0, C4<0>, C4<0>;
L_0x7c1d1eaa0b60 .functor BUFT 1, C4<11111111111111111111111111111111>, C4<0>, C4<0>, C4<0>;
L_0x5b10b3e84b30 .functor AND 32, L_0x5b10b3e78200, L_0x7c1d1eaa0b60, C4<11111111111111111111111111111111>, C4<11111111111111111111111111111111>;
L_0x5b10b3e84fa0 .functor OR 1, L_0x5b10b3e84a20, L_0x5b10b3e84e60, C4<0>, C4<0>;
L_0x7c1d1eaa0bf0 .functor BUFT 1, C4<11111111111111111111111111111111>, C4<0>, C4<0>, C4<0>;
L_0x5b10b3e850b0 .functor AND 32, L_0x5b10b3e78200, L_0x7c1d1eaa0bf0, C4<11111111111111111111111111111111>, C4<11111111111111111111111111111111>;
L_0x5b10b3e85680 .functor OR 1, L_0x5b10b3e84fa0, L_0x5b10b3e853f0, C4<0>, C4<0>;
L_0x7c1d1eaa0c80 .functor BUFT 1, C4<11001111111111111111111111111111>, C4<0>, C4<0>, C4<0>;
L_0x5b10b3e85790 .functor AND 32, L_0x5b10b3e78200, L_0x7c1d1eaa0c80, C4<11111111111111111111111111111111>, C4<11111111111111111111111111111111>;
L_0x5b10b3e85c20 .functor OR 1, L_0x5b10b3e85680, L_0x5b10b3e85ae0, C4<0>, C4<0>;
L_0x7c1d1eaa0d10 .functor BUFT 1, C4<00000000000000000111000001111111>, C4<0>, C4<0>, C4<0>;
L_0x5b10b3e85d30 .functor AND 32, L_0x5b10b3e78200, L_0x7c1d1eaa0d10, C4<11111111111111111111111111111111>, C4<11111111111111111111111111111111>;
L_0x5b10b3e86330 .functor OR 1, L_0x5b10b3e85c20, L_0x5b10b3e86090, C4<0>, C4<0>;
L_0x7c1d1eaa0da0 .functor BUFT 1, C4<00000000000000000111000001111111>, C4<0>, C4<0>, C4<0>;
L_0x5b10b3e86440 .functor AND 32, L_0x5b10b3e78200, L_0x7c1d1eaa0da0, C4<11111111111111111111111111111111>, C4<11111111111111111111111111111111>;
L_0x5b10b3e868f0 .functor OR 1, L_0x5b10b3e86330, L_0x5b10b3e867b0, C4<0>, C4<0>;
L_0x7c1d1eaa0e30 .functor BUFT 1, C4<00000000000000000111000001111111>, C4<0>, C4<0>, C4<0>;
L_0x5b10b3e86a00 .functor AND 32, L_0x5b10b3e78200, L_0x7c1d1eaa0e30, C4<11111111111111111111111111111111>, C4<11111111111111111111111111111111>;
L_0x5b10b3e87030 .functor OR 1, L_0x5b10b3e868f0, L_0x5b10b3e86d80, C4<0>, C4<0>;
L_0x7c1d1eaa0ec0 .functor BUFT 1, C4<00000000000000000111000001111111>, C4<0>, C4<0>, C4<0>;
L_0x5b10b3e87140 .functor AND 32, L_0x5b10b3e78200, L_0x7c1d1eaa0ec0, C4<11111111111111111111111111111111>, C4<11111111111111111111111111111111>;
L_0x5b10b3e87610 .functor OR 1, L_0x5b10b3e87030, L_0x5b10b3e874d0, C4<0>, C4<0>;
L_0x7c1d1eaa0f50 .functor BUFT 1, C4<00000000000000000111000001111111>, C4<0>, C4<0>, C4<0>;
L_0x5b10b3e87720 .functor AND 32, L_0x5b10b3e78200, L_0x7c1d1eaa0f50, C4<11111111111111111111111111111111>, C4<11111111111111111111111111111111>;
L_0x5b10b3e87d80 .functor OR 1, L_0x5b10b3e87610, L_0x5b10b3e87ac0, C4<0>, C4<0>;
L_0x7c1d1eaa0fe0 .functor BUFT 1, C4<00000000000000000111000001111111>, C4<0>, C4<0>, C4<0>;
L_0x5b10b3e87e90 .functor AND 32, L_0x5b10b3e78200, L_0x7c1d1eaa0fe0, C4<11111111111111111111111111111111>, C4<11111111111111111111111111111111>;
L_0x5b10b3e88380 .functor OR 1, L_0x5b10b3e87d80, L_0x5b10b3e88240, C4<0>, C4<0>;
L_0x7c1d1eaa1070 .functor BUFT 1, C4<11111111111111111000111111111111>, C4<0>, C4<0>, C4<0>;
L_0x5b10b3e88490 .functor AND 32, L_0x5b10b3e78200, L_0x7c1d1eaa1070, C4<11111111111111111111111111111111>, C4<11111111111111111111111111111111>;
L_0x5b10b3e88b20 .functor OR 1, L_0x5b10b3e88380, L_0x5b10b3e88850, C4<0>, C4<0>;
L_0x7c1d1eaa1100 .functor BUFT 1, C4<00000000000000000111000001111111>, C4<0>, C4<0>, C4<0>;
L_0x5b10b3e88c30 .functor AND 32, L_0x5b10b3e78200, L_0x7c1d1eaa1100, C4<11111111111111111111111111111111>, C4<11111111111111111111111111111111>;
L_0x5b10b3e89140 .functor OR 1, L_0x5b10b3e88b20, L_0x5b10b3e89000, C4<0>, C4<0>;
L_0x7c1d1eaa1190 .functor BUFT 1, C4<00000000000000000111000001111111>, C4<0>, C4<0>, C4<0>;
L_0x5b10b3e89250 .functor AND 32, L_0x5b10b3e78200, L_0x7c1d1eaa1190, C4<11111111111111111111111111111111>, C4<11111111111111111111111111111111>;
L_0x5b10b3e89910 .functor OR 1, L_0x5b10b3e89140, L_0x5b10b3e89630, C4<0>, C4<0>;
L_0x7c1d1eaa1220 .functor BUFT 1, C4<11111110000000000111111111111111>, C4<0>, C4<0>, C4<0>;
L_0x5b10b3e89a20 .functor AND 32, L_0x5b10b3e78200, L_0x7c1d1eaa1220, C4<11111111111111111111111111111111>, C4<11111111111111111111111111111111>;
L_0x5b10b3e89f50 .functor OR 1, L_0x5b10b3e89910, L_0x5b10b3e89e10, C4<0>, C4<0>;
L_0x7c1d1eaa12b0 .functor BUFT 1, C4<11111110000000000111000001111111>, C4<0>, C4<0>, C4<0>;
L_0x5b10b3e8a060 .functor AND 32, L_0x5b10b3e78200, L_0x7c1d1eaa12b0, C4<11111111111111111111111111111111>, C4<11111111111111111111111111111111>;
L_0x5b10b3e8a750 .functor AND 1, L_0x7c1d1eaaab20, L_0x5b10b3e8a460, C4<1>, C4<1>;
L_0x5b10b3e8a810 .functor OR 1, L_0x5b10b3e89f50, L_0x5b10b3e8a750, C4<0>, C4<0>;
L_0x7c1d1eaa1340 .functor BUFT 1, C4<11111110000000000111000001111111>, C4<0>, C4<0>, C4<0>;
L_0x5b10b3e8ac70 .functor AND 32, L_0x5b10b3e78200, L_0x7c1d1eaa1340, C4<11111111111111111111111111111111>, C4<11111111111111111111111111111111>;
L_0x5b10b3e8ae70 .functor AND 1, L_0x7c1d1eaaab20, L_0x5b10b3e8ad30, C4<1>, C4<1>;
L_0x5b10b3e8b240 .functor OR 1, L_0x5b10b3e8a810, L_0x5b10b3e8ae70, C4<0>, C4<0>;
L_0x7c1d1eaa13d0 .functor BUFT 1, C4<11111110000000000111000001111111>, C4<0>, C4<0>, C4<0>;
L_0x5b10b3e8b350 .functor AND 32, L_0x5b10b3e78200, L_0x7c1d1eaa13d0, C4<11111111111111111111111111111111>, C4<11111111111111111111111111111111>;
L_0x5b10b3e8c1f0 .functor AND 1, L_0x7c1d1eaaab20, L_0x5b10b3e8bf90, C4<1>, C4<1>;
L_0x5b10b3e8c260 .functor OR 1, L_0x5b10b3e8b240, L_0x5b10b3e8c1f0, C4<0>, C4<0>;
L_0x7c1d1eaa1460 .functor BUFT 1, C4<11111110000000000111000001111111>, C4<0>, C4<0>, C4<0>;
L_0x5b10b3e8c6f0 .functor AND 32, L_0x5b10b3e78200, L_0x7c1d1eaa1460, C4<11111111111111111111111111111111>, C4<11111111111111111111111111111111>;
L_0x5b10b3e8c8f0 .functor AND 1, L_0x7c1d1eaaab20, L_0x5b10b3e8c7b0, C4<1>, C4<1>;
L_0x5b10b3e8cd40 .functor OR 1, L_0x5b10b3e8c260, L_0x5b10b3e8c8f0, C4<0>, C4<0>;
L_0x7c1d1eaa14f0 .functor BUFT 1, C4<11111110000000000111000001111111>, C4<0>, C4<0>, C4<0>;
L_0x5b10b3e8ce50 .functor AND 32, L_0x5b10b3e78200, L_0x7c1d1eaa14f0, C4<11111111111111111111111111111111>, C4<11111111111111111111111111111111>;
L_0x5b10b3e8d5c0 .functor AND 1, L_0x7c1d1eaaab20, L_0x5b10b3e8d2b0, C4<1>, C4<1>;
L_0x5b10b3e8d680 .functor OR 1, L_0x5b10b3e8cd40, L_0x5b10b3e8d5c0, C4<0>, C4<0>;
L_0x7c1d1eaa1580 .functor BUFT 1, C4<11111110000000000111000001111111>, C4<0>, C4<0>, C4<0>;
L_0x5b10b3e8db40 .functor AND 32, L_0x5b10b3e78200, L_0x7c1d1eaa1580, C4<11111111111111111111111111111111>, C4<11111111111111111111111111111111>;
L_0x5b10b3e8dd40 .functor AND 1, L_0x7c1d1eaaab20, L_0x5b10b3e8dc00, C4<1>, C4<1>;
L_0x5b10b3e8e1c0 .functor OR 1, L_0x5b10b3e8d680, L_0x5b10b3e8dd40, C4<0>, C4<0>;
L_0x7c1d1eaa1610 .functor BUFT 1, C4<11111110000000000111000001111111>, C4<0>, C4<0>, C4<0>;
L_0x5b10b3e8e2d0 .functor AND 32, L_0x5b10b3e78200, L_0x7c1d1eaa1610, C4<11111111111111111111111111111111>, C4<11111111111111111111111111111111>;
L_0x5b10b3e8f290 .functor AND 1, L_0x7c1d1eaaab20, L_0x5b10b3e8ef70, C4<1>, C4<1>;
L_0x5b10b3e8f350 .functor OR 1, L_0x5b10b3e8e1c0, L_0x5b10b3e8f290, C4<0>, C4<0>;
L_0x7c1d1eaa16a0 .functor BUFT 1, C4<11111110000000000111000001111111>, C4<0>, C4<0>, C4<0>;
L_0x5b10b3e8f840 .functor AND 32, L_0x5b10b3e78200, L_0x7c1d1eaa16a0, C4<11111111111111111111111111111111>, C4<11111111111111111111111111111111>;
L_0x5b10b3e8fa40 .functor AND 1, L_0x7c1d1eaaab20, L_0x5b10b3e8f900, C4<1>, C4<1>;
L_0x5b10b3e8fef0 .functor OR 1, L_0x5b10b3e8f350, L_0x5b10b3e8fa40, C4<0>, C4<0>;
L_0x5b10b3e90000 .functor NOT 1, L_0x5b10b3e8fef0, C4<0>, C4<0>, C4<0>;
L_0x5b10b3e904c0 .functor AND 1, L_0x5b10b3e76de0, L_0x5b10b3e90000, C4<1>, C4<1>;
L_0x5b10b3e90580 .functor BUFZ 1, L_0x5b10b3e904c0, C4<0>, C4<0>, C4<0>;
L_0x7c1d1eaa1730 .functor BUFT 1, C4<00000000000000000111000001111111>, C4<0>, C4<0>, C4<0>;
L_0x5b10b3e90a50 .functor AND 32, L_0x5b10b3e78200, L_0x7c1d1eaa1730, C4<11111111111111111111111111111111>, C4<11111111111111111111111111111111>;
L_0x7c1d1eaa17c0 .functor BUFT 1, C4<00000000000000000000000001111111>, C4<0>, C4<0>, C4<0>;
L_0x5b10b3e90e40 .functor AND 32, L_0x5b10b3e78200, L_0x7c1d1eaa17c0, C4<11111111111111111111111111111111>, C4<11111111111111111111111111111111>;
L_0x5b10b3e91460 .functor OR 1, L_0x5b10b3e90b10, L_0x5b10b3e91320, C4<0>, C4<0>;
L_0x7c1d1eaa1850 .functor BUFT 1, C4<00000000000000000000000001111111>, C4<0>, C4<0>, C4<0>;
L_0x5b10b3e91570 .functor AND 32, L_0x5b10b3e78200, L_0x7c1d1eaa1850, C4<11111111111111111111111111111111>, C4<11111111111111111111111111111111>;
L_0x5b10b3e91240 .functor OR 1, L_0x5b10b3e91460, L_0x5b10b3e90f00, C4<0>, C4<0>;
L_0x7c1d1eaa18e0 .functor BUFT 1, C4<00000000000000000000000001111111>, C4<0>, C4<0>, C4<0>;
L_0x5b10b3e91ab0 .functor AND 32, L_0x5b10b3e78200, L_0x7c1d1eaa18e0, C4<11111111111111111111111111111111>, C4<11111111111111111111111111111111>;
L_0x5b10b3e91770 .functor OR 1, L_0x5b10b3e91240, L_0x5b10b3e91630, C4<0>, C4<0>;
L_0x7c1d1eaa1970 .functor BUFT 1, C4<00000000000000000111000001111111>, C4<0>, C4<0>, C4<0>;
L_0x5b10b3e91880 .functor AND 32, L_0x5b10b3e78200, L_0x7c1d1eaa1970, C4<11111111111111111111111111111111>, C4<11111111111111111111111111111111>;
L_0x5b10b3e92220 .functor OR 1, L_0x5b10b3e91770, L_0x5b10b3e91940, C4<0>, C4<0>;
L_0x7c1d1eaa1a00 .functor BUFT 1, C4<11111100000000000111000001111111>, C4<0>, C4<0>, C4<0>;
L_0x5b10b3e92330 .functor AND 32, L_0x5b10b3e78200, L_0x7c1d1eaa1a00, C4<11111111111111111111111111111111>, C4<11111111111111111111111111111111>;
L_0x5b10b3e91cb0 .functor OR 1, L_0x5b10b3e92220, L_0x5b10b3e91b70, C4<0>, C4<0>;
L_0x7c1d1eaa1a90 .functor BUFT 1, C4<00000000000000000111000001111111>, C4<0>, C4<0>, C4<0>;
L_0x5b10b3e91dc0 .functor AND 32, L_0x5b10b3e78200, L_0x7c1d1eaa1a90, C4<11111111111111111111111111111111>, C4<11111111111111111111111111111111>;
L_0x5b10b3e92a80 .functor OR 1, L_0x5b10b3e91cb0, L_0x5b10b3e91e80, C4<0>, C4<0>;
L_0x7c1d1eaa1b20 .functor BUFT 1, C4<00000000000000000111000001111111>, C4<0>, C4<0>, C4<0>;
L_0x5b10b3e92b90 .functor AND 32, L_0x5b10b3e78200, L_0x7c1d1eaa1b20, C4<11111111111111111111111111111111>, C4<11111111111111111111111111111111>;
L_0x5b10b3e92530 .functor OR 1, L_0x5b10b3e92a80, L_0x5b10b3e923f0, C4<0>, C4<0>;
L_0x7c1d1eaa1bb0 .functor BUFT 1, C4<00000000000000000111000001111111>, C4<0>, C4<0>, C4<0>;
L_0x5b10b3e92640 .functor AND 32, L_0x5b10b3e78200, L_0x7c1d1eaa1bb0, C4<11111111111111111111111111111111>, C4<11111111111111111111111111111111>;
L_0x5b10b3e93310 .functor OR 1, L_0x5b10b3e92530, L_0x5b10b3e92700, C4<0>, C4<0>;
L_0x7c1d1eaa1c40 .functor BUFT 1, C4<11111100000000000111000001111111>, C4<0>, C4<0>, C4<0>;
L_0x5b10b3e93420 .functor AND 32, L_0x5b10b3e78200, L_0x7c1d1eaa1c40, C4<11111111111111111111111111111111>, C4<11111111111111111111111111111111>;
L_0x5b10b3e92d90 .functor OR 1, L_0x5b10b3e93310, L_0x5b10b3e92c50, C4<0>, C4<0>;
L_0x7c1d1eaa1cd0 .functor BUFT 1, C4<11111100000000000111000001111111>, C4<0>, C4<0>, C4<0>;
L_0x5b10b3e92ea0 .functor AND 32, L_0x5b10b3e78200, L_0x7c1d1eaa1cd0, C4<11111111111111111111111111111111>, C4<11111111111111111111111111111111>;
L_0x5b10b3e93bd0 .functor OR 1, L_0x5b10b3e92d90, L_0x5b10b3e92f60, C4<0>, C4<0>;
L_0x7c1d1eaa1d60 .functor BUFT 1, C4<00000000000000000111000001111111>, C4<0>, C4<0>, C4<0>;
L_0x5b10b3e93ce0 .functor AND 32, L_0x5b10b3e78200, L_0x7c1d1eaa1d60, C4<11111111111111111111111111111111>, C4<11111111111111111111111111111111>;
L_0x5b10b3e93620 .functor OR 1, L_0x5b10b3e93bd0, L_0x5b10b3e934e0, C4<0>, C4<0>;
L_0x7c1d1eaa1df0 .functor BUFT 1, C4<00000000000000000111000001111111>, C4<0>, C4<0>, C4<0>;
L_0x5b10b3e93730 .functor AND 32, L_0x5b10b3e78200, L_0x7c1d1eaa1df0, C4<11111111111111111111111111111111>, C4<11111111111111111111111111111111>;
L_0x5b10b3e944c0 .functor OR 1, L_0x5b10b3e93620, L_0x5b10b3e937f0, C4<0>, C4<0>;
L_0x7c1d1eaa1e80 .functor BUFT 1, C4<11111110000000000111000001111111>, C4<0>, C4<0>, C4<0>;
L_0x5b10b3e94580 .functor AND 32, L_0x5b10b3e78200, L_0x7c1d1eaa1e80, C4<11111111111111111111111111111111>, C4<11111111111111111111111111111111>;
L_0x5b10b3e93ee0 .functor OR 1, L_0x5b10b3e944c0, L_0x5b10b3e93da0, C4<0>, C4<0>;
L_0x7c1d1eaa1f10 .functor BUFT 1, C4<11111110000000000111000001111111>, C4<0>, C4<0>, C4<0>;
L_0x5b10b3e93ff0 .functor AND 32, L_0x5b10b3e78200, L_0x7c1d1eaa1f10, C4<11111111111111111111111111111111>, C4<11111111111111111111111111111111>;
L_0x5b10b3e941f0 .functor OR 1, L_0x5b10b3e93ee0, L_0x5b10b3e940b0, C4<0>, C4<0>;
L_0x7c1d1eaa1fa0 .functor BUFT 1, C4<11111110000000000111000001111111>, C4<0>, C4<0>, C4<0>;
L_0x5b10b3e94e30 .functor AND 32, L_0x5b10b3e78200, L_0x7c1d1eaa1fa0, C4<11111111111111111111111111111111>, C4<11111111111111111111111111111111>;
L_0x5b10b3e94780 .functor OR 1, L_0x5b10b3e941f0, L_0x5b10b3e94640, C4<0>, C4<0>;
L_0x7c1d1eaa2030 .functor BUFT 1, C4<11111110000000000111000001111111>, C4<0>, C4<0>, C4<0>;
L_0x5b10b3e94890 .functor AND 32, L_0x5b10b3e78200, L_0x7c1d1eaa2030, C4<11111111111111111111111111111111>, C4<11111111111111111111111111111111>;
L_0x5b10b3e94a90 .functor OR 1, L_0x5b10b3e94780, L_0x5b10b3e94950, C4<0>, C4<0>;
L_0x7c1d1eaa20c0 .functor BUFT 1, C4<11111110000000000111000001111111>, C4<0>, C4<0>, C4<0>;
L_0x5b10b3e95710 .functor AND 32, L_0x5b10b3e78200, L_0x7c1d1eaa20c0, C4<11111111111111111111111111111111>, C4<11111111111111111111111111111111>;
L_0x5b10b3e95030 .functor OR 1, L_0x5b10b3e94a90, L_0x5b10b3e94ef0, C4<0>, C4<0>;
L_0x7c1d1eaa2150 .functor BUFT 1, C4<11111110000000000111000001111111>, C4<0>, C4<0>, C4<0>;
L_0x5b10b3e95140 .functor AND 32, L_0x5b10b3e78200, L_0x7c1d1eaa2150, C4<11111111111111111111111111111111>, C4<11111111111111111111111111111111>;
L_0x5b10b3e95340 .functor OR 1, L_0x5b10b3e95030, L_0x5b10b3e95200, C4<0>, C4<0>;
L_0x7c1d1eaa21e0 .functor BUFT 1, C4<11111110000000000111000001111111>, C4<0>, C4<0>, C4<0>;
L_0x5b10b3e95fd0 .functor AND 32, L_0x5b10b3e78200, L_0x7c1d1eaa21e0, C4<11111111111111111111111111111111>, C4<11111111111111111111111111111111>;
L_0x5b10b3e95910 .functor OR 1, L_0x5b10b3e95340, L_0x5b10b3e957d0, C4<0>, C4<0>;
L_0x7c1d1eaa2270 .functor BUFT 1, C4<11111110000000000111000001111111>, C4<0>, C4<0>, C4<0>;
L_0x5b10b3e95a20 .functor AND 32, L_0x5b10b3e78200, L_0x7c1d1eaa2270, C4<11111111111111111111111111111111>, C4<11111111111111111111111111111111>;
L_0x5b10b3e95c20 .functor OR 1, L_0x5b10b3e95910, L_0x5b10b3e95ae0, C4<0>, C4<0>;
L_0x7c1d1eaa2300 .functor BUFT 1, C4<11111110000000000111000001111111>, C4<0>, C4<0>, C4<0>;
L_0x5b10b3e968c0 .functor AND 32, L_0x5b10b3e78200, L_0x7c1d1eaa2300, C4<11111111111111111111111111111111>, C4<11111111111111111111111111111111>;
L_0x5b10b3e961d0 .functor OR 1, L_0x5b10b3e95c20, L_0x5b10b3e96090, C4<0>, C4<0>;
L_0x7c1d1eaa2390 .functor BUFT 1, C4<11111110000000000111000001111111>, C4<0>, C4<0>, C4<0>;
L_0x5b10b3e962e0 .functor AND 32, L_0x5b10b3e78200, L_0x7c1d1eaa2390, C4<11111111111111111111111111111111>, C4<11111111111111111111111111111111>;
L_0x5b10b3e964e0 .functor OR 1, L_0x5b10b3e961d0, L_0x5b10b3e963a0, C4<0>, C4<0>;
L_0x7c1d1eaa2420 .functor BUFT 1, C4<00000000000000000111000001111111>, C4<0>, C4<0>, C4<0>;
L_0x5b10b3e971e0 .functor AND 32, L_0x5b10b3e78200, L_0x7c1d1eaa2420, C4<11111111111111111111111111111111>, C4<11111111111111111111111111111111>;
L_0x5b10b3e96ac0 .functor OR 1, L_0x5b10b3e964e0, L_0x5b10b3e96980, C4<0>, C4<0>;
L_0x7c1d1eaa24b0 .functor BUFT 1, C4<00000000000000000111000001111111>, C4<0>, C4<0>, C4<0>;
L_0x5b10b3e96bd0 .functor AND 32, L_0x5b10b3e78200, L_0x7c1d1eaa24b0, C4<11111111111111111111111111111111>, C4<11111111111111111111111111111111>;
L_0x5b10b3e96dd0 .functor OR 1, L_0x5b10b3e96ac0, L_0x5b10b3e96c90, C4<0>, C4<0>;
L_0x7c1d1eaa2540 .functor BUFT 1, C4<00000000000000000111000001111111>, C4<0>, C4<0>, C4<0>;
L_0x5b10b3e97ae0 .functor AND 32, L_0x5b10b3e78200, L_0x7c1d1eaa2540, C4<11111111111111111111111111111111>, C4<11111111111111111111111111111111>;
L_0x5b10b3e973e0 .functor OR 1, L_0x5b10b3e96dd0, L_0x5b10b3e972a0, C4<0>, C4<0>;
L_0x7c1d1eaa25d0 .functor BUFT 1, C4<00000000000000000111000001111111>, C4<0>, C4<0>, C4<0>;
L_0x5b10b3e974f0 .functor AND 32, L_0x5b10b3e78200, L_0x7c1d1eaa25d0, C4<11111111111111111111111111111111>, C4<11111111111111111111111111111111>;
L_0x5b10b3e976f0 .functor OR 1, L_0x5b10b3e973e0, L_0x5b10b3e975b0, C4<0>, C4<0>;
L_0x7c1d1eaa2660 .functor BUFT 1, C4<00000000000000000111000001111111>, C4<0>, C4<0>, C4<0>;
L_0x5b10b3e98410 .functor AND 32, L_0x5b10b3e78200, L_0x7c1d1eaa2660, C4<11111111111111111111111111111111>, C4<11111111111111111111111111111111>;
L_0x5b10b3e97ce0 .functor OR 1, L_0x5b10b3e976f0, L_0x5b10b3e97ba0, C4<0>, C4<0>;
L_0x7c1d1eaa26f0 .functor BUFT 1, C4<00000000000000000111000001111111>, C4<0>, C4<0>, C4<0>;
L_0x5b10b3e97df0 .functor AND 32, L_0x5b10b3e78200, L_0x7c1d1eaa26f0, C4<11111111111111111111111111111111>, C4<11111111111111111111111111111111>;
L_0x5b10b3e97ff0 .functor OR 1, L_0x5b10b3e97ce0, L_0x5b10b3e97eb0, C4<0>, C4<0>;
L_0x7c1d1eaa2780 .functor BUFT 1, C4<11111110000000000111000001111111>, C4<0>, C4<0>, C4<0>;
L_0x5b10b3e98d70 .functor AND 32, L_0x5b10b3e78200, L_0x7c1d1eaa2780, C4<11111111111111111111111111111111>, C4<11111111111111111111111111111111>;
L_0x5b10b3e98610 .functor OR 1, L_0x5b10b3e97ff0, L_0x5b10b3e984d0, C4<0>, C4<0>;
L_0x7c1d1eaa2810 .functor BUFT 1, C4<11111110000000000111000001111111>, C4<0>, C4<0>, C4<0>;
L_0x5b10b3e98720 .functor AND 32, L_0x5b10b3e78200, L_0x7c1d1eaa2810, C4<11111111111111111111111111111111>, C4<11111111111111111111111111111111>;
L_0x5b10b3e98920 .functor OR 1, L_0x5b10b3e98610, L_0x5b10b3e987e0, C4<0>, C4<0>;
L_0x7c1d1eaa28a0 .functor BUFT 1, C4<11111110000000000111000001111111>, C4<0>, C4<0>, C4<0>;
L_0x5b10b3e98a30 .functor AND 32, L_0x5b10b3e78200, L_0x7c1d1eaa28a0, C4<11111111111111111111111111111111>, C4<11111111111111111111111111111111>;
L_0x5b10b3e98f20 .functor OR 1, L_0x5b10b3e98920, L_0x5b10b3e98de0, C4<0>, C4<0>;
L_0x7c1d1eaa2930 .functor BUFT 1, C4<11111110000000000111000001111111>, C4<0>, C4<0>, C4<0>;
L_0x5b10b3e99030 .functor AND 32, L_0x5b10b3e78200, L_0x7c1d1eaa2930, C4<11111111111111111111111111111111>, C4<11111111111111111111111111111111>;
L_0x5b10b3e99230 .functor OR 1, L_0x5b10b3e98f20, L_0x5b10b3e990f0, C4<0>, C4<0>;
L_0x7c1d1eaa29c0 .functor BUFT 1, C4<11111110000000000111000001111111>, C4<0>, C4<0>, C4<0>;
L_0x5b10b3e99340 .functor AND 32, L_0x5b10b3e78200, L_0x7c1d1eaa29c0, C4<11111111111111111111111111111111>, C4<11111111111111111111111111111111>;
L_0x5b10b3e99840 .functor OR 1, L_0x5b10b3e99230, L_0x5b10b3e99700, C4<0>, C4<0>;
L_0x7c1d1eaa2a50 .functor BUFT 1, C4<11111110000000000111000001111111>, C4<0>, C4<0>, C4<0>;
L_0x5b10b3e99950 .functor AND 32, L_0x5b10b3e78200, L_0x7c1d1eaa2a50, C4<11111111111111111111111111111111>, C4<11111111111111111111111111111111>;
L_0x5b10b3e99b50 .functor OR 1, L_0x5b10b3e99840, L_0x5b10b3e99a10, C4<0>, C4<0>;
L_0x7c1d1eaa2ae0 .functor BUFT 1, C4<11111110000000000111000001111111>, C4<0>, C4<0>, C4<0>;
L_0x5b10b3e99c60 .functor AND 32, L_0x5b10b3e78200, L_0x7c1d1eaa2ae0, C4<11111111111111111111111111111111>, C4<11111111111111111111111111111111>;
L_0x5b10b3e9a190 .functor OR 1, L_0x5b10b3e99b50, L_0x5b10b3e9a050, C4<0>, C4<0>;
L_0x7c1d1eaa2b70 .functor BUFT 1, C4<11111110000000000111000001111111>, C4<0>, C4<0>, C4<0>;
L_0x5b10b3e9a2a0 .functor AND 32, L_0x5b10b3e78200, L_0x7c1d1eaa2b70, C4<11111111111111111111111111111111>, C4<11111111111111111111111111111111>;
L_0x5b10b3e9a4a0 .functor OR 1, L_0x5b10b3e9a190, L_0x5b10b3e9a360, C4<0>, C4<0>;
L_0x7c1d1eaa2c00 .functor BUFT 1, C4<00000000000000000111000001111111>, C4<0>, C4<0>, C4<0>;
L_0x5b10b3e9a5b0 .functor AND 32, L_0x5b10b3e78200, L_0x7c1d1eaa2c00, C4<11111111111111111111111111111111>, C4<11111111111111111111111111111111>;
L_0x5b10b3e9ab10 .functor OR 1, L_0x5b10b3e9a4a0, L_0x5b10b3e9a9d0, C4<0>, C4<0>;
L_0x7c1d1eaa2c90 .functor BUFT 1, C4<00000000000000000111000001111111>, C4<0>, C4<0>, C4<0>;
L_0x5b10b3e9ac20 .functor AND 32, L_0x5b10b3e78200, L_0x7c1d1eaa2c90, C4<11111111111111111111111111111111>, C4<11111111111111111111111111111111>;
L_0x5b10b3e9ae20 .functor OR 1, L_0x5b10b3e9ab10, L_0x5b10b3e9ace0, C4<0>, C4<0>;
L_0x7c1d1eaa2d20 .functor BUFT 1, C4<00000000000000000111000001111111>, C4<0>, C4<0>, C4<0>;
L_0x5b10b3e9af30 .functor AND 32, L_0x5b10b3e78200, L_0x7c1d1eaa2d20, C4<11111111111111111111111111111111>, C4<11111111111111111111111111111111>;
L_0x5b10b3e9b470 .functor OR 1, L_0x5b10b3e9ae20, L_0x5b10b3e9b330, C4<0>, C4<0>;
L_0x7c1d1eaa2db0 .functor BUFT 1, C4<00000000000000000111000001111111>, C4<0>, C4<0>, C4<0>;
L_0x5b10b3e9b580 .functor AND 32, L_0x5b10b3e78200, L_0x7c1d1eaa2db0, C4<11111111111111111111111111111111>, C4<11111111111111111111111111111111>;
L_0x5b10b3e9b780 .functor OR 1, L_0x5b10b3e9b470, L_0x5b10b3e9b640, C4<0>, C4<0>;
L_0x7c1d1eaa2e40 .functor BUFT 1, C4<00000000000000000111000001111111>, C4<0>, C4<0>, C4<0>;
L_0x5b10b3e9b890 .functor AND 32, L_0x5b10b3e78200, L_0x7c1d1eaa2e40, C4<11111111111111111111111111111111>, C4<11111111111111111111111111111111>;
L_0x5b10b3e9bdb0 .functor OR 1, L_0x5b10b3e9b780, L_0x5b10b3e9bcc0, C4<0>, C4<0>;
L_0x7c1d1eaa2ed0 .functor BUFT 1, C4<00000000000000000111000001111111>, C4<0>, C4<0>, C4<0>;
L_0x5b10b3e9bec0 .functor AND 32, L_0x5b10b3e78200, L_0x7c1d1eaa2ed0, C4<11111111111111111111111111111111>, C4<11111111111111111111111111111111>;
L_0x5b10b3e9c0c0 .functor OR 1, L_0x5b10b3e9bdb0, L_0x5b10b3e9bf80, C4<0>, C4<0>;
L_0x7c1d1eaa2f60 .functor BUFT 1, C4<00000000000000000111000001111111>, C4<0>, C4<0>, C4<0>;
L_0x5b10b3e9c1d0 .functor AND 32, L_0x5b10b3e78200, L_0x7c1d1eaa2f60, C4<11111111111111111111111111111111>, C4<11111111111111111111111111111111>;
L_0x7c1d1eaa2ff0 .functor BUFT 1, C4<00000000000000000111000001111111>, C4<0>, C4<0>, C4<0>;
L_0x5b10b3e9c720 .functor AND 32, L_0x5b10b3e78200, L_0x7c1d1eaa2ff0, C4<11111111111111111111111111111111>, C4<11111111111111111111111111111111>;
L_0x5b10b3e9cc70 .functor OR 1, L_0x5b10b3e9c290, L_0x5b10b3e9c7e0, C4<0>, C4<0>;
L_0x7c1d1eaa3080 .functor BUFT 1, C4<00000000000000000111000001111111>, C4<0>, C4<0>, C4<0>;
L_0x5b10b3e9d070 .functor AND 32, L_0x5b10b3e78200, L_0x7c1d1eaa3080, C4<11111111111111111111111111111111>, C4<11111111111111111111111111111111>;
L_0x5b10b3e9d270 .functor OR 1, L_0x5b10b3e9cc70, L_0x5b10b3e9d130, C4<0>, C4<0>;
L_0x7c1d1eaa3110 .functor BUFT 1, C4<00000000000000000111000001111111>, C4<0>, C4<0>, C4<0>;
L_0x5b10b3e9d380 .functor AND 32, L_0x5b10b3e78200, L_0x7c1d1eaa3110, C4<11111111111111111111111111111111>, C4<11111111111111111111111111111111>;
L_0x5b10b3e9d580 .functor OR 1, L_0x5b10b3e9d270, L_0x5b10b3e9d440, C4<0>, C4<0>;
L_0x7c1d1eaa31a0 .functor BUFT 1, C4<00000000000000000111000001111111>, C4<0>, C4<0>, C4<0>;
L_0x5b10b3e9d690 .functor AND 32, L_0x5b10b3e78200, L_0x7c1d1eaa31a0, C4<11111111111111111111111111111111>, C4<11111111111111111111111111111111>;
L_0x5b10b3e9d910 .functor OR 1, L_0x5b10b3e9d580, L_0x5b10b3e9d7d0, C4<0>, C4<0>;
L_0x7c1d1eaa3230 .functor BUFT 1, C4<00000000000000000111000001111111>, C4<0>, C4<0>, C4<0>;
L_0x5b10b3e9da20 .functor AND 32, L_0x5b10b3e78200, L_0x7c1d1eaa3230, C4<11111111111111111111111111111111>, C4<11111111111111111111111111111111>;
L_0x5b10b3e9dc20 .functor OR 1, L_0x5b10b3e9d910, L_0x5b10b3e9dae0, C4<0>, C4<0>;
L_0x7c1d1eaa32c0 .functor BUFT 1, C4<11111100000000000111000001111111>, C4<0>, C4<0>, C4<0>;
L_0x5b10b3e9dd30 .functor AND 32, L_0x5b10b3e78200, L_0x7c1d1eaa32c0, C4<11111111111111111111111111111111>, C4<11111111111111111111111111111111>;
L_0x5b10b3e9ddf0 .functor OR 1, L_0x5b10b3e9dc20, L_0x5b10b3e9e1c0, C4<0>, C4<0>;
L_0x7c1d1eaa3350 .functor BUFT 1, C4<11111100000000000111000001111111>, C4<0>, C4<0>, C4<0>;
L_0x5b10b3e9e3a0 .functor AND 32, L_0x5b10b3e78200, L_0x7c1d1eaa3350, C4<11111111111111111111111111111111>, C4<11111111111111111111111111111111>;
L_0x5b10b3e9e5a0 .functor OR 1, L_0x5b10b3e9ddf0, L_0x5b10b3e9e460, C4<0>, C4<0>;
L_0x7c1d1eaa33e0 .functor BUFT 1, C4<11111100000000000111000001111111>, C4<0>, C4<0>, C4<0>;
L_0x5b10b3e9e6b0 .functor AND 32, L_0x5b10b3e78200, L_0x7c1d1eaa33e0, C4<11111111111111111111111111111111>, C4<11111111111111111111111111111111>;
L_0x5b10b3e9ec30 .functor OR 1, L_0x5b10b3e9e5a0, L_0x5b10b3e9e770, C4<0>, C4<0>;
L_0x7c1d1eaa3470 .functor BUFT 1, C4<00000000000000000000000001111111>, C4<0>, C4<0>, C4<0>;
L_0x5b10b3e9ed40 .functor AND 32, L_0x5b10b3e78200, L_0x7c1d1eaa3470, C4<11111111111111111111111111111111>, C4<11111111111111111111111111111111>;
L_0x5b10b3e9f2d0 .functor OR 1, L_0x5b10b3e9ec30, L_0x5b10b3e9ee00, C4<0>, C4<0>;
L_0x7c1d1eaa3500 .functor BUFT 1, C4<00000000000000000000000001111111>, C4<0>, C4<0>, C4<0>;
L_0x5b10b3e9f6d0 .functor AND 32, L_0x5b10b3e78200, L_0x7c1d1eaa3500, C4<11111111111111111111111111111111>, C4<11111111111111111111111111111111>;
L_0x5b10b3e9f8d0 .functor OR 1, L_0x5b10b3e9f2d0, L_0x5b10b3e9f790, C4<0>, C4<0>;
L_0x7c1d1eaa3590 .functor BUFT 1, C4<11111110000000000111000001111111>, C4<0>, C4<0>, C4<0>;
L_0x5b10b3e9f9e0 .functor AND 32, L_0x5b10b3e78200, L_0x7c1d1eaa3590, C4<11111111111111111111111111111111>, C4<11111111111111111111111111111111>;
L_0x5b10b3e9fbe0 .functor OR 1, L_0x5b10b3e9f8d0, L_0x5b10b3e9faa0, C4<0>, C4<0>;
L_0x7c1d1eaa3620 .functor BUFT 1, C4<11111110000000000111000001111111>, C4<0>, C4<0>, C4<0>;
L_0x5b10b3e9fcf0 .functor AND 32, L_0x5b10b3e78200, L_0x7c1d1eaa3620, C4<11111111111111111111111111111111>, C4<11111111111111111111111111111111>;
L_0x5b10b3e9ffa0 .functor OR 1, L_0x5b10b3e9fbe0, L_0x5b10b3e9fe60, C4<0>, C4<0>;
L_0x7c1d1eaa36b0 .functor BUFT 1, C4<11111110000000000111000001111111>, C4<0>, C4<0>, C4<0>;
L_0x5b10b3ea00b0 .functor AND 32, L_0x5b10b3e78200, L_0x7c1d1eaa36b0, C4<11111111111111111111111111111111>, C4<11111111111111111111111111111111>;
L_0x5b10b3ea02b0 .functor OR 1, L_0x5b10b3e9ffa0, L_0x5b10b3ea0170, C4<0>, C4<0>;
L_0x7c1d1eaa3740 .functor BUFT 1, C4<11111110000000000111000001111111>, C4<0>, C4<0>, C4<0>;
L_0x5b10b3ea03c0 .functor AND 32, L_0x5b10b3e78200, L_0x7c1d1eaa3740, C4<11111111111111111111111111111111>, C4<11111111111111111111111111111111>;
L_0x5b10b3ea0960 .functor OR 1, L_0x5b10b3ea02b0, L_0x5b10b3ea0480, C4<0>, C4<0>;
L_0x7c1d1eaa37d0 .functor BUFT 1, C4<11111110000000000111000001111111>, C4<0>, C4<0>, C4<0>;
L_0x5b10b3ea0a70 .functor AND 32, L_0x5b10b3e78200, L_0x7c1d1eaa37d0, C4<11111111111111111111111111111111>, C4<11111111111111111111111111111111>;
L_0x5b10b3ea1030 .functor OR 1, L_0x5b10b3ea0960, L_0x5b10b3ea0b30, C4<0>, C4<0>;
L_0x7c1d1eaa3860 .functor BUFT 1, C4<11111110000000000111000001111111>, C4<0>, C4<0>, C4<0>;
L_0x5b10b3ea1490 .functor AND 32, L_0x5b10b3e78200, L_0x7c1d1eaa3860, C4<11111111111111111111111111111111>, C4<11111111111111111111111111111111>;
L_0x5b10b3ea1690 .functor OR 1, L_0x5b10b3ea1030, L_0x5b10b3ea1550, C4<0>, C4<0>;
L_0x7c1d1eaa38f0 .functor BUFT 1, C4<11111110000000000111000001111111>, C4<0>, C4<0>, C4<0>;
L_0x5b10b3ea17a0 .functor AND 32, L_0x5b10b3e78200, L_0x7c1d1eaa38f0, C4<11111111111111111111111111111111>, C4<11111111111111111111111111111111>;
L_0x5b10b3ea1950 .functor OR 1, L_0x5b10b3ea1690, L_0x5b10b3ea1810, C4<0>, C4<0>;
L_0x7c1d1eaa3980 .functor BUFT 1, C4<11111110000000000111000001111111>, C4<0>, C4<0>, C4<0>;
L_0x5b10b3ea1a60 .functor AND 32, L_0x5b10b3e78200, L_0x7c1d1eaa3980, C4<11111111111111111111111111111111>, C4<11111111111111111111111111111111>;
L_0x5b10b3e8b7d0 .functor OR 1, L_0x5b10b3ea1950, L_0x5b10b3ea1b20, C4<0>, C4<0>;
L_0x7c1d1eaa3a10 .functor BUFT 1, C4<11111110000000000111000001111111>, C4<0>, C4<0>, C4<0>;
L_0x5b10b3e8b8e0 .functor AND 32, L_0x5b10b3e78200, L_0x7c1d1eaa3a10, C4<11111111111111111111111111111111>, C4<11111111111111111111111111111111>;
L_0x5b10b3e8bec0 .functor OR 1, L_0x5b10b3e8b7d0, L_0x5b10b3e8b9a0, C4<0>, C4<0>;
L_0x7c1d1eaa3aa0 .functor BUFT 1, C4<11111110000000000111000001111111>, C4<0>, C4<0>, C4<0>;
L_0x5b10b3e8e3e0 .functor AND 32, L_0x5b10b3e78200, L_0x7c1d1eaa3aa0, C4<11111111111111111111111111111111>, C4<11111111111111111111111111111111>;
L_0x5b10b3e8e5e0 .functor OR 1, L_0x5b10b3e8bec0, L_0x5b10b3e8e4a0, C4<0>, C4<0>;
L_0x7c1d1eaa3b30 .functor BUFT 1, C4<00000000000000000111000001111111>, C4<0>, C4<0>, C4<0>;
L_0x5b10b3e8e6f0 .functor AND 32, L_0x5b10b3e78200, L_0x7c1d1eaa3b30, C4<11111111111111111111111111111111>, C4<11111111111111111111111111111111>;
L_0x7c1d1eaa3bc0 .functor BUFT 1, C4<00000000000000000111000001111111>, C4<0>, C4<0>, C4<0>;
L_0x5b10b3ea3400 .functor AND 32, L_0x5b10b3e78200, L_0x7c1d1eaa3bc0, C4<11111111111111111111111111111111>, C4<11111111111111111111111111111111>;
L_0x5b10b3ea3600 .functor OR 1, L_0x5b10b3e8e7b0, L_0x5b10b3ea34c0, C4<0>, C4<0>;
L_0x7c1d1eaa3c50 .functor BUFT 1, C4<00000000000000000111000001111111>, C4<0>, C4<0>, C4<0>;
L_0x5b10b3ea3710 .functor AND 32, L_0x5b10b3e78200, L_0x7c1d1eaa3c50, C4<11111111111111111111111111111111>, C4<11111111111111111111111111111111>;
L_0x5b10b3e8ea30 .functor OR 1, L_0x5b10b3ea3600, L_0x5b10b3e8e8f0, C4<0>, C4<0>;
L_0x7c1d1eaa3ce0 .functor BUFT 1, C4<00000000000000000111000001111111>, C4<0>, C4<0>, C4<0>;
L_0x5b10b3ea5420 .functor AND 32, L_0x5b10b3e78200, L_0x7c1d1eaa3ce0, C4<11111111111111111111111111111111>, C4<11111111111111111111111111111111>;
L_0x5b10b3ea4940 .functor OR 1, L_0x5b10b3e8ea30, L_0x5b10b3ea4800, C4<0>, C4<0>;
L_0x7c1d1eaa3d70 .functor BUFT 1, C4<00000000000000000111000001111111>, C4<0>, C4<0>, C4<0>;
L_0x5b10b3ea4a50 .functor AND 32, L_0x5b10b3e78200, L_0x7c1d1eaa3d70, C4<11111111111111111111111111111111>, C4<11111111111111111111111111111111>;
L_0x5b10b3ea4c50 .functor OR 1, L_0x5b10b3ea4940, L_0x5b10b3ea4b10, C4<0>, C4<0>;
L_0x7c1d1eaa3e00 .functor BUFT 1, C4<00000000000000000111000001111111>, C4<0>, C4<0>, C4<0>;
L_0x5b10b3ea4d60 .functor AND 32, L_0x5b10b3e78200, L_0x7c1d1eaa3e00, C4<11111111111111111111111111111111>, C4<11111111111111111111111111111111>;
L_0x5b10b3ea4f60 .functor OR 1, L_0x5b10b3ea4c50, L_0x5b10b3ea4e20, C4<0>, C4<0>;
L_0x7c1d1eaa3e90 .functor BUFT 1, C4<00000000000000000111000001111111>, C4<0>, C4<0>, C4<0>;
L_0x5b10b3ea54e0 .functor AND 32, L_0x5b10b3e78200, L_0x7c1d1eaa3e90, C4<11111111111111111111111111111111>, C4<11111111111111111111111111111111>;
L_0x5b10b3ea5b00 .functor OR 1, L_0x5b10b3ea4f60, L_0x5b10b3ea55a0, C4<0>, C4<0>;
L_0x7c1d1eaa3f20 .functor BUFT 1, C4<00000000000000000111000001111111>, C4<0>, C4<0>, C4<0>;
L_0x5b10b3ea5c10 .functor AND 32, L_0x5b10b3e78200, L_0x7c1d1eaa3f20, C4<11111111111111111111111111111111>, C4<11111111111111111111111111111111>;
L_0x5b10b3ea6a90 .functor OR 1, L_0x5b10b3ea5b00, L_0x5b10b3ea69a0, C4<0>, C4<0>;
L_0x7c1d1eaa3fb0 .functor BUFT 1, C4<00000000000000000111000001111111>, C4<0>, C4<0>, C4<0>;
L_0x5b10b3ea6ba0 .functor AND 32, L_0x5b10b3e78200, L_0x7c1d1eaa3fb0, C4<11111111111111111111111111111111>, C4<11111111111111111111111111111111>;
L_0x5b10b3ea66a0 .functor OR 1, L_0x5b10b3ea6a90, L_0x5b10b3ea6130, C4<0>, C4<0>;
L_0x7c1d1eaa4040 .functor BUFT 1, C4<00000000000000000000000001111111>, C4<0>, C4<0>, C4<0>;
L_0x5b10b3ea67b0 .functor AND 32, L_0x5b10b3e78200, L_0x7c1d1eaa4040, C4<11111111111111111111111111111111>, C4<11111111111111111111111111111111>;
L_0x7c1d1eaa40d0 .functor BUFT 1, C4<00000000000000000111000001111111>, C4<0>, C4<0>, C4<0>;
L_0x5b10b3ea5730 .functor AND 32, L_0x5b10b3e78200, L_0x7c1d1eaa40d0, C4<11111111111111111111111111111111>, C4<11111111111111111111111111111111>;
L_0x5b10b3ea5930 .functor OR 1, L_0x5b10b3ea6870, L_0x5b10b3ea57f0, C4<0>, C4<0>;
L_0x7c1d1eaa4160 .functor BUFT 1, C4<00000000000000000111000001111111>, C4<0>, C4<0>, C4<0>;
L_0x5b10b3ea5a40 .functor AND 32, L_0x5b10b3e78200, L_0x7c1d1eaa4160, C4<11111111111111111111111111111111>, C4<11111111111111111111111111111111>;
L_0x5b10b3ea63b0 .functor OR 1, L_0x5b10b3ea5930, L_0x5b10b3ea6270, C4<0>, C4<0>;
L_0x7c1d1eaa41f0 .functor BUFT 1, C4<00000000000000000111000001111111>, C4<0>, C4<0>, C4<0>;
L_0x5b10b3ea64c0 .functor AND 32, L_0x5b10b3e78200, L_0x7c1d1eaa41f0, C4<11111111111111111111111111111111>, C4<11111111111111111111111111111111>;
L_0x5b10b3ea70b0 .functor OR 1, L_0x5b10b3ea63b0, L_0x5b10b3ea6580, C4<0>, C4<0>;
L_0x7c1d1eaa4280 .functor BUFT 1, C4<00000000000000000111000001111111>, C4<0>, C4<0>, C4<0>;
L_0x5b10b3ea71c0 .functor AND 32, L_0x5b10b3e78200, L_0x7c1d1eaa4280, C4<11111111111111111111111111111111>, C4<11111111111111111111111111111111>;
L_0x5b10b3ea73c0 .functor OR 1, L_0x5b10b3ea70b0, L_0x5b10b3ea7280, C4<0>, C4<0>;
L_0x7c1d1eaa4310 .functor BUFT 1, C4<00000000000000000111000001111111>, C4<0>, C4<0>, C4<0>;
L_0x5b10b3ea74d0 .functor AND 32, L_0x5b10b3e78200, L_0x7c1d1eaa4310, C4<11111111111111111111111111111111>, C4<11111111111111111111111111111111>;
L_0x5b10b3ea76d0 .functor OR 1, L_0x5b10b3ea73c0, L_0x5b10b3ea7590, C4<0>, C4<0>;
L_0x7c1d1eaa43a0 .functor BUFT 1, C4<00000000000000000111000001111111>, C4<0>, C4<0>, C4<0>;
L_0x5b10b3ea77e0 .functor AND 32, L_0x5b10b3e78200, L_0x7c1d1eaa43a0, C4<11111111111111111111111111111111>, C4<11111111111111111111111111111111>;
L_0x5b10b3ea79e0 .functor OR 1, L_0x5b10b3ea76d0, L_0x5b10b3ea78a0, C4<0>, C4<0>;
L_0x7c1d1eaa4430 .functor BUFT 1, C4<00000000000000000111000001111111>, C4<0>, C4<0>, C4<0>;
L_0x5b10b3ea7af0 .functor AND 32, L_0x5b10b3e78200, L_0x7c1d1eaa4430, C4<11111111111111111111111111111111>, C4<11111111111111111111111111111111>;
L_0x5b10b3ea6c60 .functor OR 1, L_0x5b10b3ea79e0, L_0x5b10b3ea7bb0, C4<0>, C4<0>;
L_0x7c1d1eaa44c0 .functor BUFT 1, C4<11111110000000000111000001111111>, C4<0>, C4<0>, C4<0>;
L_0x5b10b3ea6d70 .functor AND 32, L_0x5b10b3e78200, L_0x7c1d1eaa44c0, C4<11111111111111111111111111111111>, C4<11111111111111111111111111111111>;
L_0x7c1d1eaa4550 .functor BUFT 1, C4<11111110000000000111000001111111>, C4<0>, C4<0>, C4<0>;
L_0x5b10b3ea6f70 .functor AND 32, L_0x5b10b3e78200, L_0x7c1d1eaa4550, C4<11111111111111111111111111111111>, C4<11111111111111111111111111111111>;
L_0x5b10b3ea7030 .functor OR 1, L_0x5b10b3ea6e30, L_0x5b10b3ea8160, C4<0>, C4<0>;
L_0x7c1d1eaa45e0 .functor BUFT 1, C4<11111110000000000111000001111111>, C4<0>, C4<0>, C4<0>;
L_0x5b10b3ea8340 .functor AND 32, L_0x5b10b3e78200, L_0x7c1d1eaa45e0, C4<11111111111111111111111111111111>, C4<11111111111111111111111111111111>;
L_0x5b10b3ea8540 .functor OR 1, L_0x5b10b3ea7030, L_0x5b10b3ea8400, C4<0>, C4<0>;
L_0x7c1d1eaa4670 .functor BUFT 1, C4<11111110000000000111000001111111>, C4<0>, C4<0>, C4<0>;
L_0x5b10b3ea8650 .functor AND 32, L_0x5b10b3e78200, L_0x7c1d1eaa4670, C4<11111111111111111111111111111111>, C4<11111111111111111111111111111111>;
L_0x5b10b3ea7cf0 .functor OR 1, L_0x5b10b3ea8540, L_0x5b10b3ea8710, C4<0>, C4<0>;
L_0x5b10b3ea7e00 .functor AND 1, L_0x7c1d1eaaab20, L_0x5b10b3ea7cf0, C4<1>, C4<1>;
L_0x7c1d1eaa4700 .functor BUFT 1, C4<11111110000000000111000001111111>, C4<0>, C4<0>, C4<0>;
L_0x5b10b3ea7ec0 .functor AND 32, L_0x5b10b3e78200, L_0x7c1d1eaa4700, C4<11111111111111111111111111111111>, C4<11111111111111111111111111111111>;
L_0x7c1d1eaa4790 .functor BUFT 1, C4<11111110000000000111000001111111>, C4<0>, C4<0>, C4<0>;
L_0x5b10b3ea80c0 .functor AND 32, L_0x5b10b3e78200, L_0x7c1d1eaa4790, C4<11111111111111111111111111111111>, C4<11111111111111111111111111111111>;
L_0x5b10b3ea9310 .functor OR 1, L_0x5b10b3ea7f80, L_0x5b10b3ea8d30, C4<0>, C4<0>;
L_0x7c1d1eaa4820 .functor BUFT 1, C4<11111110000000000111000001111111>, C4<0>, C4<0>, C4<0>;
L_0x5b10b3ea88a0 .functor AND 32, L_0x5b10b3e78200, L_0x7c1d1eaa4820, C4<11111111111111111111111111111111>, C4<11111111111111111111111111111111>;
L_0x5b10b3ea8aa0 .functor OR 1, L_0x5b10b3ea9310, L_0x5b10b3ea8960, C4<0>, C4<0>;
L_0x7c1d1eaa48b0 .functor BUFT 1, C4<11111110000000000111000001111111>, C4<0>, C4<0>, C4<0>;
L_0x5b10b3ea8bb0 .functor AND 32, L_0x5b10b3e78200, L_0x7c1d1eaa48b0, C4<11111111111111111111111111111111>, C4<11111111111111111111111111111111>;
L_0x5b10b3ea8e70 .functor OR 1, L_0x5b10b3ea8aa0, L_0x5b10b3ea9d60, C4<0>, C4<0>;
L_0x5b10b3ea8f80 .functor AND 1, L_0x7c1d1eaaab20, L_0x5b10b3ea8e70, C4<1>, C4<1>;
L_0x7c1d1eaa4940 .functor BUFT 1, C4<11111111111111111111111111111111>, C4<0>, C4<0>, C4<0>;
L_0x5b10b3ea9040 .functor AND 32, L_0x5b10b3e78200, L_0x7c1d1eaa4940, C4<11111111111111111111111111111111>, C4<11111111111111111111111111111111>;
L_0x7c1d1eaa49d0 .functor BUFT 1, C4<11111111111111111111111111111111>, C4<0>, C4<0>, C4<0>;
L_0x5b10b3ea9240 .functor AND 32, L_0x5b10b3e78200, L_0x7c1d1eaa49d0, C4<11111111111111111111111111111111>, C4<11111111111111111111111111111111>;
L_0x5b10b3ea99d0 .functor OR 1, L_0x5b10b3ea9100, L_0x5b10b3ea93d0, C4<0>, C4<0>;
L_0x7c1d1eaa4a60 .functor BUFT 1, C4<11001111111111111111111111111111>, C4<0>, C4<0>, C4<0>;
L_0x5b10b3ea9ae0 .functor AND 32, L_0x5b10b3e78200, L_0x7c1d1eaa4a60, C4<11111111111111111111111111111111>, C4<11111111111111111111111111111111>;
L_0x5b10b3ea9ce0 .functor OR 1, L_0x5b10b3ea99d0, L_0x5b10b3ea9ba0, C4<0>, C4<0>;
L_0x7c1d1eaa4af0 .functor BUFT 1, C4<00000000000000000111000001111111>, C4<0>, C4<0>, C4<0>;
L_0x5b10b3ea9ef0 .functor AND 32, L_0x5b10b3e78200, L_0x7c1d1eaa4af0, C4<11111111111111111111111111111111>, C4<11111111111111111111111111111111>;
L_0x5b10b3eaa0f0 .functor OR 1, L_0x5b10b3ea9ce0, L_0x5b10b3ea9fb0, C4<0>, C4<0>;
L_0x7c1d1eaa4b80 .functor BUFT 1, C4<00000000000000000111000001111111>, C4<0>, C4<0>, C4<0>;
L_0x5b10b3eaa200 .functor AND 32, L_0x5b10b3e78200, L_0x7c1d1eaa4b80, C4<11111111111111111111111111111111>, C4<11111111111111111111111111111111>;
L_0x5b10b3eaa400 .functor OR 1, L_0x5b10b3eaa0f0, L_0x5b10b3eaa2c0, C4<0>, C4<0>;
L_0x7c1d1eaa4c10 .functor BUFT 1, C4<00000000000000000111000001111111>, C4<0>, C4<0>, C4<0>;
L_0x5b10b3eaa510 .functor AND 32, L_0x5b10b3e78200, L_0x7c1d1eaa4c10, C4<11111111111111111111111111111111>, C4<11111111111111111111111111111111>;
L_0x5b10b3ea9510 .functor OR 1, L_0x5b10b3eaa400, L_0x5b10b3eaa5d0, C4<0>, C4<0>;
L_0x7c1d1eaa4ca0 .functor BUFT 1, C4<00000000000000000111000001111111>, C4<0>, C4<0>, C4<0>;
L_0x5b10b3ea9620 .functor AND 32, L_0x5b10b3e78200, L_0x7c1d1eaa4ca0, C4<11111111111111111111111111111111>, C4<11111111111111111111111111111111>;
L_0x5b10b3ea9820 .functor OR 1, L_0x5b10b3ea9510, L_0x5b10b3ea96e0, C4<0>, C4<0>;
L_0x7c1d1eaa4d30 .functor BUFT 1, C4<00000000000000000111000001111111>, C4<0>, C4<0>, C4<0>;
L_0x5b10b3ea9930 .functor AND 32, L_0x5b10b3e78200, L_0x7c1d1eaa4d30, C4<11111111111111111111111111111111>, C4<11111111111111111111111111111111>;
L_0x5b10b3eaad80 .functor OR 1, L_0x5b10b3ea9820, L_0x5b10b3eaac40, C4<0>, C4<0>;
L_0x7c1d1eaa4dc0 .functor BUFT 1, C4<00000000000000000111000001111111>, C4<0>, C4<0>, C4<0>;
L_0x5b10b3eaae90 .functor AND 32, L_0x5b10b3e78200, L_0x7c1d1eaa4dc0, C4<11111111111111111111111111111111>, C4<11111111111111111111111111111111>;
L_0x5b10b3eab090 .functor OR 1, L_0x5b10b3eaad80, L_0x5b10b3eaaf50, C4<0>, C4<0>;
L_0x7c1d1eaa4e50 .functor BUFT 1, C4<11111111111111111000111111111111>, C4<0>, C4<0>, C4<0>;
L_0x5b10b3eab1a0 .functor AND 32, L_0x5b10b3e78200, L_0x7c1d1eaa4e50, C4<11111111111111111111111111111111>, C4<11111111111111111111111111111111>;
L_0x5b10b3eaa710 .functor OR 1, L_0x5b10b3eab090, L_0x5b10b3eab260, C4<0>, C4<0>;
L_0x7c1d1eaa4ee0 .functor BUFT 1, C4<00000000000000000111000001111111>, C4<0>, C4<0>, C4<0>;
L_0x5b10b3eaa820 .functor AND 32, L_0x5b10b3e78200, L_0x7c1d1eaa4ee0, C4<11111111111111111111111111111111>, C4<11111111111111111111111111111111>;
L_0x5b10b3eaaa20 .functor OR 1, L_0x5b10b3eaa710, L_0x5b10b3eaa8e0, C4<0>, C4<0>;
L_0x7c1d1eaa4f70 .functor BUFT 1, C4<00000000000000000111000001111111>, C4<0>, C4<0>, C4<0>;
L_0x5b10b3eaab30 .functor AND 32, L_0x5b10b3e78200, L_0x7c1d1eaa4f70, C4<11111111111111111111111111111111>, C4<11111111111111111111111111111111>;
L_0x5b10b3eabef0 .functor OR 1, L_0x5b10b3eaaa20, L_0x5b10b3eab8a0, C4<0>, C4<0>;
L_0x7c1d1eaa5000 .functor BUFT 1, C4<11111110000000000111111111111111>, C4<0>, C4<0>, C4<0>;
L_0x5b10b3eab3a0 .functor AND 32, L_0x5b10b3e78200, L_0x7c1d1eaa5000, C4<11111111111111111111111111111111>, C4<11111111111111111111111111111111>;
L_0x5b10b3eab5a0 .functor OR 1, L_0x5b10b3eabef0, L_0x5b10b3eab460, C4<0>, C4<0>;
L_0x5b10b3eab6b0 .functor OR 1, L_0x5b10b3eab5a0, L_0x5b10b3e904c0, C4<0>, C4<0>;
L_0x5b10b3eab770 .functor OR 1, L_0x5b10b3eab6b0, L_0x5b10b3eab830, C4<0>, C4<0>;
v0x5b10b3d0efe0_0 .net/2u *"_ivl_0", 31 0, L_0x7c1d1ea9f600;  1 drivers
v0x5b10b3d0ec00_0 .net *"_ivl_10", 31 0, L_0x5b10b3e79b70;  1 drivers
v0x5b10b3d0ece0_0 .net *"_ivl_100", 31 0, L_0x5b10b3e7be10;  1 drivers
v0x5b10b3d0e820_0 .net *"_ivl_1000", 31 0, L_0x5b10b3e9af30;  1 drivers
L_0x7c1d1eaa2d68 .functor BUFT 1, C4<00000000000000000011000001110011>, C4<0>, C4<0>, C4<0>;
v0x5b10b3d0e900_0 .net/2u *"_ivl_1002", 31 0, L_0x7c1d1eaa2d68;  1 drivers
v0x5b10b3d08f00_0 .net *"_ivl_1004", 0 0, L_0x5b10b3e9b330;  1 drivers
v0x5b10b3d08fa0_0 .net *"_ivl_1007", 0 0, L_0x5b10b3e9b470;  1 drivers
v0x5b10b3d0e440_0 .net/2u *"_ivl_1008", 31 0, L_0x7c1d1eaa2db0;  1 drivers
v0x5b10b3d0e520_0 .net *"_ivl_1010", 31 0, L_0x5b10b3e9b580;  1 drivers
L_0x7c1d1eaa2df8 .functor BUFT 1, C4<00000000000000000101000001110011>, C4<0>, C4<0>, C4<0>;
v0x5b10b3d0e060_0 .net/2u *"_ivl_1012", 31 0, L_0x7c1d1eaa2df8;  1 drivers
v0x5b10b3d0e140_0 .net *"_ivl_1014", 0 0, L_0x5b10b3e9b640;  1 drivers
v0x5b10b3d0dc80_0 .net *"_ivl_1017", 0 0, L_0x5b10b3e9b780;  1 drivers
v0x5b10b3d0dd40_0 .net/2u *"_ivl_1018", 31 0, L_0x7c1d1eaa2e40;  1 drivers
L_0x7c1d1ea9fbe8 .functor BUFT 1, C4<00000000000000000000000000010111>, C4<0>, C4<0>, C4<0>;
v0x5b10b3d0d8a0_0 .net/2u *"_ivl_102", 31 0, L_0x7c1d1ea9fbe8;  1 drivers
v0x5b10b3d0d960_0 .net *"_ivl_1020", 31 0, L_0x5b10b3e9b890;  1 drivers
L_0x7c1d1eaa2e88 .functor BUFT 1, C4<00000000000000000110000001110011>, C4<0>, C4<0>, C4<0>;
v0x5b10b3d0d4c0_0 .net/2u *"_ivl_1022", 31 0, L_0x7c1d1eaa2e88;  1 drivers
v0x5b10b3d0d5a0_0 .net *"_ivl_1024", 0 0, L_0x5b10b3e9bcc0;  1 drivers
v0x5b10b3d0d0e0_0 .net *"_ivl_1027", 0 0, L_0x5b10b3e9bdb0;  1 drivers
v0x5b10b3d0d1a0_0 .net/2u *"_ivl_1028", 31 0, L_0x7c1d1eaa2ed0;  1 drivers
v0x5b10b3d0cd00_0 .net *"_ivl_1030", 31 0, L_0x5b10b3e9bec0;  1 drivers
L_0x7c1d1eaa2f18 .functor BUFT 1, C4<00000000000000000111000001110011>, C4<0>, C4<0>, C4<0>;
v0x5b10b3d0cdc0_0 .net/2u *"_ivl_1032", 31 0, L_0x7c1d1eaa2f18;  1 drivers
v0x5b10b3d0c920_0 .net *"_ivl_1034", 0 0, L_0x5b10b3e9bf80;  1 drivers
v0x5b10b3d0c9e0_0 .net/2u *"_ivl_1038", 31 0, L_0x7c1d1eaa2f60;  1 drivers
v0x5b10b3d0c540_0 .net *"_ivl_104", 0 0, L_0x5b10b3e7bb70;  1 drivers
v0x5b10b3d0c600_0 .net *"_ivl_1040", 31 0, L_0x5b10b3e9c1d0;  1 drivers
L_0x7c1d1eaa2fa8 .functor BUFT 1, C4<00000000000000000111000000010011>, C4<0>, C4<0>, C4<0>;
v0x5b10b3d0c160_0 .net/2u *"_ivl_1042", 31 0, L_0x7c1d1eaa2fa8;  1 drivers
v0x5b10b3d0c220_0 .net *"_ivl_1044", 0 0, L_0x5b10b3e9c290;  1 drivers
v0x5b10b3d08b20_0 .net/2u *"_ivl_1046", 31 0, L_0x7c1d1eaa2ff0;  1 drivers
v0x5b10b3d08c00_0 .net *"_ivl_1048", 31 0, L_0x5b10b3e9c720;  1 drivers
L_0x7c1d1eaa3038 .functor BUFT 1, C4<00000000000000000000000000010011>, C4<0>, C4<0>, C4<0>;
v0x5b10b3d0bd80_0 .net/2u *"_ivl_1050", 31 0, L_0x7c1d1eaa3038;  1 drivers
v0x5b10b3d0be60_0 .net *"_ivl_1052", 0 0, L_0x5b10b3e9c7e0;  1 drivers
v0x5b10b3d0b9a0_0 .net *"_ivl_1055", 0 0, L_0x5b10b3e9cc70;  1 drivers
v0x5b10b3d0ba40_0 .net/2u *"_ivl_1056", 31 0, L_0x7c1d1eaa3080;  1 drivers
v0x5b10b3729780_0 .net *"_ivl_1058", 31 0, L_0x5b10b3e9d070;  1 drivers
L_0x7c1d1eaa30c8 .functor BUFT 1, C4<00000000000000000010000000010011>, C4<0>, C4<0>, C4<0>;
v0x5b10b3729860_0 .net/2u *"_ivl_1060", 31 0, L_0x7c1d1eaa30c8;  1 drivers
v0x5b10b3729940_0 .net *"_ivl_1062", 0 0, L_0x5b10b3e9d130;  1 drivers
v0x5b10b3d0b5c0_0 .net *"_ivl_1065", 0 0, L_0x5b10b3e9d270;  1 drivers
v0x5b10b3d0b680_0 .net/2u *"_ivl_1066", 31 0, L_0x7c1d1eaa3110;  1 drivers
v0x5b10b3d0b1e0_0 .net *"_ivl_1068", 31 0, L_0x5b10b3e9d380;  1 drivers
v0x5b10b3d0b2c0_0 .net *"_ivl_107", 0 0, L_0x5b10b3e7c020;  1 drivers
L_0x7c1d1eaa3158 .functor BUFT 1, C4<00000000000000000011000000010011>, C4<0>, C4<0>, C4<0>;
v0x5b10b3d0ae00_0 .net/2u *"_ivl_1070", 31 0, L_0x7c1d1eaa3158;  1 drivers
v0x5b10b3d0aee0_0 .net *"_ivl_1072", 0 0, L_0x5b10b3e9d440;  1 drivers
v0x5b10b3d0aa20_0 .net *"_ivl_1075", 0 0, L_0x5b10b3e9d580;  1 drivers
v0x5b10b3d0aae0_0 .net/2u *"_ivl_1076", 31 0, L_0x7c1d1eaa31a0;  1 drivers
v0x5b10b3d0a640_0 .net *"_ivl_1078", 31 0, L_0x5b10b3e9d690;  1 drivers
v0x5b10b3d0a700_0 .net/2u *"_ivl_108", 31 0, L_0x7c1d1ea9fc30;  1 drivers
L_0x7c1d1eaa31e8 .functor BUFT 1, C4<00000000000000000110000000010011>, C4<0>, C4<0>, C4<0>;
v0x5b10b3d0a260_0 .net/2u *"_ivl_1080", 31 0, L_0x7c1d1eaa31e8;  1 drivers
v0x5b10b3d0a340_0 .net *"_ivl_1082", 0 0, L_0x5b10b3e9d7d0;  1 drivers
v0x5b10b3d09e80_0 .net *"_ivl_1085", 0 0, L_0x5b10b3e9d910;  1 drivers
v0x5b10b3d09f40_0 .net/2u *"_ivl_1086", 31 0, L_0x7c1d1eaa3230;  1 drivers
v0x5b10b3d09aa0_0 .net *"_ivl_1088", 31 0, L_0x5b10b3e9da20;  1 drivers
L_0x7c1d1eaa3278 .functor BUFT 1, C4<00000000000000000100000000010011>, C4<0>, C4<0>, C4<0>;
v0x5b10b3d09b60_0 .net/2u *"_ivl_1090", 31 0, L_0x7c1d1eaa3278;  1 drivers
v0x5b10b3cdb010_0 .net *"_ivl_1092", 0 0, L_0x5b10b3e9dae0;  1 drivers
v0x5b10b3cdb0d0_0 .net *"_ivl_1095", 0 0, L_0x5b10b3e9dc20;  1 drivers
v0x5b10b3cd6dc0_0 .net/2u *"_ivl_1096", 31 0, L_0x7c1d1eaa32c0;  1 drivers
v0x5b10b3cd6ea0_0 .net *"_ivl_1098", 31 0, L_0x5b10b3e9dd30;  1 drivers
v0x5b10b3cd69e0_0 .net *"_ivl_110", 31 0, L_0x5b10b3e7c130;  1 drivers
L_0x7c1d1eaa3308 .functor BUFT 1, C4<00000000000000000001000000010011>, C4<0>, C4<0>, C4<0>;
v0x5b10b3cd6aa0_0 .net/2u *"_ivl_1100", 31 0, L_0x7c1d1eaa3308;  1 drivers
v0x5b10b3cd6600_0 .net *"_ivl_1102", 0 0, L_0x5b10b3e9e1c0;  1 drivers
v0x5b10b3cd66c0_0 .net *"_ivl_1105", 0 0, L_0x5b10b3e9ddf0;  1 drivers
v0x5b10b3cd6310_0 .net/2u *"_ivl_1106", 31 0, L_0x7c1d1eaa3350;  1 drivers
v0x5b10b3cd63f0_0 .net *"_ivl_1108", 31 0, L_0x5b10b3e9e3a0;  1 drivers
L_0x7c1d1eaa3398 .functor BUFT 1, C4<00000000000000000101000000010011>, C4<0>, C4<0>, C4<0>;
v0x5b10b3ce3fa0_0 .net/2u *"_ivl_1110", 31 0, L_0x7c1d1eaa3398;  1 drivers
v0x5b10b3ce4060_0 .net *"_ivl_1112", 0 0, L_0x5b10b3e9e460;  1 drivers
v0x5b10b3ce3660_0 .net *"_ivl_1115", 0 0, L_0x5b10b3e9e5a0;  1 drivers
v0x5b10b37a08a0_0 .net/2u *"_ivl_1116", 31 0, L_0x7c1d1eaa33e0;  1 drivers
v0x5b10b3ce3700_0 .net *"_ivl_1118", 31 0, L_0x5b10b3e9e6b0;  1 drivers
L_0x7c1d1ea9fc78 .functor BUFT 1, C4<00000000000000000000000000110011>, C4<0>, C4<0>, C4<0>;
v0x5b10b3ce3280_0 .net/2u *"_ivl_112", 31 0, L_0x7c1d1ea9fc78;  1 drivers
L_0x7c1d1eaa3428 .functor BUFT 1, C4<01000000000000000101000000010011>, C4<0>, C4<0>, C4<0>;
v0x5b10b3ce3360_0 .net/2u *"_ivl_1120", 31 0, L_0x7c1d1eaa3428;  1 drivers
v0x5b10b3ce2ea0_0 .net *"_ivl_1122", 0 0, L_0x5b10b3e9e770;  1 drivers
v0x5b10b3ce2f60_0 .net *"_ivl_1125", 0 0, L_0x5b10b3e9ec30;  1 drivers
v0x5b10b3ce2ac0_0 .net/2u *"_ivl_1126", 31 0, L_0x7c1d1eaa3470;  1 drivers
v0x5b10b3ce2ba0_0 .net *"_ivl_1128", 31 0, L_0x5b10b3e9ed40;  1 drivers
L_0x7c1d1eaa34b8 .functor BUFT 1, C4<00000000000000000000000000110111>, C4<0>, C4<0>, C4<0>;
v0x5b10b3ce26e0_0 .net/2u *"_ivl_1130", 31 0, L_0x7c1d1eaa34b8;  1 drivers
v0x5b10b3ce27a0_0 .net *"_ivl_1132", 0 0, L_0x5b10b3e9ee00;  1 drivers
v0x5b10b3ce2360_0 .net *"_ivl_1135", 0 0, L_0x5b10b3e9f2d0;  1 drivers
v0x5b10b3ce2420_0 .net/2u *"_ivl_1136", 31 0, L_0x7c1d1eaa3500;  1 drivers
v0x5b10b3ce2010_0 .net *"_ivl_1138", 31 0, L_0x5b10b3e9f6d0;  1 drivers
v0x5b10b3ce20f0_0 .net *"_ivl_114", 0 0, L_0x5b10b3e7c2b0;  1 drivers
L_0x7c1d1eaa3548 .functor BUFT 1, C4<00000000000000000000000000010111>, C4<0>, C4<0>, C4<0>;
v0x5b10b3cb47a0_0 .net/2u *"_ivl_1140", 31 0, L_0x7c1d1eaa3548;  1 drivers
v0x5b10b3cb4880_0 .net *"_ivl_1142", 0 0, L_0x5b10b3e9f790;  1 drivers
v0x5b10b3cb0550_0 .net *"_ivl_1145", 0 0, L_0x5b10b3e9f8d0;  1 drivers
v0x5b10b3cb05f0_0 .net/2u *"_ivl_1146", 31 0, L_0x7c1d1eaa3590;  1 drivers
v0x5b10b3cb0170_0 .net *"_ivl_1148", 31 0, L_0x5b10b3e9f9e0;  1 drivers
L_0x7c1d1eaa35d8 .functor BUFT 1, C4<00000000000000000000000000110011>, C4<0>, C4<0>, C4<0>;
v0x5b10b3cb0250_0 .net/2u *"_ivl_1150", 31 0, L_0x7c1d1eaa35d8;  1 drivers
v0x5b10b3cafd90_0 .net *"_ivl_1152", 0 0, L_0x5b10b3e9faa0;  1 drivers
v0x5b10b3cafe50_0 .net *"_ivl_1155", 0 0, L_0x5b10b3e9fbe0;  1 drivers
v0x5b10b3cafaa0_0 .net/2u *"_ivl_1156", 31 0, L_0x7c1d1eaa3620;  1 drivers
v0x5b10b3cafb80_0 .net *"_ivl_1158", 31 0, L_0x5b10b3e9fcf0;  1 drivers
L_0x7c1d1eaa3668 .functor BUFT 1, C4<01000000000000000000000000110011>, C4<0>, C4<0>, C4<0>;
v0x5b10b3cbd730_0 .net/2u *"_ivl_1160", 31 0, L_0x7c1d1eaa3668;  1 drivers
v0x5b10b3cbd810_0 .net *"_ivl_1162", 0 0, L_0x5b10b3e9fe60;  1 drivers
v0x5b10b3cbcdf0_0 .net *"_ivl_1165", 0 0, L_0x5b10b3e9ffa0;  1 drivers
v0x5b10b3cbceb0_0 .net/2u *"_ivl_1166", 31 0, L_0x7c1d1eaa36b0;  1 drivers
v0x5b10b3cbca10_0 .net *"_ivl_1168", 31 0, L_0x5b10b3ea00b0;  1 drivers
v0x5b10b3cbcaf0_0 .net *"_ivl_117", 0 0, L_0x5b10b3e7c460;  1 drivers
L_0x7c1d1eaa36f8 .functor BUFT 1, C4<00000000000000000010000000110011>, C4<0>, C4<0>, C4<0>;
v0x5b10b3cbc630_0 .net/2u *"_ivl_1170", 31 0, L_0x7c1d1eaa36f8;  1 drivers
v0x5b10b3cbc6f0_0 .net *"_ivl_1172", 0 0, L_0x5b10b3ea0170;  1 drivers
v0x5b10b3cbc250_0 .net *"_ivl_1175", 0 0, L_0x5b10b3ea02b0;  1 drivers
v0x5b10b3cbc310_0 .net/2u *"_ivl_1176", 31 0, L_0x7c1d1eaa3740;  1 drivers
v0x5b10b3cbbe70_0 .net *"_ivl_1178", 31 0, L_0x5b10b3ea03c0;  1 drivers
v0x5b10b3cbbf50_0 .net/2u *"_ivl_118", 31 0, L_0x7c1d1ea9fcc0;  1 drivers
L_0x7c1d1eaa3788 .functor BUFT 1, C4<00000000000000000011000000110011>, C4<0>, C4<0>, C4<0>;
v0x5b10b3cbbaf0_0 .net/2u *"_ivl_1180", 31 0, L_0x7c1d1eaa3788;  1 drivers
v0x5b10b3cbbbb0_0 .net *"_ivl_1182", 0 0, L_0x5b10b3ea0480;  1 drivers
v0x5b10b3cbb7a0_0 .net *"_ivl_1185", 0 0, L_0x5b10b3ea0960;  1 drivers
v0x5b10b3cbb860_0 .net/2u *"_ivl_1186", 31 0, L_0x7c1d1eaa37d0;  1 drivers
v0x5b10b3be5a80_0 .net *"_ivl_1188", 31 0, L_0x5b10b3ea0a70;  1 drivers
L_0x7c1d1eaa3818 .functor BUFT 1, C4<00000000000000000100000000110011>, C4<0>, C4<0>, C4<0>;
v0x5b10b3be5b60_0 .net/2u *"_ivl_1190", 31 0, L_0x7c1d1eaa3818;  1 drivers
v0x5b10b3be01c0_0 .net *"_ivl_1192", 0 0, L_0x5b10b3ea0b30;  1 drivers
v0x5b10b3be0260_0 .net *"_ivl_1195", 0 0, L_0x5b10b3ea1030;  1 drivers
v0x5b10b3bdd7b0_0 .net/2u *"_ivl_1196", 31 0, L_0x7c1d1eaa3860;  1 drivers
v0x5b10b3bdd890_0 .net *"_ivl_1198", 31 0, L_0x5b10b3ea1490;  1 drivers
L_0x7c1d1ea9f6d8 .functor BUFT 1, C4<00000000000000000000000000010011>, C4<0>, C4<0>, C4<0>;
v0x5b10b3a35d80_0 .net/2u *"_ivl_12", 31 0, L_0x7c1d1ea9f6d8;  1 drivers
v0x5b10b3a35e60_0 .net *"_ivl_120", 31 0, L_0x5b10b3e7c570;  1 drivers
L_0x7c1d1eaa38a8 .functor BUFT 1, C4<00000000000000000110000000110011>, C4<0>, C4<0>, C4<0>;
v0x5b10b3a34f30_0 .net/2u *"_ivl_1200", 31 0, L_0x7c1d1eaa38a8;  1 drivers
v0x5b10b3a34ff0_0 .net *"_ivl_1202", 0 0, L_0x5b10b3ea1550;  1 drivers
v0x5b10b3a376f0_0 .net *"_ivl_1205", 0 0, L_0x5b10b3ea1690;  1 drivers
v0x5b10b3a377b0_0 .net/2u *"_ivl_1206", 31 0, L_0x7c1d1eaa38f0;  1 drivers
v0x5b10b3a36a20_0 .net *"_ivl_1208", 31 0, L_0x5b10b3ea17a0;  1 drivers
L_0x7c1d1eaa3938 .functor BUFT 1, C4<00000000000000000111000000110011>, C4<0>, C4<0>, C4<0>;
v0x5b10b3a36b00_0 .net/2u *"_ivl_1210", 31 0, L_0x7c1d1eaa3938;  1 drivers
v0x5b10b3b58c60_0 .net *"_ivl_1212", 0 0, L_0x5b10b3ea1810;  1 drivers
v0x5b10b3b58d00_0 .net *"_ivl_1215", 0 0, L_0x5b10b3ea1950;  1 drivers
v0x5b10b3a8b010_0 .net/2u *"_ivl_1216", 31 0, L_0x7c1d1eaa3980;  1 drivers
v0x5b10b3a8b0f0_0 .net *"_ivl_1218", 31 0, L_0x5b10b3ea1a60;  1 drivers
L_0x7c1d1ea9fd08 .functor BUFT 1, C4<01000000000000000000000000110011>, C4<0>, C4<0>, C4<0>;
v0x5b10b3d6d0f0_0 .net/2u *"_ivl_122", 31 0, L_0x7c1d1ea9fd08;  1 drivers
L_0x7c1d1eaa39c8 .functor BUFT 1, C4<00000000000000000001000000110011>, C4<0>, C4<0>, C4<0>;
v0x5b10b3d6d1d0_0 .net/2u *"_ivl_1220", 31 0, L_0x7c1d1eaa39c8;  1 drivers
v0x5b10b3d6cd10_0 .net *"_ivl_1222", 0 0, L_0x5b10b3ea1b20;  1 drivers
v0x5b10b3d6cdb0_0 .net *"_ivl_1225", 0 0, L_0x5b10b3e8b7d0;  1 drivers
v0x5b10b3d6ecf0_0 .net/2u *"_ivl_1226", 31 0, L_0x7c1d1eaa3a10;  1 drivers
v0x5b10b3d6edd0_0 .net *"_ivl_1228", 31 0, L_0x5b10b3e8b8e0;  1 drivers
L_0x7c1d1eaa3a58 .functor BUFT 1, C4<00000000000000000101000000110011>, C4<0>, C4<0>, C4<0>;
v0x5b10b3d6e070_0 .net/2u *"_ivl_1230", 31 0, L_0x7c1d1eaa3a58;  1 drivers
v0x5b10b3d6e150_0 .net *"_ivl_1232", 0 0, L_0x5b10b3e8b9a0;  1 drivers
v0x5b10b3d6dc90_0 .net *"_ivl_1235", 0 0, L_0x5b10b3e8bec0;  1 drivers
v0x5b10b3d6dd50_0 .net/2u *"_ivl_1236", 31 0, L_0x7c1d1eaa3aa0;  1 drivers
v0x5b10b3d6d8b0_0 .net *"_ivl_1238", 31 0, L_0x5b10b3e8e3e0;  1 drivers
v0x5b10b3d6d970_0 .net *"_ivl_124", 0 0, L_0x5b10b3e7c700;  1 drivers
L_0x7c1d1eaa3ae8 .functor BUFT 1, C4<01000000000000000101000000110011>, C4<0>, C4<0>, C4<0>;
v0x5b10b3d6d4d0_0 .net/2u *"_ivl_1240", 31 0, L_0x7c1d1eaa3ae8;  1 drivers
v0x5b10b3d6d5b0_0 .net *"_ivl_1242", 0 0, L_0x5b10b3e8e4a0;  1 drivers
v0x5b10b3d54010_0 .net/2u *"_ivl_1246", 31 0, L_0x7c1d1eaa3b30;  1 drivers
v0x5b10b3d540f0_0 .net *"_ivl_1248", 31 0, L_0x5b10b3e8e6f0;  1 drivers
L_0x7c1d1eaa3b78 .functor BUFT 1, C4<00000000000000000000000000000011>, C4<0>, C4<0>, C4<0>;
v0x5b10b3d53390_0 .net/2u *"_ivl_1250", 31 0, L_0x7c1d1eaa3b78;  1 drivers
v0x5b10b3d53450_0 .net *"_ivl_1252", 0 0, L_0x5b10b3e8e7b0;  1 drivers
v0x5b10b3c9a760_0 .net/2u *"_ivl_1254", 31 0, L_0x7c1d1eaa3bc0;  1 drivers
v0x5b10b3c9a840_0 .net *"_ivl_1256", 31 0, L_0x5b10b3ea3400;  1 drivers
L_0x7c1d1eaa3c08 .functor BUFT 1, C4<00000000000000000001000000000011>, C4<0>, C4<0>, C4<0>;
v0x5b10b3c9a380_0 .net/2u *"_ivl_1258", 31 0, L_0x7c1d1eaa3c08;  1 drivers
v0x5b10b3c9a460_0 .net *"_ivl_1260", 0 0, L_0x5b10b3ea34c0;  1 drivers
v0x5b10b3c77590_0 .net *"_ivl_1263", 0 0, L_0x5b10b3ea3600;  1 drivers
v0x5b10b3c77630_0 .net/2u *"_ivl_1264", 31 0, L_0x7c1d1eaa3c50;  1 drivers
v0x5b10b3c77240_0 .net *"_ivl_1266", 31 0, L_0x5b10b3ea3710;  1 drivers
L_0x7c1d1eaa3c98 .functor BUFT 1, C4<00000000000000000010000000000011>, C4<0>, C4<0>, C4<0>;
v0x5b10b3c77320_0 .net/2u *"_ivl_1268", 31 0, L_0x7c1d1eaa3c98;  1 drivers
v0x5b10b3c736b0_0 .net *"_ivl_127", 0 0, L_0x5b10b3e7c840;  1 drivers
v0x5b10b3c73770_0 .net *"_ivl_1270", 0 0, L_0x5b10b3e8e8f0;  1 drivers
v0x5b10b3c54200_0 .net *"_ivl_1273", 0 0, L_0x5b10b3e8ea30;  1 drivers
v0x5b10b3c542c0_0 .net/2u *"_ivl_1274", 31 0, L_0x7c1d1eaa3ce0;  1 drivers
v0x5b10b3c52310_0 .net *"_ivl_1276", 31 0, L_0x5b10b3ea5420;  1 drivers
L_0x7c1d1eaa3d28 .functor BUFT 1, C4<00000000000000000100000000000011>, C4<0>, C4<0>, C4<0>;
v0x5b10b3c523d0_0 .net/2u *"_ivl_1278", 31 0, L_0x7c1d1eaa3d28;  1 drivers
v0x5b10b3c51f30_0 .net/2u *"_ivl_128", 31 0, L_0x7c1d1ea9fd50;  1 drivers
v0x5b10b3c52010_0 .net *"_ivl_1280", 0 0, L_0x5b10b3ea4800;  1 drivers
v0x5b10b3c51be0_0 .net *"_ivl_1283", 0 0, L_0x5b10b3ea4940;  1 drivers
v0x5b10b3c51ca0_0 .net/2u *"_ivl_1284", 31 0, L_0x7c1d1eaa3d70;  1 drivers
v0x5b10b3c51890_0 .net *"_ivl_1286", 31 0, L_0x5b10b3ea4a50;  1 drivers
L_0x7c1d1eaa3db8 .functor BUFT 1, C4<00000000000000000101000000000011>, C4<0>, C4<0>, C4<0>;
v0x5b10b3c51950_0 .net/2u *"_ivl_1288", 31 0, L_0x7c1d1eaa3db8;  1 drivers
v0x5b10b3c4f730_0 .net *"_ivl_1290", 0 0, L_0x5b10b3ea4b10;  1 drivers
v0x5b10b3c4f7f0_0 .net *"_ivl_1293", 0 0, L_0x5b10b3ea4c50;  1 drivers
v0x5b10b3c2de40_0 .net/2u *"_ivl_1294", 31 0, L_0x7c1d1eaa3e00;  1 drivers
v0x5b10b3c2df20_0 .net *"_ivl_1296", 31 0, L_0x5b10b3ea4d60;  1 drivers
L_0x7c1d1eaa3e48 .functor BUFT 1, C4<00000000000000000110000000000011>, C4<0>, C4<0>, C4<0>;
v0x5b10b3c2e6f0_0 .net/2u *"_ivl_1298", 31 0, L_0x7c1d1eaa3e48;  1 drivers
v0x5b10b3c2e7d0_0 .net *"_ivl_130", 31 0, L_0x5b10b3e7c950;  1 drivers
v0x5b10b3c2ed80_0 .net *"_ivl_1300", 0 0, L_0x5b10b3ea4e20;  1 drivers
v0x5b10b3c2ee20_0 .net *"_ivl_1303", 0 0, L_0x5b10b3ea4f60;  1 drivers
v0x5b10b3d34ed0_0 .net/2u *"_ivl_1304", 31 0, L_0x7c1d1eaa3e90;  1 drivers
v0x5b10b3d34fb0_0 .net *"_ivl_1306", 31 0, L_0x5b10b3ea54e0;  1 drivers
L_0x7c1d1eaa3ed8 .functor BUFT 1, C4<00000000000000000000000000100011>, C4<0>, C4<0>, C4<0>;
v0x5b10b3d35550_0 .net/2u *"_ivl_1308", 31 0, L_0x7c1d1eaa3ed8;  1 drivers
v0x5b10b3d35610_0 .net *"_ivl_1310", 0 0, L_0x5b10b3ea55a0;  1 drivers
v0x5b10b3be6a60_0 .net *"_ivl_1313", 0 0, L_0x5b10b3ea5b00;  1 drivers
v0x5b10b3be6b00_0 .net/2u *"_ivl_1314", 31 0, L_0x7c1d1eaa3f20;  1 drivers
v0x5b10b3be7020_0 .net *"_ivl_1316", 31 0, L_0x5b10b3ea5c10;  1 drivers
L_0x7c1d1eaa3f68 .functor BUFT 1, C4<00000000000000000001000000100011>, C4<0>, C4<0>, C4<0>;
v0x5b10b3be70e0_0 .net/2u *"_ivl_1318", 31 0, L_0x7c1d1eaa3f68;  1 drivers
L_0x7c1d1ea9fd98 .functor BUFT 1, C4<00000000000000000010000000110011>, C4<0>, C4<0>, C4<0>;
v0x5b10b3be78d0_0 .net/2u *"_ivl_132", 31 0, L_0x7c1d1ea9fd98;  1 drivers
v0x5b10b3be79b0_0 .net *"_ivl_1320", 0 0, L_0x5b10b3ea69a0;  1 drivers
v0x5b10b3be8120_0 .net *"_ivl_1323", 0 0, L_0x5b10b3ea6a90;  1 drivers
v0x5b10b3be81e0_0 .net/2u *"_ivl_1324", 31 0, L_0x7c1d1eaa3fb0;  1 drivers
v0x5b10b3be8f70_0 .net *"_ivl_1326", 31 0, L_0x5b10b3ea6ba0;  1 drivers
L_0x7c1d1eaa3ff8 .functor BUFT 1, C4<00000000000000000010000000100011>, C4<0>, C4<0>, C4<0>;
v0x5b10b3be9050_0 .net/2u *"_ivl_1328", 31 0, L_0x7c1d1eaa3ff8;  1 drivers
v0x5b10b3be9620_0 .net *"_ivl_1330", 0 0, L_0x5b10b3ea6130;  1 drivers
v0x5b10b3be96e0_0 .net/2u *"_ivl_1334", 31 0, L_0x7c1d1eaa4040;  1 drivers
v0x5b10b3be9ee0_0 .net *"_ivl_1336", 31 0, L_0x5b10b3ea67b0;  1 drivers
L_0x7c1d1eaa4088 .functor BUFT 1, C4<00000000000000000000000001101111>, C4<0>, C4<0>, C4<0>;
v0x5b10b3be9fc0_0 .net/2u *"_ivl_1338", 31 0, L_0x7c1d1eaa4088;  1 drivers
v0x5b10b3c27830_0 .net *"_ivl_134", 0 0, L_0x5b10b3e7caf0;  1 drivers
v0x5b10b3c278f0_0 .net *"_ivl_1340", 0 0, L_0x5b10b3ea6870;  1 drivers
v0x5b10b3d8ed20_0 .net/2u *"_ivl_1342", 31 0, L_0x7c1d1eaa40d0;  1 drivers
v0x5b10b3d8ede0_0 .net *"_ivl_1344", 31 0, L_0x5b10b3ea5730;  1 drivers
L_0x7c1d1eaa4118 .functor BUFT 1, C4<00000000000000000000000001100111>, C4<0>, C4<0>, C4<0>;
v0x5b10b3c2d3b0_0 .net/2u *"_ivl_1346", 31 0, L_0x7c1d1eaa4118;  1 drivers
v0x5b10b3c2d490_0 .net *"_ivl_1348", 0 0, L_0x5b10b3ea57f0;  1 drivers
v0x5b10b3c28dd0_0 .net *"_ivl_1351", 0 0, L_0x5b10b3ea5930;  1 drivers
v0x5b10b3c28e90_0 .net/2u *"_ivl_1352", 31 0, L_0x7c1d1eaa4160;  1 drivers
v0x5b10b3c1c270_0 .net *"_ivl_1354", 31 0, L_0x5b10b3ea5a40;  1 drivers
L_0x7c1d1eaa41a8 .functor BUFT 1, C4<00000000000000000000000001100011>, C4<0>, C4<0>, C4<0>;
v0x5b10b3c1c350_0 .net/2u *"_ivl_1356", 31 0, L_0x7c1d1eaa41a8;  1 drivers
v0x5b10b3c1b6f0_0 .net *"_ivl_1358", 0 0, L_0x5b10b3ea6270;  1 drivers
v0x5b10b3c1b790_0 .net *"_ivl_1361", 0 0, L_0x5b10b3ea63b0;  1 drivers
v0x5b10b3c1aca0_0 .net/2u *"_ivl_1362", 31 0, L_0x7c1d1eaa41f0;  1 drivers
v0x5b10b3c1ad80_0 .net *"_ivl_1364", 31 0, L_0x5b10b3ea64c0;  1 drivers
L_0x7c1d1eaa4238 .functor BUFT 1, C4<00000000000000000001000001100011>, C4<0>, C4<0>, C4<0>;
v0x5b10b3bf34e0_0 .net/2u *"_ivl_1366", 31 0, L_0x7c1d1eaa4238;  1 drivers
v0x5b10b3bf35a0_0 .net *"_ivl_1368", 0 0, L_0x5b10b3ea6580;  1 drivers
v0x5b10b3ccd530_0 .net *"_ivl_137", 0 0, L_0x5b10b3e7c3f0;  1 drivers
v0x5b10b3ccd5d0_0 .net *"_ivl_1371", 0 0, L_0x5b10b3ea70b0;  1 drivers
v0x5b10b3caad30_0 .net/2u *"_ivl_1372", 31 0, L_0x7c1d1eaa4280;  1 drivers
v0x5b10b3caae10_0 .net *"_ivl_1374", 31 0, L_0x5b10b3ea71c0;  1 drivers
L_0x7c1d1eaa42c8 .functor BUFT 1, C4<00000000000000000100000001100011>, C4<0>, C4<0>, C4<0>;
v0x5b10b3d32100_0 .net/2u *"_ivl_1376", 31 0, L_0x7c1d1eaa42c8;  1 drivers
v0x5b10b3d321c0_0 .net *"_ivl_1378", 0 0, L_0x5b10b3ea7280;  1 drivers
v0x5b10b3d2b770_0 .net/2u *"_ivl_138", 31 0, L_0x7c1d1ea9fde0;  1 drivers
v0x5b10b3d2b830_0 .net *"_ivl_1381", 0 0, L_0x5b10b3ea73c0;  1 drivers
v0x5b10b3d2b480_0 .net/2u *"_ivl_1382", 31 0, L_0x7c1d1eaa4310;  1 drivers
v0x5b10b3d2b540_0 .net *"_ivl_1384", 31 0, L_0x5b10b3ea74d0;  1 drivers
L_0x7c1d1eaa4358 .functor BUFT 1, C4<00000000000000000101000001100011>, C4<0>, C4<0>, C4<0>;
v0x5b10b3d2b190_0 .net/2u *"_ivl_1386", 31 0, L_0x7c1d1eaa4358;  1 drivers
v0x5b10b3d2b270_0 .net *"_ivl_1388", 0 0, L_0x5b10b3ea7590;  1 drivers
v0x5b10b3d2aea0_0 .net *"_ivl_1391", 0 0, L_0x5b10b3ea76d0;  1 drivers
v0x5b10b3d2af60_0 .net/2u *"_ivl_1392", 31 0, L_0x7c1d1eaa43a0;  1 drivers
v0x5b10b3d07c20_0 .net *"_ivl_1394", 31 0, L_0x5b10b3ea77e0;  1 drivers
L_0x7c1d1eaa43e8 .functor BUFT 1, C4<00000000000000000110000001100011>, C4<0>, C4<0>, C4<0>;
v0x5b10b3d07d00_0 .net/2u *"_ivl_1396", 31 0, L_0x7c1d1eaa43e8;  1 drivers
v0x5b10b3d06c80_0 .net *"_ivl_1398", 0 0, L_0x5b10b3ea78a0;  1 drivers
v0x5b10b3d06d40_0 .net *"_ivl_14", 0 0, L_0x5b10b3e79cf0;  1 drivers
v0x5b10b3d05c80_0 .net *"_ivl_140", 31 0, L_0x5b10b3e7cd50;  1 drivers
v0x5b10b3d05d40_0 .net *"_ivl_1401", 0 0, L_0x5b10b3ea79e0;  1 drivers
v0x5b10b3d048a0_0 .net/2u *"_ivl_1402", 31 0, L_0x7c1d1eaa4430;  1 drivers
v0x5b10b3d04960_0 .net *"_ivl_1404", 31 0, L_0x5b10b3ea7af0;  1 drivers
L_0x7c1d1eaa4478 .functor BUFT 1, C4<00000000000000000111000001100011>, C4<0>, C4<0>, C4<0>;
v0x5b10b3d02380_0 .net/2u *"_ivl_1406", 31 0, L_0x7c1d1eaa4478;  1 drivers
v0x5b10b3d02460_0 .net *"_ivl_1408", 0 0, L_0x5b10b3ea7bb0;  1 drivers
v0x5b10b3cfd1b0_0 .net/2u *"_ivl_1412", 31 0, L_0x7c1d1eaa44c0;  1 drivers
v0x5b10b3cfd290_0 .net *"_ivl_1414", 31 0, L_0x5b10b3ea6d70;  1 drivers
L_0x7c1d1eaa4508 .functor BUFT 1, C4<00000010000000000000000000110011>, C4<0>, C4<0>, C4<0>;
v0x5b10b3cfaf40_0 .net/2u *"_ivl_1416", 31 0, L_0x7c1d1eaa4508;  1 drivers
v0x5b10b3cfb020_0 .net *"_ivl_1418", 0 0, L_0x5b10b3ea6e30;  1 drivers
L_0x7c1d1ea9fe28 .functor BUFT 1, C4<00000000000000000011000000110011>, C4<0>, C4<0>, C4<0>;
v0x5b10b3cfa2c0_0 .net/2u *"_ivl_142", 31 0, L_0x7c1d1ea9fe28;  1 drivers
v0x5b10b3cfa3a0_0 .net/2u *"_ivl_1420", 31 0, L_0x7c1d1eaa4550;  1 drivers
v0x5b10b3cf9640_0 .net *"_ivl_1422", 31 0, L_0x5b10b3ea6f70;  1 drivers
L_0x7c1d1eaa4598 .functor BUFT 1, C4<00000010000000000001000000110011>, C4<0>, C4<0>, C4<0>;
v0x5b10b3cf9700_0 .net/2u *"_ivl_1424", 31 0, L_0x7c1d1eaa4598;  1 drivers
v0x5b10b3cf89c0_0 .net *"_ivl_1426", 0 0, L_0x5b10b3ea8160;  1 drivers
v0x5b10b3cf8a80_0 .net *"_ivl_1429", 0 0, L_0x5b10b3ea7030;  1 drivers
v0x5b10b3cf7d40_0 .net/2u *"_ivl_1430", 31 0, L_0x7c1d1eaa45e0;  1 drivers
v0x5b10b3cf7e00_0 .net *"_ivl_1432", 31 0, L_0x5b10b3ea8340;  1 drivers
L_0x7c1d1eaa4628 .functor BUFT 1, C4<00000010000000000010000000110011>, C4<0>, C4<0>, C4<0>;
v0x5b10b3cf3e40_0 .net/2u *"_ivl_1434", 31 0, L_0x7c1d1eaa4628;  1 drivers
v0x5b10b3cf3f20_0 .net *"_ivl_1436", 0 0, L_0x5b10b3ea8400;  1 drivers
v0x5b10b3cd1790_0 .net *"_ivl_1439", 0 0, L_0x5b10b3ea8540;  1 drivers
v0x5b10b3cd1850_0 .net *"_ivl_144", 0 0, L_0x5b10b3e7cf00;  1 drivers
v0x5b10b3cdf060_0 .net/2u *"_ivl_1440", 31 0, L_0x7c1d1eaa4670;  1 drivers
v0x5b10b3cdf120_0 .net *"_ivl_1442", 31 0, L_0x5b10b3ea8650;  1 drivers
L_0x7c1d1eaa46b8 .functor BUFT 1, C4<00000010000000000011000000110011>, C4<0>, C4<0>, C4<0>;
v0x5b10b3cde8a0_0 .net/2u *"_ivl_1444", 31 0, L_0x7c1d1eaa46b8;  1 drivers
v0x5b10b3cde980_0 .net *"_ivl_1446", 0 0, L_0x5b10b3ea8710;  1 drivers
v0x5b10b3cdaaf0_0 .net *"_ivl_1449", 0 0, L_0x5b10b3ea7cf0;  1 drivers
v0x5b10b3cdabb0_0 .net/2u *"_ivl_1452", 31 0, L_0x7c1d1eaa4700;  1 drivers
v0x5b10b3cd8a00_0 .net *"_ivl_1454", 31 0, L_0x5b10b3ea7ec0;  1 drivers
L_0x7c1d1eaa4748 .functor BUFT 1, C4<00000010000000000100000000110011>, C4<0>, C4<0>, C4<0>;
v0x5b10b3cd8ae0_0 .net/2u *"_ivl_1456", 31 0, L_0x7c1d1eaa4748;  1 drivers
v0x5b10b3cd82f0_0 .net *"_ivl_1458", 0 0, L_0x5b10b3ea7f80;  1 drivers
v0x5b10b3cd83b0_0 .net/2u *"_ivl_1460", 31 0, L_0x7c1d1eaa4790;  1 drivers
v0x5b10b3cd73e0_0 .net *"_ivl_1462", 31 0, L_0x5b10b3ea80c0;  1 drivers
L_0x7c1d1eaa47d8 .functor BUFT 1, C4<00000010000000000101000000110011>, C4<0>, C4<0>, C4<0>;
v0x5b10b3cd74c0_0 .net/2u *"_ivl_1464", 31 0, L_0x7c1d1eaa47d8;  1 drivers
v0x5b10b3cd5df0_0 .net *"_ivl_1466", 0 0, L_0x5b10b3ea8d30;  1 drivers
v0x5b10b3cd5eb0_0 .net *"_ivl_1469", 0 0, L_0x5b10b3ea9310;  1 drivers
v0x5b10b3cd4810_0 .net *"_ivl_147", 0 0, L_0x5b10b3e7d040;  1 drivers
v0x5b10b3cd48b0_0 .net/2u *"_ivl_1470", 31 0, L_0x7c1d1eaa4820;  1 drivers
v0x5b10b3cd4300_0 .net *"_ivl_1472", 31 0, L_0x5b10b3ea88a0;  1 drivers
L_0x7c1d1eaa4868 .functor BUFT 1, C4<00000010000000000110000000110011>, C4<0>, C4<0>, C4<0>;
v0x5b10b3cd43c0_0 .net/2u *"_ivl_1474", 31 0, L_0x7c1d1eaa4868;  1 drivers
v0x5b10b3cd3df0_0 .net *"_ivl_1476", 0 0, L_0x5b10b3ea8960;  1 drivers
v0x5b10b3cd3eb0_0 .net *"_ivl_1479", 0 0, L_0x5b10b3ea8aa0;  1 drivers
v0x5b10b3cd38e0_0 .net/2u *"_ivl_148", 31 0, L_0x7c1d1ea9fe70;  1 drivers
v0x5b10b3cd39a0_0 .net/2u *"_ivl_1480", 31 0, L_0x7c1d1eaa48b0;  1 drivers
v0x5b10b3cd33d0_0 .net *"_ivl_1482", 31 0, L_0x5b10b3ea8bb0;  1 drivers
L_0x7c1d1eaa48f8 .functor BUFT 1, C4<00000010000000000111000000110011>, C4<0>, C4<0>, C4<0>;
v0x5b10b3cd34b0_0 .net/2u *"_ivl_1484", 31 0, L_0x7c1d1eaa48f8;  1 drivers
v0x5b10b3ce1af0_0 .net *"_ivl_1486", 0 0, L_0x5b10b3ea9d60;  1 drivers
v0x5b10b3ce1b90_0 .net *"_ivl_1489", 0 0, L_0x5b10b3ea8e70;  1 drivers
v0x5b10b3cdfd40_0 .net/2u *"_ivl_1492", 31 0, L_0x7c1d1eaa4940;  1 drivers
v0x5b10b3cdfe20_0 .net *"_ivl_1494", 31 0, L_0x5b10b3ea9040;  1 drivers
L_0x7c1d1eaa4988 .functor BUFT 1, C4<00000000000000000000000001110011>, C4<0>, C4<0>, C4<0>;
v0x5b10b3cb87f0_0 .net/2u *"_ivl_1496", 31 0, L_0x7c1d1eaa4988;  1 drivers
v0x5b10b3cb88b0_0 .net *"_ivl_1498", 0 0, L_0x5b10b3ea9100;  1 drivers
v0x5b10b3cb8030_0 .net *"_ivl_150", 31 0, L_0x5b10b3e7d150;  1 drivers
v0x5b10b3cb80f0_0 .net/2u *"_ivl_1500", 31 0, L_0x7c1d1eaa49d0;  1 drivers
v0x5b10b3cb4280_0 .net *"_ivl_1502", 31 0, L_0x5b10b3ea9240;  1 drivers
L_0x7c1d1eaa4a18 .functor BUFT 1, C4<00000000000100000000000001110011>, C4<0>, C4<0>, C4<0>;
v0x5b10b3cb4360_0 .net/2u *"_ivl_1504", 31 0, L_0x7c1d1eaa4a18;  1 drivers
v0x5b10b3cb2190_0 .net *"_ivl_1506", 0 0, L_0x5b10b3ea93d0;  1 drivers
v0x5b10b3cb2250_0 .net *"_ivl_1509", 0 0, L_0x5b10b3ea99d0;  1 drivers
v0x5b10b3cb1a80_0 .net/2u *"_ivl_1510", 31 0, L_0x7c1d1eaa4a60;  1 drivers
v0x5b10b3cb1b40_0 .net *"_ivl_1512", 31 0, L_0x5b10b3ea9ae0;  1 drivers
L_0x7c1d1eaa4aa8 .functor BUFT 1, C4<00000000001000000000000001110011>, C4<0>, C4<0>, C4<0>;
v0x5b10b3cb0b70_0 .net/2u *"_ivl_1514", 31 0, L_0x7c1d1eaa4aa8;  1 drivers
v0x5b10b3cb0c50_0 .net *"_ivl_1516", 0 0, L_0x5b10b3ea9ba0;  1 drivers
v0x5b10b3caf580_0 .net *"_ivl_1519", 0 0, L_0x5b10b3ea9ce0;  1 drivers
L_0x7c1d1ea9feb8 .functor BUFT 1, C4<00000000000000000100000000110011>, C4<0>, C4<0>, C4<0>;
v0x5b10b3caf640_0 .net/2u *"_ivl_152", 31 0, L_0x7c1d1ea9feb8;  1 drivers
v0x5b10b3cadfa0_0 .net/2u *"_ivl_1520", 31 0, L_0x7c1d1eaa4af0;  1 drivers
v0x5b10b3cae080_0 .net *"_ivl_1522", 31 0, L_0x5b10b3ea9ef0;  1 drivers
L_0x7c1d1eaa4b38 .functor BUFT 1, C4<00000000000000000001000001110011>, C4<0>, C4<0>, C4<0>;
v0x5b10b3cada90_0 .net/2u *"_ivl_1524", 31 0, L_0x7c1d1eaa4b38;  1 drivers
v0x5b10b3cadb70_0 .net *"_ivl_1526", 0 0, L_0x5b10b3ea9fb0;  1 drivers
v0x5b10b3cad580_0 .net *"_ivl_1529", 0 0, L_0x5b10b3eaa0f0;  1 drivers
v0x5b10b3cad640_0 .net/2u *"_ivl_1530", 31 0, L_0x7c1d1eaa4b80;  1 drivers
v0x5b10b3cad070_0 .net *"_ivl_1532", 31 0, L_0x5b10b3eaa200;  1 drivers
L_0x7c1d1eaa4bc8 .functor BUFT 1, C4<00000000000000000010000001110011>, C4<0>, C4<0>, C4<0>;
v0x5b10b3cad150_0 .net/2u *"_ivl_1534", 31 0, L_0x7c1d1eaa4bc8;  1 drivers
v0x5b10b3cacb60_0 .net *"_ivl_1536", 0 0, L_0x5b10b3eaa2c0;  1 drivers
v0x5b10b3cacc00_0 .net *"_ivl_1539", 0 0, L_0x5b10b3eaa400;  1 drivers
v0x5b10b3cbb280_0 .net *"_ivl_154", 0 0, L_0x5b10b3e7d310;  1 drivers
v0x5b10b3cbb340_0 .net/2u *"_ivl_1540", 31 0, L_0x7c1d1eaa4c10;  1 drivers
v0x5b10b3cb94d0_0 .net *"_ivl_1542", 31 0, L_0x5b10b3eaa510;  1 drivers
L_0x7c1d1eaa4c58 .functor BUFT 1, C4<00000000000000000011000001110011>, C4<0>, C4<0>, C4<0>;
v0x5b10b3cb95b0_0 .net/2u *"_ivl_1544", 31 0, L_0x7c1d1eaa4c58;  1 drivers
v0x5b10b3a29200_0 .net *"_ivl_1546", 0 0, L_0x5b10b3eaa5d0;  1 drivers
v0x5b10b3a292a0_0 .net *"_ivl_1549", 0 0, L_0x5b10b3ea9510;  1 drivers
v0x5b10b3be30b0_0 .net/2u *"_ivl_1550", 31 0, L_0x7c1d1eaa4ca0;  1 drivers
v0x5b10b3be3190_0 .net *"_ivl_1552", 31 0, L_0x5b10b3ea9620;  1 drivers
L_0x7c1d1eaa4ce8 .functor BUFT 1, C4<00000000000000000101000001110011>, C4<0>, C4<0>, C4<0>;
v0x5b10b3be1ae0_0 .net/2u *"_ivl_1554", 31 0, L_0x7c1d1eaa4ce8;  1 drivers
v0x5b10b3be1ba0_0 .net *"_ivl_1556", 0 0, L_0x5b10b3ea96e0;  1 drivers
v0x5b10b3bdfdc0_0 .net *"_ivl_1559", 0 0, L_0x5b10b3ea9820;  1 drivers
v0x5b10b3bdfe60_0 .net/2u *"_ivl_1560", 31 0, L_0x7c1d1eaa4d30;  1 drivers
v0x5b10b3bdf040_0 .net *"_ivl_1562", 31 0, L_0x5b10b3ea9930;  1 drivers
L_0x7c1d1eaa4d78 .functor BUFT 1, C4<00000000000000000110000001110011>, C4<0>, C4<0>, C4<0>;
v0x5b10b3bdf100_0 .net/2u *"_ivl_1564", 31 0, L_0x7c1d1eaa4d78;  1 drivers
v0x5b10b3a33c70_0 .net *"_ivl_1566", 0 0, L_0x5b10b3eaac40;  1 drivers
v0x5b10b3a33d30_0 .net *"_ivl_1569", 0 0, L_0x5b10b3eaad80;  1 drivers
v0x5b10b3a32650_0 .net *"_ivl_157", 0 0, L_0x5b10b3e7d4e0;  1 drivers
v0x5b10b3a326f0_0 .net/2u *"_ivl_1570", 31 0, L_0x7c1d1eaa4dc0;  1 drivers
v0x5b10b3a2ff40_0 .net *"_ivl_1572", 31 0, L_0x5b10b3eaae90;  1 drivers
L_0x7c1d1eaa4e08 .functor BUFT 1, C4<00000000000000000111000001110011>, C4<0>, C4<0>, C4<0>;
v0x5b10b3a30000_0 .net/2u *"_ivl_1574", 31 0, L_0x7c1d1eaa4e08;  1 drivers
v0x5b10b3a2e220_0 .net *"_ivl_1576", 0 0, L_0x5b10b3eaaf50;  1 drivers
v0x5b10b3a2e2e0_0 .net *"_ivl_1579", 0 0, L_0x5b10b3eab090;  1 drivers
v0x5b10b3d68980_0 .net/2u *"_ivl_158", 31 0, L_0x7c1d1ea9ff00;  1 drivers
v0x5b10b3d68a40_0 .net/2u *"_ivl_1580", 31 0, L_0x7c1d1eaa4e50;  1 drivers
v0x5b10b3d52ac0_0 .net *"_ivl_1582", 31 0, L_0x5b10b3eab1a0;  1 drivers
L_0x7c1d1eaa4e98 .functor BUFT 1, C4<00010000010100000000000001110011>, C4<0>, C4<0>, C4<0>;
v0x5b10b3d52ba0_0 .net/2u *"_ivl_1584", 31 0, L_0x7c1d1eaa4e98;  1 drivers
v0x5b10b3d527d0_0 .net *"_ivl_1586", 0 0, L_0x5b10b3eab260;  1 drivers
v0x5b10b3d52890_0 .net *"_ivl_1589", 0 0, L_0x5b10b3eaa710;  1 drivers
v0x5b10b3d524e0_0 .net/2u *"_ivl_1590", 31 0, L_0x7c1d1eaa4ee0;  1 drivers
v0x5b10b3d525a0_0 .net *"_ivl_1592", 31 0, L_0x5b10b3eaa820;  1 drivers
L_0x7c1d1eaa4f28 .functor BUFT 1, C4<00000000000000000000000000001111>, C4<0>, C4<0>, C4<0>;
v0x5b10b3d521f0_0 .net/2u *"_ivl_1594", 31 0, L_0x7c1d1eaa4f28;  1 drivers
v0x5b10b3d522d0_0 .net *"_ivl_1596", 0 0, L_0x5b10b3eaa8e0;  1 drivers
v0x5b10b3c99d70_0 .net *"_ivl_1599", 0 0, L_0x5b10b3eaaa20;  1 drivers
v0x5b10b3c99e30_0 .net *"_ivl_160", 31 0, L_0x5b10b3e7d5f0;  1 drivers
v0x5b10b3c77b60_0 .net/2u *"_ivl_1600", 31 0, L_0x7c1d1eaa4f70;  1 drivers
v0x5b10b3c77c40_0 .net *"_ivl_1602", 31 0, L_0x5b10b3eaab30;  1 drivers
L_0x7c1d1eaa4fb8 .functor BUFT 1, C4<00000000000000000001000000001111>, C4<0>, C4<0>, C4<0>;
v0x5b10b3c75f60_0 .net/2u *"_ivl_1604", 31 0, L_0x7c1d1eaa4fb8;  1 drivers
v0x5b10b3c76040_0 .net *"_ivl_1606", 0 0, L_0x5b10b3eab8a0;  1 drivers
v0x5b10b3c744c0_0 .net *"_ivl_1609", 0 0, L_0x5b10b3eabef0;  1 drivers
v0x5b10b3c74580_0 .net/2u *"_ivl_1610", 31 0, L_0x7c1d1eaa5000;  1 drivers
v0x5b10b3c72d80_0 .net *"_ivl_1612", 31 0, L_0x5b10b3eab3a0;  1 drivers
L_0x7c1d1eaa5048 .functor BUFT 1, C4<00010010000000000000000001110011>, C4<0>, C4<0>, C4<0>;
v0x5b10b3c72e60_0 .net/2u *"_ivl_1614", 31 0, L_0x7c1d1eaa5048;  1 drivers
v0x5b10b3c72a90_0 .net *"_ivl_1616", 0 0, L_0x5b10b3eab460;  1 drivers
v0x5b10b3c72b30_0 .net *"_ivl_1619", 0 0, L_0x5b10b3eab5a0;  1 drivers
L_0x7c1d1ea9ff48 .functor BUFT 1, C4<00000000000000000110000000110011>, C4<0>, C4<0>, C4<0>;
v0x5b10b3c51310_0 .net/2u *"_ivl_162", 31 0, L_0x7c1d1ea9ff48;  1 drivers
v0x5b10b3c513f0_0 .net *"_ivl_1621", 0 0, L_0x5b10b3eab6b0;  1 drivers
v0x5b10b3c83d30_0 .net *"_ivl_164", 0 0, L_0x5b10b3e7d7c0;  1 drivers
v0x5b10b3c83df0_0 .net *"_ivl_167", 0 0, L_0x5b10b3e7d900;  1 drivers
v0x5b10b3bfb780_0 .net/2u *"_ivl_168", 31 0, L_0x7c1d1ea9ff90;  1 drivers
v0x5b10b3bfb860_0 .net *"_ivl_17", 0 0, L_0x5b10b3e79e30;  1 drivers
v0x5b10b3c29a80_0 .net *"_ivl_170", 31 0, L_0x5b10b3e7da10;  1 drivers
L_0x7c1d1ea9ffd8 .functor BUFT 1, C4<00000000000000000111000000110011>, C4<0>, C4<0>, C4<0>;
v0x5b10b3c29b60_0 .net/2u *"_ivl_172", 31 0, L_0x7c1d1ea9ffd8;  1 drivers
v0x5b10b3c27540_0 .net *"_ivl_174", 0 0, L_0x5b10b3e7dbf0;  1 drivers
v0x5b10b3c27600_0 .net *"_ivl_177", 0 0, L_0x5b10b3e7ddd0;  1 drivers
v0x5b10b3c1fb80_0 .net/2u *"_ivl_178", 31 0, L_0x7c1d1eaa0020;  1 drivers
v0x5b10b3c1fc60_0 .net/2u *"_ivl_18", 31 0, L_0x7c1d1ea9f720;  1 drivers
v0x5b10b3c19ff0_0 .net *"_ivl_180", 31 0, L_0x5b10b3e7dee0;  1 drivers
L_0x7c1d1eaa0068 .functor BUFT 1, C4<00000000000000000001000000110011>, C4<0>, C4<0>, C4<0>;
v0x5b10b3c1a0d0_0 .net/2u *"_ivl_182", 31 0, L_0x7c1d1eaa0068;  1 drivers
v0x5b10b3c17fa0_0 .net *"_ivl_184", 0 0, L_0x5b10b3e7e0d0;  1 drivers
v0x5b10b3c18040_0 .net *"_ivl_187", 0 0, L_0x5b10b3e7e210;  1 drivers
v0x5b10b3c15f50_0 .net/2u *"_ivl_188", 31 0, L_0x7c1d1eaa00b0;  1 drivers
v0x5b10b3c16030_0 .net *"_ivl_190", 31 0, L_0x5b10b3e7e320;  1 drivers
L_0x7c1d1eaa00f8 .functor BUFT 1, C4<00000000000000000101000000110011>, C4<0>, C4<0>, C4<0>;
v0x5b10b3c13f00_0 .net/2u *"_ivl_192", 31 0, L_0x7c1d1eaa00f8;  1 drivers
v0x5b10b3c13fe0_0 .net *"_ivl_194", 0 0, L_0x5b10b3e7e520;  1 drivers
v0x5b10b3c105a0_0 .net *"_ivl_197", 0 0, L_0x5b10b3e7e710;  1 drivers
v0x5b10b3c10660_0 .net/2u *"_ivl_198", 31 0, L_0x7c1d1eaa0140;  1 drivers
v0x5b10b3bf41e0_0 .net *"_ivl_2", 31 0, L_0x5b10b3e79a60;  1 drivers
v0x5b10b3bf42c0_0 .net *"_ivl_20", 31 0, L_0x5b10b3e79f40;  1 drivers
v0x5b10b3c099a0_0 .net *"_ivl_200", 31 0, L_0x5b10b3e7e820;  1 drivers
L_0x7c1d1eaa0188 .functor BUFT 1, C4<01000000000000000101000000110011>, C4<0>, C4<0>, C4<0>;
v0x5b10b3c09a80_0 .net/2u *"_ivl_202", 31 0, L_0x7c1d1eaa0188;  1 drivers
v0x5b10b3c07480_0 .net *"_ivl_204", 0 0, L_0x5b10b3e7dd30;  1 drivers
v0x5b10b3c07540_0 .net *"_ivl_207", 0 0, L_0x5b10b3e7ead0;  1 drivers
v0x5b10b3c04f60_0 .net/2u *"_ivl_208", 31 0, L_0x7c1d1eaa01d0;  1 drivers
v0x5b10b3c05040_0 .net *"_ivl_210", 31 0, L_0x5b10b3e7ebe0;  1 drivers
L_0x7c1d1eaa0218 .functor BUFT 1, C4<00000000000000000000000001101111>, C4<0>, C4<0>, C4<0>;
v0x5b10b3c02a40_0 .net/2u *"_ivl_212", 31 0, L_0x7c1d1eaa0218;  1 drivers
v0x5b10b3c02b20_0 .net *"_ivl_214", 0 0, L_0x5b10b3e7ee00;  1 drivers
v0x5b10b3bf2dc0_0 .net *"_ivl_217", 0 0, L_0x5b10b3e7f000;  1 drivers
v0x5b10b3bf2e80_0 .net/2u *"_ivl_218", 31 0, L_0x7c1d1eaa0260;  1 drivers
L_0x7c1d1ea9f768 .functor BUFT 1, C4<00000000000000000010000000010011>, C4<0>, C4<0>, C4<0>;
v0x5b10b3bff0e0_0 .net/2u *"_ivl_22", 31 0, L_0x7c1d1ea9f768;  1 drivers
v0x5b10b3bff1c0_0 .net *"_ivl_220", 31 0, L_0x5b10b3e7f110;  1 drivers
L_0x7c1d1eaa02a8 .functor BUFT 1, C4<00000000000000000000000001100111>, C4<0>, C4<0>, C4<0>;
v0x5b10b3d01360_0 .net/2u *"_ivl_222", 31 0, L_0x7c1d1eaa02a8;  1 drivers
v0x5b10b3d01440_0 .net *"_ivl_224", 0 0, L_0x5b10b3e7f340;  1 drivers
v0x5b10b3cdd4a0_0 .net *"_ivl_227", 0 0, L_0x5b10b3e7f480;  1 drivers
v0x5b10b3cdd560_0 .net/2u *"_ivl_228", 31 0, L_0x7c1d1eaa02f0;  1 drivers
v0x5b10b3cd28e0_0 .net *"_ivl_230", 31 0, L_0x5b10b3e7f590;  1 drivers
L_0x7c1d1eaa0338 .functor BUFT 1, C4<00000000000000000000000001100011>, C4<0>, C4<0>, C4<0>;
v0x5b10b3cd29c0_0 .net/2u *"_ivl_232", 31 0, L_0x7c1d1eaa0338;  1 drivers
v0x5b10b3cb6c30_0 .net *"_ivl_234", 0 0, L_0x5b10b3e7f7d0;  1 drivers
v0x5b10b3cb6cd0_0 .net *"_ivl_237", 0 0, L_0x5b10b3e7f9e0;  1 drivers
v0x5b10b3cac070_0 .net/2u *"_ivl_238", 31 0, L_0x7c1d1eaa0380;  1 drivers
v0x5b10b3cac150_0 .net *"_ivl_24", 0 0, L_0x5b10b3e7a000;  1 drivers
v0x5b10b3bde5b0_0 .net *"_ivl_240", 31 0, L_0x5b10b3e7faf0;  1 drivers
L_0x7c1d1eaa03c8 .functor BUFT 1, C4<00000000000000000001000001100011>, C4<0>, C4<0>, C4<0>;
v0x5b10b3bde690_0 .net/2u *"_ivl_242", 31 0, L_0x7c1d1eaa03c8;  1 drivers
v0x5b10b3be1060_0 .net *"_ivl_244", 0 0, L_0x5b10b3e7fd40;  1 drivers
v0x5b10b3be1120_0 .net *"_ivl_247", 0 0, L_0x5b10b3e7fe80;  1 drivers
v0x5b10b3a2c540_0 .net/2u *"_ivl_248", 31 0, L_0x7c1d1eaa0410;  1 drivers
v0x5b10b3a2c620_0 .net *"_ivl_250", 31 0, L_0x5b10b3e7ff90;  1 drivers
L_0x7c1d1eaa0458 .functor BUFT 1, C4<00000000000000000100000001100011>, C4<0>, C4<0>, C4<0>;
v0x5b10b3b58810_0 .net/2u *"_ivl_252", 31 0, L_0x7c1d1eaa0458;  1 drivers
v0x5b10b3b588f0_0 .net *"_ivl_254", 0 0, L_0x5b10b3e805b0;  1 drivers
v0x5b10b3bd9460_0 .net *"_ivl_257", 0 0, L_0x5b10b3e80780;  1 drivers
v0x5b10b3bd9520_0 .net/2u *"_ivl_258", 31 0, L_0x7c1d1eaa04a0;  1 drivers
v0x5b10b3bc37d0_0 .net *"_ivl_260", 31 0, L_0x5b10b3e80890;  1 drivers
L_0x7c1d1eaa04e8 .functor BUFT 1, C4<00000000000000000101000001100011>, C4<0>, C4<0>, C4<0>;
v0x5b10b3bc38b0_0 .net/2u *"_ivl_262", 31 0, L_0x7c1d1eaa04e8;  1 drivers
v0x5b10b3bbe680_0 .net *"_ivl_264", 0 0, L_0x5b10b3e80b00;  1 drivers
v0x5b10b3bbe740_0 .net *"_ivl_267", 0 0, L_0x5b10b3e80c40;  1 drivers
v0x5b10b3bb47e0_0 .net/2u *"_ivl_268", 31 0, L_0x7c1d1eaa0530;  1 drivers
v0x5b10b3bb48c0_0 .net *"_ivl_27", 0 0, L_0x5b10b3e7a140;  1 drivers
v0x5b10b3ba9500_0 .net *"_ivl_270", 31 0, L_0x5b10b3e80d50;  1 drivers
L_0x7c1d1eaa0578 .functor BUFT 1, C4<00000000000000000110000001100011>, C4<0>, C4<0>, C4<0>;
v0x5b10b3ba95e0_0 .net/2u *"_ivl_272", 31 0, L_0x7c1d1eaa0578;  1 drivers
v0x5b10b3b8ef20_0 .net *"_ivl_274", 0 0, L_0x5b10b3e80fd0;  1 drivers
v0x5b10b3b8efe0_0 .net *"_ivl_277", 0 0, L_0x5b10b3e81200;  1 drivers
v0x5b10b3a8abc0_0 .net/2u *"_ivl_278", 31 0, L_0x7c1d1eaa05c0;  1 drivers
v0x5b10b3a8aca0_0 .net/2u *"_ivl_28", 31 0, L_0x7c1d1ea9f7b0;  1 drivers
v0x5b10b3b0b810_0 .net *"_ivl_280", 31 0, L_0x5b10b3e81310;  1 drivers
L_0x7c1d1eaa0608 .functor BUFT 1, C4<00000000000000000111000001100011>, C4<0>, C4<0>, C4<0>;
v0x5b10b3b0b8f0_0 .net/2u *"_ivl_282", 31 0, L_0x7c1d1eaa0608;  1 drivers
v0x5b10b3afacd0_0 .net *"_ivl_284", 0 0, L_0x5b10b3e815a0;  1 drivers
v0x5b10b3afad90_0 .net *"_ivl_287", 0 0, L_0x5b10b3e816e0;  1 drivers
v0x5b10b3af5b80_0 .net/2u *"_ivl_288", 31 0, L_0x7c1d1eaa0650;  1 drivers
v0x5b10b3af5c60_0 .net *"_ivl_290", 31 0, L_0x5b10b3e817f0;  1 drivers
L_0x7c1d1eaa0698 .functor BUFT 1, C4<00000000000000000000000000000011>, C4<0>, C4<0>, C4<0>;
v0x5b10b3af0a30_0 .net/2u *"_ivl_292", 31 0, L_0x7c1d1eaa0698;  1 drivers
v0x5b10b3af0b10_0 .net *"_ivl_294", 0 0, L_0x5b10b3e81a90;  1 drivers
v0x5b10b3ae6b90_0 .net *"_ivl_297", 0 0, L_0x5b10b3e81cd0;  1 drivers
v0x5b10b3ae6c50_0 .net/2u *"_ivl_298", 31 0, L_0x7c1d1eaa06e0;  1 drivers
v0x5b10b3adb8b0_0 .net *"_ivl_30", 31 0, L_0x5b10b3e7a250;  1 drivers
v0x5b10b3adb990_0 .net *"_ivl_300", 31 0, L_0x5b10b3e81de0;  1 drivers
L_0x7c1d1eaa0728 .functor BUFT 1, C4<00000000000000000001000000000011>, C4<0>, C4<0>, C4<0>;
v0x5b10b3ac12d0_0 .net/2u *"_ivl_302", 31 0, L_0x7c1d1eaa0728;  1 drivers
v0x5b10b3ac13b0_0 .net *"_ivl_304", 0 0, L_0x5b10b3e82090;  1 drivers
v0x5b10b3c96a10_0 .net *"_ivl_307", 0 0, L_0x5b10b3e821d0;  1 drivers
v0x5b10b3c96ad0_0 .net/2u *"_ivl_308", 31 0, L_0x7c1d1eaa0770;  1 drivers
v0x5b10b3c944f0_0 .net *"_ivl_310", 31 0, L_0x5b10b3e822e0;  1 drivers
L_0x7c1d1eaa07b8 .functor BUFT 1, C4<00000000000000000010000000000011>, C4<0>, C4<0>, C4<0>;
v0x5b10b3c945d0_0 .net/2u *"_ivl_312", 31 0, L_0x7c1d1eaa07b8;  1 drivers
v0x5b10b3c98f30_0 .net *"_ivl_314", 0 0, L_0x5b10b3e825a0;  1 drivers
v0x5b10b3c98fd0_0 .net *"_ivl_317", 0 0, L_0x5b10b3e827f0;  1 drivers
v0x5b10b3c47880_0 .net/2u *"_ivl_318", 31 0, L_0x7c1d1eaa0800;  1 drivers
L_0x7c1d1ea9f7f8 .functor BUFT 1, C4<00000000000000000011000000010011>, C4<0>, C4<0>, C4<0>;
v0x5b10b3c47960_0 .net/2u *"_ivl_32", 31 0, L_0x7c1d1ea9f7f8;  1 drivers
v0x5b10b3c463f0_0 .net *"_ivl_320", 31 0, L_0x5b10b3e82900;  1 drivers
L_0x7c1d1eaa0848 .functor BUFT 1, C4<00000000000000000100000000000011>, C4<0>, C4<0>, C4<0>;
v0x5b10b3c464d0_0 .net/2u *"_ivl_322", 31 0, L_0x7c1d1eaa0848;  1 drivers
v0x5b10b3c44f60_0 .net *"_ivl_324", 0 0, L_0x5b10b3e82bd0;  1 drivers
v0x5b10b3c45020_0 .net *"_ivl_327", 0 0, L_0x5b10b3e82d10;  1 drivers
v0x5b10b3c43ad0_0 .net/2u *"_ivl_328", 31 0, L_0x7c1d1eaa0890;  1 drivers
v0x5b10b3c43bb0_0 .net *"_ivl_330", 31 0, L_0x5b10b3e82e20;  1 drivers
L_0x7c1d1eaa08d8 .functor BUFT 1, C4<00000000000000000101000000000011>, C4<0>, C4<0>, C4<0>;
v0x5b10b3c42640_0 .net/2u *"_ivl_332", 31 0, L_0x7c1d1eaa08d8;  1 drivers
v0x5b10b3c42720_0 .net *"_ivl_334", 0 0, L_0x5b10b3e83100;  1 drivers
v0x5b10b3c411b0_0 .net *"_ivl_337", 0 0, L_0x5b10b3e83360;  1 drivers
v0x5b10b3c41270_0 .net/2u *"_ivl_338", 31 0, L_0x7c1d1eaa0920;  1 drivers
v0x5b10b3c3f8e0_0 .net *"_ivl_34", 0 0, L_0x5b10b3e7a350;  1 drivers
v0x5b10b3c3f9a0_0 .net *"_ivl_340", 31 0, L_0x5b10b3e83470;  1 drivers
L_0x7c1d1eaa0968 .functor BUFT 1, C4<00000000000000000110000000000011>, C4<0>, C4<0>, C4<0>;
v0x5b10b3c4e7d0_0 .net/2u *"_ivl_342", 31 0, L_0x7c1d1eaa0968;  1 drivers
v0x5b10b3c4e8b0_0 .net *"_ivl_344", 0 0, L_0x5b10b3e83760;  1 drivers
v0x5b10b3c4cac0_0 .net *"_ivl_347", 0 0, L_0x5b10b3e838a0;  1 drivers
v0x5b10b3c4cb80_0 .net/2u *"_ivl_348", 31 0, L_0x7c1d1eaa09b0;  1 drivers
v0x5b10b3c4b630_0 .net *"_ivl_350", 31 0, L_0x5b10b3e839b0;  1 drivers
L_0x7c1d1eaa09f8 .functor BUFT 1, C4<00000000000000000000000000100011>, C4<0>, C4<0>, C4<0>;
v0x5b10b3c4b710_0 .net/2u *"_ivl_352", 31 0, L_0x7c1d1eaa09f8;  1 drivers
v0x5b10b3c4a1a0_0 .net *"_ivl_354", 0 0, L_0x5b10b3e83cb0;  1 drivers
v0x5b10b3c4a260_0 .net *"_ivl_357", 0 0, L_0x5b10b3e83240;  1 drivers
v0x5b10b3c48d10_0 .net/2u *"_ivl_358", 31 0, L_0x7c1d1eaa0a40;  1 drivers
v0x5b10b3c48df0_0 .net *"_ivl_360", 31 0, L_0x5b10b3e83f20;  1 drivers
L_0x7c1d1eaa0a88 .functor BUFT 1, C4<00000000000000000001000000100011>, C4<0>, C4<0>, C4<0>;
v0x5b10b3c86470_0 .net/2u *"_ivl_362", 31 0, L_0x7c1d1eaa0a88;  1 drivers
v0x5b10b3c86550_0 .net *"_ivl_364", 0 0, L_0x5b10b3e84230;  1 drivers
v0x5b10b3bec040_0 .net *"_ivl_367", 0 0, L_0x5b10b3e84370;  1 drivers
v0x5b10b3bec100_0 .net/2u *"_ivl_368", 31 0, L_0x7c1d1eaa0ad0;  1 drivers
v0x5b10b3d2bd50_0 .net *"_ivl_37", 0 0, L_0x5b10b3e7a490;  1 drivers
v0x5b10b3d2be10_0 .net *"_ivl_370", 31 0, L_0x5b10b3e84480;  1 drivers
L_0x7c1d1eaa0b18 .functor BUFT 1, C4<00000000000000000010000000100011>, C4<0>, C4<0>, C4<0>;
v0x5b10b3ccef50_0 .net/2u *"_ivl_372", 31 0, L_0x7c1d1eaa0b18;  1 drivers
v0x5b10b3ccf030_0 .net *"_ivl_374", 0 0, L_0x5b10b3e847a0;  1 drivers
v0x5b10b3ca7840_0 .net *"_ivl_377", 0 0, L_0x5b10b3e84a20;  1 drivers
v0x5b10b3ca7900_0 .net/2u *"_ivl_378", 31 0, L_0x7c1d1eaa0b60;  1 drivers
v0x5b10b3ca41c0_0 .net/2u *"_ivl_38", 31 0, L_0x7c1d1ea9f840;  1 drivers
v0x5b10b3ca42a0_0 .net *"_ivl_380", 31 0, L_0x5b10b3e84b30;  1 drivers
L_0x7c1d1eaa0ba8 .functor BUFT 1, C4<00000000000000000000000001110011>, C4<0>, C4<0>, C4<0>;
v0x5b10b3bc8920_0 .net/2u *"_ivl_382", 31 0, L_0x7c1d1eaa0ba8;  1 drivers
v0x5b10b3bc8a00_0 .net *"_ivl_384", 0 0, L_0x5b10b3e84e60;  1 drivers
v0x5b10b3bee130_0 .net *"_ivl_387", 0 0, L_0x5b10b3e84fa0;  1 drivers
v0x5b10b3bee1f0_0 .net/2u *"_ivl_388", 31 0, L_0x7c1d1eaa0bf0;  1 drivers
v0x5b10b37d55a0_0 .net *"_ivl_390", 31 0, L_0x5b10b3e850b0;  1 drivers
L_0x7c1d1eaa0c38 .functor BUFT 1, C4<00000000000100000000000001110011>, C4<0>, C4<0>, C4<0>;
v0x5b10b37d5680_0 .net/2u *"_ivl_392", 31 0, L_0x7c1d1eaa0c38;  1 drivers
v0x5b10b37d5760_0 .net *"_ivl_394", 0 0, L_0x5b10b3e853f0;  1 drivers
v0x5b10b37d5820_0 .net *"_ivl_397", 0 0, L_0x5b10b3e85680;  1 drivers
v0x5b10b37d58e0_0 .net/2u *"_ivl_398", 31 0, L_0x7c1d1eaa0c80;  1 drivers
L_0x7c1d1ea9f648 .functor BUFT 1, C4<00000000000000000111000000010011>, C4<0>, C4<0>, C4<0>;
v0x5b10b37d59c0_0 .net/2u *"_ivl_4", 31 0, L_0x7c1d1ea9f648;  1 drivers
v0x5b10b37dd6b0_0 .net *"_ivl_40", 31 0, L_0x5b10b3e7a5a0;  1 drivers
v0x5b10b37dd790_0 .net *"_ivl_400", 31 0, L_0x5b10b3e85790;  1 drivers
L_0x7c1d1eaa0cc8 .functor BUFT 1, C4<00000000001000000000000001110011>, C4<0>, C4<0>, C4<0>;
v0x5b10b37dd870_0 .net/2u *"_ivl_402", 31 0, L_0x7c1d1eaa0cc8;  1 drivers
v0x5b10b37dd950_0 .net *"_ivl_404", 0 0, L_0x5b10b3e85ae0;  1 drivers
v0x5b10b37dda10_0 .net *"_ivl_407", 0 0, L_0x5b10b3e85c20;  1 drivers
v0x5b10b37ddad0_0 .net/2u *"_ivl_408", 31 0, L_0x7c1d1eaa0d10;  1 drivers
v0x5b10b381c570_0 .net *"_ivl_410", 31 0, L_0x5b10b3e85d30;  1 drivers
L_0x7c1d1eaa0d58 .functor BUFT 1, C4<00000000000000000001000001110011>, C4<0>, C4<0>, C4<0>;
v0x5b10b381c650_0 .net/2u *"_ivl_412", 31 0, L_0x7c1d1eaa0d58;  1 drivers
v0x5b10b381c730_0 .net *"_ivl_414", 0 0, L_0x5b10b3e86090;  1 drivers
v0x5b10b381c7f0_0 .net *"_ivl_417", 0 0, L_0x5b10b3e86330;  1 drivers
v0x5b10b381c8b0_0 .net/2u *"_ivl_418", 31 0, L_0x7c1d1eaa0da0;  1 drivers
L_0x7c1d1ea9f888 .functor BUFT 1, C4<00000000000000000110000000010011>, C4<0>, C4<0>, C4<0>;
v0x5b10b381c990_0 .net/2u *"_ivl_42", 31 0, L_0x7c1d1ea9f888;  1 drivers
v0x5b10b382a880_0 .net *"_ivl_420", 31 0, L_0x5b10b3e86440;  1 drivers
L_0x7c1d1eaa0de8 .functor BUFT 1, C4<00000000000000000010000001110011>, C4<0>, C4<0>, C4<0>;
v0x5b10b382a960_0 .net/2u *"_ivl_422", 31 0, L_0x7c1d1eaa0de8;  1 drivers
v0x5b10b382aa40_0 .net *"_ivl_424", 0 0, L_0x5b10b3e867b0;  1 drivers
v0x5b10b382ab00_0 .net *"_ivl_427", 0 0, L_0x5b10b3e868f0;  1 drivers
v0x5b10b382abc0_0 .net/2u *"_ivl_428", 31 0, L_0x7c1d1eaa0e30;  1 drivers
v0x5b10b382aca0_0 .net *"_ivl_430", 31 0, L_0x5b10b3e86a00;  1 drivers
L_0x7c1d1eaa0e78 .functor BUFT 1, C4<00000000000000000011000001110011>, C4<0>, C4<0>, C4<0>;
v0x5b10b3855ac0_0 .net/2u *"_ivl_432", 31 0, L_0x7c1d1eaa0e78;  1 drivers
v0x5b10b3855ba0_0 .net *"_ivl_434", 0 0, L_0x5b10b3e86d80;  1 drivers
v0x5b10b3855c60_0 .net *"_ivl_437", 0 0, L_0x5b10b3e87030;  1 drivers
v0x5b10b3855d20_0 .net/2u *"_ivl_438", 31 0, L_0x7c1d1eaa0ec0;  1 drivers
v0x5b10b3855e00_0 .net *"_ivl_44", 0 0, L_0x5b10b3e7a6b0;  1 drivers
v0x5b10b3855ec0_0 .net *"_ivl_440", 31 0, L_0x5b10b3e87140;  1 drivers
L_0x7c1d1eaa0f08 .functor BUFT 1, C4<00000000000000000101000001110011>, C4<0>, C4<0>, C4<0>;
v0x5b10b38596b0_0 .net/2u *"_ivl_442", 31 0, L_0x7c1d1eaa0f08;  1 drivers
v0x5b10b3859770_0 .net *"_ivl_444", 0 0, L_0x5b10b3e874d0;  1 drivers
v0x5b10b3859830_0 .net *"_ivl_447", 0 0, L_0x5b10b3e87610;  1 drivers
v0x5b10b38598f0_0 .net/2u *"_ivl_448", 31 0, L_0x7c1d1eaa0f50;  1 drivers
v0x5b10b38599d0_0 .net *"_ivl_450", 31 0, L_0x5b10b3e87720;  1 drivers
L_0x7c1d1eaa0f98 .functor BUFT 1, C4<00000000000000000110000001110011>, C4<0>, C4<0>, C4<0>;
v0x5b10b3859ab0_0 .net/2u *"_ivl_452", 31 0, L_0x7c1d1eaa0f98;  1 drivers
v0x5b10b388b3c0_0 .net *"_ivl_454", 0 0, L_0x5b10b3e87ac0;  1 drivers
v0x5b10b388b480_0 .net *"_ivl_457", 0 0, L_0x5b10b3e87d80;  1 drivers
v0x5b10b388b540_0 .net/2u *"_ivl_458", 31 0, L_0x7c1d1eaa0fe0;  1 drivers
v0x5b10b388b620_0 .net *"_ivl_460", 31 0, L_0x5b10b3e87e90;  1 drivers
L_0x7c1d1eaa1028 .functor BUFT 1, C4<00000000000000000111000001110011>, C4<0>, C4<0>, C4<0>;
v0x5b10b388b700_0 .net/2u *"_ivl_462", 31 0, L_0x7c1d1eaa1028;  1 drivers
v0x5b10b388b7e0_0 .net *"_ivl_464", 0 0, L_0x5b10b3e88240;  1 drivers
v0x5b10b38d4c90_0 .net *"_ivl_467", 0 0, L_0x5b10b3e88380;  1 drivers
v0x5b10b38d4d30_0 .net/2u *"_ivl_468", 31 0, L_0x7c1d1eaa1070;  1 drivers
v0x5b10b38d4e10_0 .net *"_ivl_47", 0 0, L_0x5b10b3e7a7f0;  1 drivers
v0x5b10b38d4ed0_0 .net *"_ivl_470", 31 0, L_0x5b10b3e88490;  1 drivers
L_0x7c1d1eaa10b8 .functor BUFT 1, C4<00010000010100000000000001110011>, C4<0>, C4<0>, C4<0>;
v0x5b10b38d4f70_0 .net/2u *"_ivl_472", 31 0, L_0x7c1d1eaa10b8;  1 drivers
v0x5b10b38d5030_0 .net *"_ivl_474", 0 0, L_0x5b10b3e88850;  1 drivers
v0x5b10b3941c20_0 .net *"_ivl_477", 0 0, L_0x5b10b3e88b20;  1 drivers
v0x5b10b3941ce0_0 .net/2u *"_ivl_478", 31 0, L_0x7c1d1eaa1100;  1 drivers
v0x5b10b3941dc0_0 .net/2u *"_ivl_48", 31 0, L_0x7c1d1ea9f8d0;  1 drivers
v0x5b10b3941ea0_0 .net *"_ivl_480", 31 0, L_0x5b10b3e88c30;  1 drivers
L_0x7c1d1eaa1148 .functor BUFT 1, C4<00000000000000000000000000001111>, C4<0>, C4<0>, C4<0>;
v0x5b10b3941f80_0 .net/2u *"_ivl_482", 31 0, L_0x7c1d1eaa1148;  1 drivers
v0x5b10b38d5a90_0 .net *"_ivl_484", 0 0, L_0x5b10b3e89000;  1 drivers
v0x5b10b38d5b50_0 .net *"_ivl_487", 0 0, L_0x5b10b3e89140;  1 drivers
v0x5b10b38d5c10_0 .net/2u *"_ivl_488", 31 0, L_0x7c1d1eaa1190;  1 drivers
v0x5b10b38d5cf0_0 .net *"_ivl_490", 31 0, L_0x5b10b3e89250;  1 drivers
L_0x7c1d1eaa11d8 .functor BUFT 1, C4<00000000000000000001000000001111>, C4<0>, C4<0>, C4<0>;
v0x5b10b38d5dd0_0 .net/2u *"_ivl_492", 31 0, L_0x7c1d1eaa11d8;  1 drivers
v0x5b10b38d5eb0_0 .net *"_ivl_494", 0 0, L_0x5b10b3e89630;  1 drivers
v0x5b10b367d330_0 .net *"_ivl_497", 0 0, L_0x5b10b3e89910;  1 drivers
v0x5b10b367d3f0_0 .net/2u *"_ivl_498", 31 0, L_0x7c1d1eaa1220;  1 drivers
v0x5b10b367d4d0_0 .net *"_ivl_50", 31 0, L_0x5b10b3e7a900;  1 drivers
v0x5b10b367d5b0_0 .net *"_ivl_500", 31 0, L_0x5b10b3e89a20;  1 drivers
L_0x7c1d1eaa1268 .functor BUFT 1, C4<00010010000000000000000001110011>, C4<0>, C4<0>, C4<0>;
v0x5b10b367d690_0 .net/2u *"_ivl_502", 31 0, L_0x7c1d1eaa1268;  1 drivers
v0x5b10b38e2490_0 .net *"_ivl_504", 0 0, L_0x5b10b3e89e10;  1 drivers
v0x5b10b38e2550_0 .net *"_ivl_507", 0 0, L_0x5b10b3e89f50;  1 drivers
v0x5b10b38e2610_0 .net/2u *"_ivl_508", 31 0, L_0x7c1d1eaa12b0;  1 drivers
v0x5b10b38e26f0_0 .net *"_ivl_510", 31 0, L_0x5b10b3e8a060;  1 drivers
L_0x7c1d1eaa12f8 .functor BUFT 1, C4<00000010000000000000000000110011>, C4<0>, C4<0>, C4<0>;
v0x5b10b38e27d0_0 .net/2u *"_ivl_512", 31 0, L_0x7c1d1eaa12f8;  1 drivers
v0x5b10b38e28b0_0 .net *"_ivl_514", 0 0, L_0x5b10b3e8a460;  1 drivers
v0x5b10b391b620_0 .net *"_ivl_517", 0 0, L_0x5b10b3e8a750;  1 drivers
v0x5b10b391b6c0_0 .net *"_ivl_519", 0 0, L_0x5b10b3e8a810;  1 drivers
L_0x7c1d1ea9f918 .functor BUFT 1, C4<00000000000000000100000000010011>, C4<0>, C4<0>, C4<0>;
v0x5b10b391b780_0 .net/2u *"_ivl_52", 31 0, L_0x7c1d1ea9f918;  1 drivers
v0x5b10b391b860_0 .net/2u *"_ivl_520", 31 0, L_0x7c1d1eaa1340;  1 drivers
v0x5b10b391b940_0 .net *"_ivl_522", 31 0, L_0x5b10b3e8ac70;  1 drivers
L_0x7c1d1eaa1388 .functor BUFT 1, C4<00000010000000000001000000110011>, C4<0>, C4<0>, C4<0>;
v0x5b10b391ba20_0 .net/2u *"_ivl_524", 31 0, L_0x7c1d1eaa1388;  1 drivers
v0x5b10b3927010_0 .net *"_ivl_526", 0 0, L_0x5b10b3e8ad30;  1 drivers
v0x5b10b39270d0_0 .net *"_ivl_529", 0 0, L_0x5b10b3e8ae70;  1 drivers
v0x5b10b3927190_0 .net *"_ivl_531", 0 0, L_0x5b10b3e8b240;  1 drivers
v0x5b10b3927250_0 .net/2u *"_ivl_532", 31 0, L_0x7c1d1eaa13d0;  1 drivers
v0x5b10b3927330_0 .net *"_ivl_534", 31 0, L_0x5b10b3e8b350;  1 drivers
L_0x7c1d1eaa1418 .functor BUFT 1, C4<00000010000000000010000000110011>, C4<0>, C4<0>, C4<0>;
v0x5b10b3927410_0 .net/2u *"_ivl_536", 31 0, L_0x7c1d1eaa1418;  1 drivers
v0x5b10b3935bf0_0 .net *"_ivl_538", 0 0, L_0x5b10b3e8bf90;  1 drivers
v0x5b10b3935cb0_0 .net *"_ivl_54", 0 0, L_0x5b10b3e7abd0;  1 drivers
v0x5b10b3935d70_0 .net *"_ivl_541", 0 0, L_0x5b10b3e8c1f0;  1 drivers
v0x5b10b3935e30_0 .net *"_ivl_543", 0 0, L_0x5b10b3e8c260;  1 drivers
v0x5b10b3935ef0_0 .net/2u *"_ivl_544", 31 0, L_0x7c1d1eaa1460;  1 drivers
v0x5b10b3935fd0_0 .net *"_ivl_546", 31 0, L_0x5b10b3e8c6f0;  1 drivers
L_0x7c1d1eaa14a8 .functor BUFT 1, C4<00000010000000000011000000110011>, C4<0>, C4<0>, C4<0>;
v0x5b10b3dd9b30_0 .net/2u *"_ivl_548", 31 0, L_0x7c1d1eaa14a8;  1 drivers
v0x5b10b3dd9c10_0 .net *"_ivl_550", 0 0, L_0x5b10b3e8c7b0;  1 drivers
v0x5b10b3dd9cd0_0 .net *"_ivl_553", 0 0, L_0x5b10b3e8c8f0;  1 drivers
v0x5b10b3dd9d90_0 .net *"_ivl_555", 0 0, L_0x5b10b3e8cd40;  1 drivers
v0x5b10b3dd9e50_0 .net/2u *"_ivl_556", 31 0, L_0x7c1d1eaa14f0;  1 drivers
v0x5b10b3dd9f30_0 .net *"_ivl_558", 31 0, L_0x5b10b3e8ce50;  1 drivers
L_0x7c1d1eaa1538 .functor BUFT 1, C4<00000010000000000100000000110011>, C4<0>, C4<0>, C4<0>;
v0x5b10b3dda010_0 .net/2u *"_ivl_560", 31 0, L_0x7c1d1eaa1538;  1 drivers
v0x5b10b3dda0f0_0 .net *"_ivl_562", 0 0, L_0x5b10b3e8d2b0;  1 drivers
v0x5b10b3dda1b0_0 .net *"_ivl_565", 0 0, L_0x5b10b3e8d5c0;  1 drivers
v0x5b10b3dda270_0 .net *"_ivl_567", 0 0, L_0x5b10b3e8d680;  1 drivers
v0x5b10b3dda330_0 .net/2u *"_ivl_568", 31 0, L_0x7c1d1eaa1580;  1 drivers
v0x5b10b3dda410_0 .net *"_ivl_57", 0 0, L_0x5b10b3e7ad00;  1 drivers
v0x5b10b3dda4d0_0 .net *"_ivl_570", 31 0, L_0x5b10b3e8db40;  1 drivers
L_0x7c1d1eaa15c8 .functor BUFT 1, C4<00000010000000000101000000110011>, C4<0>, C4<0>, C4<0>;
v0x5b10b3dda5b0_0 .net/2u *"_ivl_572", 31 0, L_0x7c1d1eaa15c8;  1 drivers
v0x5b10b3dda690_0 .net *"_ivl_574", 0 0, L_0x5b10b3e8dc00;  1 drivers
v0x5b10b3dda750_0 .net *"_ivl_577", 0 0, L_0x5b10b3e8dd40;  1 drivers
v0x5b10b3dda810_0 .net *"_ivl_579", 0 0, L_0x5b10b3e8e1c0;  1 drivers
v0x5b10b3dda8d0_0 .net/2u *"_ivl_58", 31 0, L_0x7c1d1ea9f960;  1 drivers
v0x5b10b3dda9b0_0 .net/2u *"_ivl_580", 31 0, L_0x7c1d1eaa1610;  1 drivers
v0x5b10b3ddaa90_0 .net *"_ivl_582", 31 0, L_0x5b10b3e8e2d0;  1 drivers
L_0x7c1d1eaa1658 .functor BUFT 1, C4<00000010000000000110000000110011>, C4<0>, C4<0>, C4<0>;
v0x5b10b3ddab70_0 .net/2u *"_ivl_584", 31 0, L_0x7c1d1eaa1658;  1 drivers
v0x5b10b3ddac50_0 .net *"_ivl_586", 0 0, L_0x5b10b3e8ef70;  1 drivers
v0x5b10b3ddad10_0 .net *"_ivl_589", 0 0, L_0x5b10b3e8f290;  1 drivers
v0x5b10b3ddadd0_0 .net *"_ivl_591", 0 0, L_0x5b10b3e8f350;  1 drivers
v0x5b10b3ddae90_0 .net/2u *"_ivl_592", 31 0, L_0x7c1d1eaa16a0;  1 drivers
v0x5b10b3ddaf70_0 .net *"_ivl_594", 31 0, L_0x5b10b3e8f840;  1 drivers
L_0x7c1d1eaa16e8 .functor BUFT 1, C4<00000010000000000111000000110011>, C4<0>, C4<0>, C4<0>;
v0x5b10b3ddb050_0 .net/2u *"_ivl_596", 31 0, L_0x7c1d1eaa16e8;  1 drivers
v0x5b10b3ddb130_0 .net *"_ivl_598", 0 0, L_0x5b10b3e8f900;  1 drivers
v0x5b10b3ddb1f0_0 .net *"_ivl_6", 0 0, L_0x5b10b3e79ad0;  1 drivers
v0x5b10b3ddb2b0_0 .net *"_ivl_60", 31 0, L_0x5b10b3e7ae10;  1 drivers
v0x5b10b3ddd360_0 .net *"_ivl_601", 0 0, L_0x5b10b3e8fa40;  1 drivers
v0x5b10b3ddd400_0 .net *"_ivl_603", 0 0, L_0x5b10b3e8fef0;  1 drivers
v0x5b10b3ddd4a0_0 .net *"_ivl_604", 0 0, L_0x5b10b3e90000;  1 drivers
v0x5b10b3ddd540_0 .net/2u *"_ivl_610", 31 0, L_0x7c1d1eaa1730;  1 drivers
v0x5b10b3ddd5e0_0 .net *"_ivl_612", 31 0, L_0x5b10b3e90a50;  1 drivers
L_0x7c1d1eaa1778 .functor BUFT 1, C4<00000000000000000000000001100111>, C4<0>, C4<0>, C4<0>;
v0x5b10b3ddd680_0 .net/2u *"_ivl_614", 31 0, L_0x7c1d1eaa1778;  1 drivers
v0x5b10b3ddd720_0 .net *"_ivl_616", 0 0, L_0x5b10b3e90b10;  1 drivers
v0x5b10b3ddd7c0_0 .net/2u *"_ivl_618", 31 0, L_0x7c1d1eaa17c0;  1 drivers
L_0x7c1d1ea9f9a8 .functor BUFT 1, C4<00000000000000000001000000010011>, C4<0>, C4<0>, C4<0>;
v0x5b10b3ddd860_0 .net/2u *"_ivl_62", 31 0, L_0x7c1d1ea9f9a8;  1 drivers
v0x5b10b3ddd900_0 .net *"_ivl_620", 31 0, L_0x5b10b3e90e40;  1 drivers
L_0x7c1d1eaa1808 .functor BUFT 1, C4<00000000000000000000000001101111>, C4<0>, C4<0>, C4<0>;
v0x5b10b3ddd9a0_0 .net/2u *"_ivl_622", 31 0, L_0x7c1d1eaa1808;  1 drivers
v0x5b10b3ddda40_0 .net *"_ivl_624", 0 0, L_0x5b10b3e91320;  1 drivers
v0x5b10b3dddae0_0 .net *"_ivl_627", 0 0, L_0x5b10b3e91460;  1 drivers
v0x5b10b3dddb80_0 .net/2u *"_ivl_628", 31 0, L_0x7c1d1eaa1850;  1 drivers
v0x5b10b3dddc20_0 .net *"_ivl_630", 31 0, L_0x5b10b3e91570;  1 drivers
L_0x7c1d1eaa1898 .functor BUFT 1, C4<00000000000000000000000000110111>, C4<0>, C4<0>, C4<0>;
v0x5b10b3dddcc0_0 .net/2u *"_ivl_632", 31 0, L_0x7c1d1eaa1898;  1 drivers
v0x5b10b3dddd60_0 .net *"_ivl_634", 0 0, L_0x5b10b3e90f00;  1 drivers
v0x5b10b3ddde00_0 .net *"_ivl_637", 0 0, L_0x5b10b3e91240;  1 drivers
v0x5b10b3dddea0_0 .net/2u *"_ivl_638", 31 0, L_0x7c1d1eaa18e0;  1 drivers
v0x5b10b3dddf40_0 .net *"_ivl_64", 0 0, L_0x5b10b3e7af40;  1 drivers
v0x5b10b3dddfe0_0 .net *"_ivl_640", 31 0, L_0x5b10b3e91ab0;  1 drivers
L_0x7c1d1eaa1928 .functor BUFT 1, C4<00000000000000000000000000010111>, C4<0>, C4<0>, C4<0>;
v0x5b10b3dde080_0 .net/2u *"_ivl_642", 31 0, L_0x7c1d1eaa1928;  1 drivers
v0x5b10b3dde120_0 .net *"_ivl_644", 0 0, L_0x5b10b3e91630;  1 drivers
v0x5b10b3dde1c0_0 .net *"_ivl_647", 0 0, L_0x5b10b3e91770;  1 drivers
v0x5b10b3dde260_0 .net/2u *"_ivl_648", 31 0, L_0x7c1d1eaa1970;  1 drivers
v0x5b10b3dde300_0 .net *"_ivl_650", 31 0, L_0x5b10b3e91880;  1 drivers
L_0x7c1d1eaa19b8 .functor BUFT 1, C4<00000000000000000000000000010011>, C4<0>, C4<0>, C4<0>;
v0x5b10b3dde3a0_0 .net/2u *"_ivl_652", 31 0, L_0x7c1d1eaa19b8;  1 drivers
v0x5b10b3dde440_0 .net *"_ivl_654", 0 0, L_0x5b10b3e91940;  1 drivers
v0x5b10b3dde4e0_0 .net *"_ivl_657", 0 0, L_0x5b10b3e92220;  1 drivers
v0x5b10b3dde580_0 .net/2u *"_ivl_658", 31 0, L_0x7c1d1eaa1a00;  1 drivers
v0x5b10b3dde620_0 .net *"_ivl_660", 31 0, L_0x5b10b3e92330;  1 drivers
L_0x7c1d1eaa1a48 .functor BUFT 1, C4<00000000000000000001000000010011>, C4<0>, C4<0>, C4<0>;
v0x5b10b3dde6c0_0 .net/2u *"_ivl_662", 31 0, L_0x7c1d1eaa1a48;  1 drivers
v0x5b10b3dde760_0 .net *"_ivl_664", 0 0, L_0x5b10b3e91b70;  1 drivers
v0x5b10b3dde800_0 .net *"_ivl_667", 0 0, L_0x5b10b3e91cb0;  1 drivers
v0x5b10b3dde8a0_0 .net/2u *"_ivl_668", 31 0, L_0x7c1d1eaa1a90;  1 drivers
v0x5b10b3dde940_0 .net *"_ivl_67", 0 0, L_0x5b10b3e7b080;  1 drivers
v0x5b10b3dde9e0_0 .net *"_ivl_670", 31 0, L_0x5b10b3e91dc0;  1 drivers
L_0x7c1d1eaa1ad8 .functor BUFT 1, C4<00000000000000000010000000010011>, C4<0>, C4<0>, C4<0>;
v0x5b10b3ddea80_0 .net/2u *"_ivl_672", 31 0, L_0x7c1d1eaa1ad8;  1 drivers
v0x5b10b3ddeb20_0 .net *"_ivl_674", 0 0, L_0x5b10b3e91e80;  1 drivers
v0x5b10b3ddebc0_0 .net *"_ivl_677", 0 0, L_0x5b10b3e92a80;  1 drivers
v0x5b10b3ddec60_0 .net/2u *"_ivl_678", 31 0, L_0x7c1d1eaa1b20;  1 drivers
v0x5b10b3dded00_0 .net/2u *"_ivl_68", 31 0, L_0x7c1d1ea9f9f0;  1 drivers
v0x5b10b3ddeda0_0 .net *"_ivl_680", 31 0, L_0x5b10b3e92b90;  1 drivers
L_0x7c1d1eaa1b68 .functor BUFT 1, C4<00000000000000000011000000010011>, C4<0>, C4<0>, C4<0>;
v0x5b10b3ddee40_0 .net/2u *"_ivl_682", 31 0, L_0x7c1d1eaa1b68;  1 drivers
v0x5b10b3ddeee0_0 .net *"_ivl_684", 0 0, L_0x5b10b3e923f0;  1 drivers
v0x5b10b3ddef80_0 .net *"_ivl_687", 0 0, L_0x5b10b3e92530;  1 drivers
v0x5b10b3ddf020_0 .net/2u *"_ivl_688", 31 0, L_0x7c1d1eaa1bb0;  1 drivers
v0x5b10b3ddf0c0_0 .net *"_ivl_690", 31 0, L_0x5b10b3e92640;  1 drivers
L_0x7c1d1eaa1bf8 .functor BUFT 1, C4<00000000000000000100000000010011>, C4<0>, C4<0>, C4<0>;
v0x5b10b3ddf160_0 .net/2u *"_ivl_692", 31 0, L_0x7c1d1eaa1bf8;  1 drivers
v0x5b10b3ddf200_0 .net *"_ivl_694", 0 0, L_0x5b10b3e92700;  1 drivers
v0x5b10b3ddf2a0_0 .net *"_ivl_697", 0 0, L_0x5b10b3e93310;  1 drivers
v0x5b10b3ddf340_0 .net/2u *"_ivl_698", 31 0, L_0x7c1d1eaa1c40;  1 drivers
v0x5b10b3ddf3e0_0 .net *"_ivl_70", 31 0, L_0x5b10b3e7b190;  1 drivers
v0x5b10b3ddf480_0 .net *"_ivl_700", 31 0, L_0x5b10b3e93420;  1 drivers
L_0x7c1d1eaa1c88 .functor BUFT 1, C4<00000000000000000101000000010011>, C4<0>, C4<0>, C4<0>;
v0x5b10b3ddf520_0 .net/2u *"_ivl_702", 31 0, L_0x7c1d1eaa1c88;  1 drivers
v0x5b10b3ddf5c0_0 .net *"_ivl_704", 0 0, L_0x5b10b3e92c50;  1 drivers
v0x5b10b3ddf660_0 .net *"_ivl_707", 0 0, L_0x5b10b3e92d90;  1 drivers
v0x5b10b3ddf700_0 .net/2u *"_ivl_708", 31 0, L_0x7c1d1eaa1cd0;  1 drivers
v0x5b10b3ddf7a0_0 .net *"_ivl_710", 31 0, L_0x5b10b3e92ea0;  1 drivers
L_0x7c1d1eaa1d18 .functor BUFT 1, C4<01000000000000000101000000010011>, C4<0>, C4<0>, C4<0>;
v0x5b10b3ddf840_0 .net/2u *"_ivl_712", 31 0, L_0x7c1d1eaa1d18;  1 drivers
v0x5b10b3ddf8e0_0 .net *"_ivl_714", 0 0, L_0x5b10b3e92f60;  1 drivers
v0x5b10b3ddf980_0 .net *"_ivl_717", 0 0, L_0x5b10b3e93bd0;  1 drivers
v0x5b10b3ddfa20_0 .net/2u *"_ivl_718", 31 0, L_0x7c1d1eaa1d60;  1 drivers
L_0x7c1d1ea9fa38 .functor BUFT 1, C4<00000000000000000101000000010011>, C4<0>, C4<0>, C4<0>;
v0x5b10b3ddfac0_0 .net/2u *"_ivl_72", 31 0, L_0x7c1d1ea9fa38;  1 drivers
v0x5b10b3ddfb60_0 .net *"_ivl_720", 31 0, L_0x5b10b3e93ce0;  1 drivers
L_0x7c1d1eaa1da8 .functor BUFT 1, C4<00000000000000000110000000010011>, C4<0>, C4<0>, C4<0>;
v0x5b10b3ddfc00_0 .net/2u *"_ivl_722", 31 0, L_0x7c1d1eaa1da8;  1 drivers
v0x5b10b3ddfca0_0 .net *"_ivl_724", 0 0, L_0x5b10b3e934e0;  1 drivers
v0x5b10b3ddfd40_0 .net *"_ivl_727", 0 0, L_0x5b10b3e93620;  1 drivers
v0x5b10b3ddfde0_0 .net/2u *"_ivl_728", 31 0, L_0x7c1d1eaa1df0;  1 drivers
v0x5b10b3ddfe80_0 .net *"_ivl_730", 31 0, L_0x5b10b3e93730;  1 drivers
L_0x7c1d1eaa1e38 .functor BUFT 1, C4<00000000000000000111000000010011>, C4<0>, C4<0>, C4<0>;
v0x5b10b3ddff20_0 .net/2u *"_ivl_732", 31 0, L_0x7c1d1eaa1e38;  1 drivers
v0x5b10b3ddffc0_0 .net *"_ivl_734", 0 0, L_0x5b10b3e937f0;  1 drivers
v0x5b10b3de0060_0 .net *"_ivl_737", 0 0, L_0x5b10b3e944c0;  1 drivers
v0x5b10b3de0100_0 .net/2u *"_ivl_738", 31 0, L_0x7c1d1eaa1e80;  1 drivers
v0x5b10b3de01a0_0 .net *"_ivl_74", 0 0, L_0x5b10b3e7b2d0;  1 drivers
v0x5b10b3de0240_0 .net *"_ivl_740", 31 0, L_0x5b10b3e94580;  1 drivers
L_0x7c1d1eaa1ec8 .functor BUFT 1, C4<00000000000000000000000000110011>, C4<0>, C4<0>, C4<0>;
v0x5b10b3de02e0_0 .net/2u *"_ivl_742", 31 0, L_0x7c1d1eaa1ec8;  1 drivers
v0x5b10b3de0380_0 .net *"_ivl_744", 0 0, L_0x5b10b3e93da0;  1 drivers
v0x5b10b3de0420_0 .net *"_ivl_747", 0 0, L_0x5b10b3e93ee0;  1 drivers
v0x5b10b3de04c0_0 .net/2u *"_ivl_748", 31 0, L_0x7c1d1eaa1f10;  1 drivers
v0x5b10b3de0560_0 .net *"_ivl_750", 31 0, L_0x5b10b3e93ff0;  1 drivers
L_0x7c1d1eaa1f58 .functor BUFT 1, C4<01000000000000000000000000110011>, C4<0>, C4<0>, C4<0>;
v0x5b10b3de0600_0 .net/2u *"_ivl_752", 31 0, L_0x7c1d1eaa1f58;  1 drivers
v0x5b10b3de06a0_0 .net *"_ivl_754", 0 0, L_0x5b10b3e940b0;  1 drivers
v0x5b10b3de0740_0 .net *"_ivl_757", 0 0, L_0x5b10b3e941f0;  1 drivers
v0x5b10b3de07e0_0 .net/2u *"_ivl_758", 31 0, L_0x7c1d1eaa1fa0;  1 drivers
v0x5b10b3de0880_0 .net *"_ivl_760", 31 0, L_0x5b10b3e94e30;  1 drivers
L_0x7c1d1eaa1fe8 .functor BUFT 1, C4<00000000000000000001000000110011>, C4<0>, C4<0>, C4<0>;
v0x5b10b3de0920_0 .net/2u *"_ivl_762", 31 0, L_0x7c1d1eaa1fe8;  1 drivers
v0x5b10b3de09c0_0 .net *"_ivl_764", 0 0, L_0x5b10b3e94640;  1 drivers
v0x5b10b3de0a60_0 .net *"_ivl_767", 0 0, L_0x5b10b3e94780;  1 drivers
v0x5b10b3de0b00_0 .net/2u *"_ivl_768", 31 0, L_0x7c1d1eaa2030;  1 drivers
v0x5b10b3de0ba0_0 .net *"_ivl_77", 0 0, L_0x5b10b3e7aed0;  1 drivers
v0x5b10b3de0c40_0 .net *"_ivl_770", 31 0, L_0x5b10b3e94890;  1 drivers
L_0x7c1d1eaa2078 .functor BUFT 1, C4<00000000000000000010000000110011>, C4<0>, C4<0>, C4<0>;
v0x5b10b3de0ce0_0 .net/2u *"_ivl_772", 31 0, L_0x7c1d1eaa2078;  1 drivers
v0x5b10b3de0d80_0 .net *"_ivl_774", 0 0, L_0x5b10b3e94950;  1 drivers
v0x5b10b3de0e20_0 .net *"_ivl_777", 0 0, L_0x5b10b3e94a90;  1 drivers
v0x5b10b3de0ec0_0 .net/2u *"_ivl_778", 31 0, L_0x7c1d1eaa20c0;  1 drivers
v0x5b10b3de0f60_0 .net/2u *"_ivl_78", 31 0, L_0x7c1d1ea9fa80;  1 drivers
v0x5b10b3de1000_0 .net *"_ivl_780", 31 0, L_0x5b10b3e95710;  1 drivers
L_0x7c1d1eaa2108 .functor BUFT 1, C4<00000000000000000011000000110011>, C4<0>, C4<0>, C4<0>;
v0x5b10b3de10a0_0 .net/2u *"_ivl_782", 31 0, L_0x7c1d1eaa2108;  1 drivers
v0x5b10b3de1140_0 .net *"_ivl_784", 0 0, L_0x5b10b3e94ef0;  1 drivers
v0x5b10b3de11e0_0 .net *"_ivl_787", 0 0, L_0x5b10b3e95030;  1 drivers
v0x5b10b3de1280_0 .net/2u *"_ivl_788", 31 0, L_0x7c1d1eaa2150;  1 drivers
v0x5b10b3de1320_0 .net *"_ivl_790", 31 0, L_0x5b10b3e95140;  1 drivers
L_0x7c1d1eaa2198 .functor BUFT 1, C4<00000000000000000100000000110011>, C4<0>, C4<0>, C4<0>;
v0x5b10b3de13c0_0 .net/2u *"_ivl_792", 31 0, L_0x7c1d1eaa2198;  1 drivers
v0x5b10b3de1460_0 .net *"_ivl_794", 0 0, L_0x5b10b3e95200;  1 drivers
v0x5b10b3de1500_0 .net *"_ivl_797", 0 0, L_0x5b10b3e95340;  1 drivers
v0x5b10b3de15a0_0 .net/2u *"_ivl_798", 31 0, L_0x7c1d1eaa21e0;  1 drivers
v0x5b10b3de1640_0 .net/2u *"_ivl_8", 31 0, L_0x7c1d1ea9f690;  1 drivers
v0x5b10b3de16e0_0 .net *"_ivl_80", 31 0, L_0x5b10b3e7b500;  1 drivers
v0x5b10b3de1780_0 .net *"_ivl_800", 31 0, L_0x5b10b3e95fd0;  1 drivers
L_0x7c1d1eaa2228 .functor BUFT 1, C4<00000000000000000101000000110011>, C4<0>, C4<0>, C4<0>;
v0x5b10b3de1820_0 .net/2u *"_ivl_802", 31 0, L_0x7c1d1eaa2228;  1 drivers
v0x5b10b3de18c0_0 .net *"_ivl_804", 0 0, L_0x5b10b3e957d0;  1 drivers
v0x5b10b3de1960_0 .net *"_ivl_807", 0 0, L_0x5b10b3e95910;  1 drivers
v0x5b10b3de1a00_0 .net/2u *"_ivl_808", 31 0, L_0x7c1d1eaa2270;  1 drivers
v0x5b10b3de1aa0_0 .net *"_ivl_810", 31 0, L_0x5b10b3e95a20;  1 drivers
L_0x7c1d1eaa22b8 .functor BUFT 1, C4<01000000000000000101000000110011>, C4<0>, C4<0>, C4<0>;
v0x5b10b3de1b40_0 .net/2u *"_ivl_812", 31 0, L_0x7c1d1eaa22b8;  1 drivers
v0x5b10b3de1be0_0 .net *"_ivl_814", 0 0, L_0x5b10b3e95ae0;  1 drivers
v0x5b10b3de1c80_0 .net *"_ivl_817", 0 0, L_0x5b10b3e95c20;  1 drivers
v0x5b10b3de1d20_0 .net/2u *"_ivl_818", 31 0, L_0x7c1d1eaa2300;  1 drivers
L_0x7c1d1ea9fac8 .functor BUFT 1, C4<01000000000000000101000000010011>, C4<0>, C4<0>, C4<0>;
v0x5b10b3de1dc0_0 .net/2u *"_ivl_82", 31 0, L_0x7c1d1ea9fac8;  1 drivers
v0x5b10b3de1e60_0 .net *"_ivl_820", 31 0, L_0x5b10b3e968c0;  1 drivers
L_0x7c1d1eaa2348 .functor BUFT 1, C4<00000000000000000110000000110011>, C4<0>, C4<0>, C4<0>;
v0x5b10b3de1f00_0 .net/2u *"_ivl_822", 31 0, L_0x7c1d1eaa2348;  1 drivers
v0x5b10b3de1fa0_0 .net *"_ivl_824", 0 0, L_0x5b10b3e96090;  1 drivers
v0x5b10b3de2040_0 .net *"_ivl_827", 0 0, L_0x5b10b3e961d0;  1 drivers
v0x5b10b3de20e0_0 .net/2u *"_ivl_828", 31 0, L_0x7c1d1eaa2390;  1 drivers
v0x5b10b3de2180_0 .net *"_ivl_830", 31 0, L_0x5b10b3e962e0;  1 drivers
L_0x7c1d1eaa23d8 .functor BUFT 1, C4<00000000000000000111000000110011>, C4<0>, C4<0>, C4<0>;
v0x5b10b3de2220_0 .net/2u *"_ivl_832", 31 0, L_0x7c1d1eaa23d8;  1 drivers
v0x5b10b3de22c0_0 .net *"_ivl_834", 0 0, L_0x5b10b3e963a0;  1 drivers
v0x5b10b3de2360_0 .net *"_ivl_837", 0 0, L_0x5b10b3e964e0;  1 drivers
v0x5b10b3de2400_0 .net/2u *"_ivl_838", 31 0, L_0x7c1d1eaa2420;  1 drivers
v0x5b10b3de24a0_0 .net *"_ivl_84", 0 0, L_0x5b10b3e7b650;  1 drivers
v0x5b10b3de2540_0 .net *"_ivl_840", 31 0, L_0x5b10b3e971e0;  1 drivers
L_0x7c1d1eaa2468 .functor BUFT 1, C4<00000000000000000000000000000011>, C4<0>, C4<0>, C4<0>;
v0x5b10b3de25e0_0 .net/2u *"_ivl_842", 31 0, L_0x7c1d1eaa2468;  1 drivers
v0x5b10b3de2680_0 .net *"_ivl_844", 0 0, L_0x5b10b3e96980;  1 drivers
v0x5b10b3de2720_0 .net *"_ivl_847", 0 0, L_0x5b10b3e96ac0;  1 drivers
v0x5b10b3de27c0_0 .net/2u *"_ivl_848", 31 0, L_0x7c1d1eaa24b0;  1 drivers
v0x5b10b3de2860_0 .net *"_ivl_850", 31 0, L_0x5b10b3e96bd0;  1 drivers
L_0x7c1d1eaa24f8 .functor BUFT 1, C4<00000000000000000001000000000011>, C4<0>, C4<0>, C4<0>;
v0x5b10b3de2900_0 .net/2u *"_ivl_852", 31 0, L_0x7c1d1eaa24f8;  1 drivers
v0x5b10b3de29a0_0 .net *"_ivl_854", 0 0, L_0x5b10b3e96c90;  1 drivers
v0x5b10b3de2a40_0 .net *"_ivl_857", 0 0, L_0x5b10b3e96dd0;  1 drivers
v0x5b10b3de2ae0_0 .net/2u *"_ivl_858", 31 0, L_0x7c1d1eaa2540;  1 drivers
v0x5b10b3de2b80_0 .net *"_ivl_860", 31 0, L_0x5b10b3e97ae0;  1 drivers
L_0x7c1d1eaa2588 .functor BUFT 1, C4<00000000000000000010000000000011>, C4<0>, C4<0>, C4<0>;
v0x5b10b3de2c20_0 .net/2u *"_ivl_862", 31 0, L_0x7c1d1eaa2588;  1 drivers
v0x5b10b3de2cc0_0 .net *"_ivl_864", 0 0, L_0x5b10b3e972a0;  1 drivers
v0x5b10b3de2d60_0 .net *"_ivl_867", 0 0, L_0x5b10b3e973e0;  1 drivers
v0x5b10b3de2e00_0 .net/2u *"_ivl_868", 31 0, L_0x7c1d1eaa25d0;  1 drivers
v0x5b10b3de2ea0_0 .net *"_ivl_87", 0 0, L_0x5b10b3e7b790;  1 drivers
v0x5b10b3de2f40_0 .net *"_ivl_870", 31 0, L_0x5b10b3e974f0;  1 drivers
L_0x7c1d1eaa2618 .functor BUFT 1, C4<00000000000000000100000000000011>, C4<0>, C4<0>, C4<0>;
v0x5b10b3de2fe0_0 .net/2u *"_ivl_872", 31 0, L_0x7c1d1eaa2618;  1 drivers
v0x5b10b3de3080_0 .net *"_ivl_874", 0 0, L_0x5b10b3e975b0;  1 drivers
v0x5b10b3de3120_0 .net *"_ivl_877", 0 0, L_0x5b10b3e976f0;  1 drivers
v0x5b10b3de31c0_0 .net/2u *"_ivl_878", 31 0, L_0x7c1d1eaa2660;  1 drivers
v0x5b10b3de3260_0 .net/2u *"_ivl_88", 31 0, L_0x7c1d1ea9fb10;  1 drivers
v0x5b10b3de3300_0 .net *"_ivl_880", 31 0, L_0x5b10b3e98410;  1 drivers
L_0x7c1d1eaa26a8 .functor BUFT 1, C4<00000000000000000101000000000011>, C4<0>, C4<0>, C4<0>;
v0x5b10b3de33a0_0 .net/2u *"_ivl_882", 31 0, L_0x7c1d1eaa26a8;  1 drivers
v0x5b10b3de3440_0 .net *"_ivl_884", 0 0, L_0x5b10b3e97ba0;  1 drivers
v0x5b10b3de34e0_0 .net *"_ivl_887", 0 0, L_0x5b10b3e97ce0;  1 drivers
v0x5b10b3de3580_0 .net/2u *"_ivl_888", 31 0, L_0x7c1d1eaa26f0;  1 drivers
v0x5b10b3de3620_0 .net *"_ivl_890", 31 0, L_0x5b10b3e97df0;  1 drivers
L_0x7c1d1eaa2738 .functor BUFT 1, C4<00000000000000000110000000000011>, C4<0>, C4<0>, C4<0>;
v0x5b10b3de36c0_0 .net/2u *"_ivl_892", 31 0, L_0x7c1d1eaa2738;  1 drivers
v0x5b10b3de3760_0 .net *"_ivl_894", 0 0, L_0x5b10b3e97eb0;  1 drivers
v0x5b10b3de3800_0 .net *"_ivl_897", 0 0, L_0x5b10b3e97ff0;  1 drivers
v0x5b10b3de38a0_0 .net/2u *"_ivl_898", 31 0, L_0x7c1d1eaa2780;  1 drivers
v0x5b10b3de3940_0 .net *"_ivl_90", 31 0, L_0x5b10b3e7b8a0;  1 drivers
v0x5b10b3de39e0_0 .net *"_ivl_900", 31 0, L_0x5b10b3e98d70;  1 drivers
L_0x7c1d1eaa27c8 .functor BUFT 1, C4<00000010000000000000000000110011>, C4<0>, C4<0>, C4<0>;
v0x5b10b3de3a80_0 .net/2u *"_ivl_902", 31 0, L_0x7c1d1eaa27c8;  1 drivers
v0x5b10b3de3b20_0 .net *"_ivl_904", 0 0, L_0x5b10b3e984d0;  1 drivers
v0x5b10b3de3bc0_0 .net *"_ivl_907", 0 0, L_0x5b10b3e98610;  1 drivers
v0x5b10b3de3c60_0 .net/2u *"_ivl_908", 31 0, L_0x7c1d1eaa2810;  1 drivers
v0x5b10b3de3d00_0 .net *"_ivl_910", 31 0, L_0x5b10b3e98720;  1 drivers
L_0x7c1d1eaa2858 .functor BUFT 1, C4<00000010000000000001000000110011>, C4<0>, C4<0>, C4<0>;
v0x5b10b3de3da0_0 .net/2u *"_ivl_912", 31 0, L_0x7c1d1eaa2858;  1 drivers
v0x5b10b3de3e40_0 .net *"_ivl_914", 0 0, L_0x5b10b3e987e0;  1 drivers
v0x5b10b3de3ee0_0 .net *"_ivl_917", 0 0, L_0x5b10b3e98920;  1 drivers
v0x5b10b3de3f80_0 .net/2u *"_ivl_918", 31 0, L_0x7c1d1eaa28a0;  1 drivers
L_0x7c1d1ea9fb58 .functor BUFT 1, C4<00000000000000000000000000110111>, C4<0>, C4<0>, C4<0>;
v0x5b10b3de4020_0 .net/2u *"_ivl_92", 31 0, L_0x7c1d1ea9fb58;  1 drivers
v0x5b10b3de40c0_0 .net *"_ivl_920", 31 0, L_0x5b10b3e98a30;  1 drivers
L_0x7c1d1eaa28e8 .functor BUFT 1, C4<00000010000000000010000000110011>, C4<0>, C4<0>, C4<0>;
v0x5b10b3de4160_0 .net/2u *"_ivl_922", 31 0, L_0x7c1d1eaa28e8;  1 drivers
v0x5b10b3de4200_0 .net *"_ivl_924", 0 0, L_0x5b10b3e98de0;  1 drivers
v0x5b10b3de42a0_0 .net *"_ivl_927", 0 0, L_0x5b10b3e98f20;  1 drivers
v0x5b10b3de4340_0 .net/2u *"_ivl_928", 31 0, L_0x7c1d1eaa2930;  1 drivers
v0x5b10b3de43e0_0 .net *"_ivl_930", 31 0, L_0x5b10b3e99030;  1 drivers
L_0x7c1d1eaa2978 .functor BUFT 1, C4<00000010000000000011000000110011>, C4<0>, C4<0>, C4<0>;
v0x5b10b3de4480_0 .net/2u *"_ivl_932", 31 0, L_0x7c1d1eaa2978;  1 drivers
v0x5b10b3de4520_0 .net *"_ivl_934", 0 0, L_0x5b10b3e990f0;  1 drivers
v0x5b10b3de45c0_0 .net *"_ivl_937", 0 0, L_0x5b10b3e99230;  1 drivers
v0x5b10b3de4660_0 .net/2u *"_ivl_938", 31 0, L_0x7c1d1eaa29c0;  1 drivers
v0x5b10b3de4700_0 .net *"_ivl_94", 0 0, L_0x5b10b3e7bc10;  1 drivers
v0x5b10b3de47a0_0 .net *"_ivl_940", 31 0, L_0x5b10b3e99340;  1 drivers
L_0x7c1d1eaa2a08 .functor BUFT 1, C4<00000010000000000100000000110011>, C4<0>, C4<0>, C4<0>;
v0x5b10b3de4840_0 .net/2u *"_ivl_942", 31 0, L_0x7c1d1eaa2a08;  1 drivers
v0x5b10b3de48e0_0 .net *"_ivl_944", 0 0, L_0x5b10b3e99700;  1 drivers
v0x5b10b3de4980_0 .net *"_ivl_947", 0 0, L_0x5b10b3e99840;  1 drivers
v0x5b10b3de4a20_0 .net/2u *"_ivl_948", 31 0, L_0x7c1d1eaa2a50;  1 drivers
v0x5b10b3de4ac0_0 .net *"_ivl_950", 31 0, L_0x5b10b3e99950;  1 drivers
L_0x7c1d1eaa2a98 .functor BUFT 1, C4<00000010000000000101000000110011>, C4<0>, C4<0>, C4<0>;
v0x5b10b3de4b60_0 .net/2u *"_ivl_952", 31 0, L_0x7c1d1eaa2a98;  1 drivers
v0x5b10b3de4c00_0 .net *"_ivl_954", 0 0, L_0x5b10b3e99a10;  1 drivers
v0x5b10b3de4ca0_0 .net *"_ivl_957", 0 0, L_0x5b10b3e99b50;  1 drivers
v0x5b10b3de4d40_0 .net/2u *"_ivl_958", 31 0, L_0x7c1d1eaa2ae0;  1 drivers
v0x5b10b3de4de0_0 .net *"_ivl_960", 31 0, L_0x5b10b3e99c60;  1 drivers
L_0x7c1d1eaa2b28 .functor BUFT 1, C4<00000010000000000110000000110011>, C4<0>, C4<0>, C4<0>;
v0x5b10b3de4e80_0 .net/2u *"_ivl_962", 31 0, L_0x7c1d1eaa2b28;  1 drivers
v0x5b10b3de4f20_0 .net *"_ivl_964", 0 0, L_0x5b10b3e9a050;  1 drivers
v0x5b10b3de4fc0_0 .net *"_ivl_967", 0 0, L_0x5b10b3e9a190;  1 drivers
v0x5b10b3de5060_0 .net/2u *"_ivl_968", 31 0, L_0x7c1d1eaa2b70;  1 drivers
v0x5b10b3de5100_0 .net *"_ivl_97", 0 0, L_0x5b10b3e7bd50;  1 drivers
v0x5b10b3de51a0_0 .net *"_ivl_970", 31 0, L_0x5b10b3e9a2a0;  1 drivers
L_0x7c1d1eaa2bb8 .functor BUFT 1, C4<00000010000000000111000000110011>, C4<0>, C4<0>, C4<0>;
v0x5b10b3de5240_0 .net/2u *"_ivl_972", 31 0, L_0x7c1d1eaa2bb8;  1 drivers
v0x5b10b3de52e0_0 .net *"_ivl_974", 0 0, L_0x5b10b3e9a360;  1 drivers
v0x5b10b3de5380_0 .net *"_ivl_977", 0 0, L_0x5b10b3e9a4a0;  1 drivers
v0x5b10b3de5420_0 .net/2u *"_ivl_978", 31 0, L_0x7c1d1eaa2c00;  1 drivers
v0x5b10b3de54c0_0 .net/2u *"_ivl_98", 31 0, L_0x7c1d1ea9fba0;  1 drivers
v0x5b10b3de5560_0 .net *"_ivl_980", 31 0, L_0x5b10b3e9a5b0;  1 drivers
L_0x7c1d1eaa2c48 .functor BUFT 1, C4<00000000000000000001000001110011>, C4<0>, C4<0>, C4<0>;
v0x5b10b3de5600_0 .net/2u *"_ivl_982", 31 0, L_0x7c1d1eaa2c48;  1 drivers
v0x5b10b3de56a0_0 .net *"_ivl_984", 0 0, L_0x5b10b3e9a9d0;  1 drivers
v0x5b10b3de5740_0 .net *"_ivl_987", 0 0, L_0x5b10b3e9ab10;  1 drivers
v0x5b10b3de57e0_0 .net/2u *"_ivl_988", 31 0, L_0x7c1d1eaa2c90;  1 drivers
v0x5b10b3de5880_0 .net *"_ivl_990", 31 0, L_0x5b10b3e9ac20;  1 drivers
L_0x7c1d1eaa2cd8 .functor BUFT 1, C4<00000000000000000010000001110011>, C4<0>, C4<0>, C4<0>;
v0x5b10b3de5920_0 .net/2u *"_ivl_992", 31 0, L_0x7c1d1eaa2cd8;  1 drivers
v0x5b10b3de59c0_0 .net *"_ivl_994", 0 0, L_0x5b10b3e9ace0;  1 drivers
v0x5b10b3de5a60_0 .net *"_ivl_997", 0 0, L_0x5b10b3e9ae20;  1 drivers
v0x5b10b3de5b00_0 .net/2u *"_ivl_998", 31 0, L_0x7c1d1eaa2d20;  1 drivers
v0x5b10b3de5ba0_0 .net "branch_o", 0 0, L_0x5b10b3ea6c60;  alias, 1 drivers
v0x5b10b3de5c40_0 .net "csr_o", 0 0, L_0x5b10b3eab770;  alias, 1 drivers
v0x5b10b3de5ce0_0 .net "div_o", 0 0, L_0x5b10b3ea8f80;  alias, 1 drivers
v0x5b10b3de5d80_0 .net "enable_muldiv_i", 0 0, L_0x7c1d1eaaab20;  alias, 1 drivers
v0x5b10b3de5e20_0 .net "exec_o", 0 0, L_0x5b10b3e8e5e0;  alias, 1 drivers
v0x5b10b3de5ec0_0 .net "fetch_fault_i", 0 0, L_0x5b10b3eab830;  1 drivers
v0x5b10b3de5f60_0 .net "invalid_o", 0 0, L_0x5b10b3e90580;  alias, 1 drivers
v0x5b10b3de6000_0 .net "invalid_w", 0 0, L_0x5b10b3e904c0;  1 drivers
v0x5b10b3de60a0_0 .net "lsu_o", 0 0, L_0x5b10b3ea66a0;  alias, 1 drivers
v0x5b10b3de6140_0 .net "mul_o", 0 0, L_0x5b10b3ea7e00;  alias, 1 drivers
v0x5b10b3de61e0_0 .net "opcode_i", 31 0, L_0x5b10b3e78200;  alias, 1 drivers
v0x5b10b3de6280_0 .net "rd_valid_o", 0 0, L_0x5b10b3e9c0c0;  alias, 1 drivers
v0x5b10b3de6320_0 .net "valid_i", 0 0, L_0x5b10b3e76de0;  alias, 1 drivers
L_0x5b10b3e79ad0 .cmp/eq 32, L_0x5b10b3e79a60, L_0x7c1d1ea9f648;
L_0x5b10b3e79cf0 .cmp/eq 32, L_0x5b10b3e79b70, L_0x7c1d1ea9f6d8;
L_0x5b10b3e7a000 .cmp/eq 32, L_0x5b10b3e79f40, L_0x7c1d1ea9f768;
L_0x5b10b3e7a350 .cmp/eq 32, L_0x5b10b3e7a250, L_0x7c1d1ea9f7f8;
L_0x5b10b3e7a6b0 .cmp/eq 32, L_0x5b10b3e7a5a0, L_0x7c1d1ea9f888;
L_0x5b10b3e7abd0 .cmp/eq 32, L_0x5b10b3e7a900, L_0x7c1d1ea9f918;
L_0x5b10b3e7af40 .cmp/eq 32, L_0x5b10b3e7ae10, L_0x7c1d1ea9f9a8;
L_0x5b10b3e7b2d0 .cmp/eq 32, L_0x5b10b3e7b190, L_0x7c1d1ea9fa38;
L_0x5b10b3e7b650 .cmp/eq 32, L_0x5b10b3e7b500, L_0x7c1d1ea9fac8;
L_0x5b10b3e7bc10 .cmp/eq 32, L_0x5b10b3e7b8a0, L_0x7c1d1ea9fb58;
L_0x5b10b3e7bb70 .cmp/eq 32, L_0x5b10b3e7be10, L_0x7c1d1ea9fbe8;
L_0x5b10b3e7c2b0 .cmp/eq 32, L_0x5b10b3e7c130, L_0x7c1d1ea9fc78;
L_0x5b10b3e7c700 .cmp/eq 32, L_0x5b10b3e7c570, L_0x7c1d1ea9fd08;
L_0x5b10b3e7caf0 .cmp/eq 32, L_0x5b10b3e7c950, L_0x7c1d1ea9fd98;
L_0x5b10b3e7cf00 .cmp/eq 32, L_0x5b10b3e7cd50, L_0x7c1d1ea9fe28;
L_0x5b10b3e7d310 .cmp/eq 32, L_0x5b10b3e7d150, L_0x7c1d1ea9feb8;
L_0x5b10b3e7d7c0 .cmp/eq 32, L_0x5b10b3e7d5f0, L_0x7c1d1ea9ff48;
L_0x5b10b3e7dbf0 .cmp/eq 32, L_0x5b10b3e7da10, L_0x7c1d1ea9ffd8;
L_0x5b10b3e7e0d0 .cmp/eq 32, L_0x5b10b3e7dee0, L_0x7c1d1eaa0068;
L_0x5b10b3e7e520 .cmp/eq 32, L_0x5b10b3e7e320, L_0x7c1d1eaa00f8;
L_0x5b10b3e7dd30 .cmp/eq 32, L_0x5b10b3e7e820, L_0x7c1d1eaa0188;
L_0x5b10b3e7ee00 .cmp/eq 32, L_0x5b10b3e7ebe0, L_0x7c1d1eaa0218;
L_0x5b10b3e7f340 .cmp/eq 32, L_0x5b10b3e7f110, L_0x7c1d1eaa02a8;
L_0x5b10b3e7f7d0 .cmp/eq 32, L_0x5b10b3e7f590, L_0x7c1d1eaa0338;
L_0x5b10b3e7fd40 .cmp/eq 32, L_0x5b10b3e7faf0, L_0x7c1d1eaa03c8;
L_0x5b10b3e805b0 .cmp/eq 32, L_0x5b10b3e7ff90, L_0x7c1d1eaa0458;
L_0x5b10b3e80b00 .cmp/eq 32, L_0x5b10b3e80890, L_0x7c1d1eaa04e8;
L_0x5b10b3e80fd0 .cmp/eq 32, L_0x5b10b3e80d50, L_0x7c1d1eaa0578;
L_0x5b10b3e815a0 .cmp/eq 32, L_0x5b10b3e81310, L_0x7c1d1eaa0608;
L_0x5b10b3e81a90 .cmp/eq 32, L_0x5b10b3e817f0, L_0x7c1d1eaa0698;
L_0x5b10b3e82090 .cmp/eq 32, L_0x5b10b3e81de0, L_0x7c1d1eaa0728;
L_0x5b10b3e825a0 .cmp/eq 32, L_0x5b10b3e822e0, L_0x7c1d1eaa07b8;
L_0x5b10b3e82bd0 .cmp/eq 32, L_0x5b10b3e82900, L_0x7c1d1eaa0848;
L_0x5b10b3e83100 .cmp/eq 32, L_0x5b10b3e82e20, L_0x7c1d1eaa08d8;
L_0x5b10b3e83760 .cmp/eq 32, L_0x5b10b3e83470, L_0x7c1d1eaa0968;
L_0x5b10b3e83cb0 .cmp/eq 32, L_0x5b10b3e839b0, L_0x7c1d1eaa09f8;
L_0x5b10b3e84230 .cmp/eq 32, L_0x5b10b3e83f20, L_0x7c1d1eaa0a88;
L_0x5b10b3e847a0 .cmp/eq 32, L_0x5b10b3e84480, L_0x7c1d1eaa0b18;
L_0x5b10b3e84e60 .cmp/eq 32, L_0x5b10b3e84b30, L_0x7c1d1eaa0ba8;
L_0x5b10b3e853f0 .cmp/eq 32, L_0x5b10b3e850b0, L_0x7c1d1eaa0c38;
L_0x5b10b3e85ae0 .cmp/eq 32, L_0x5b10b3e85790, L_0x7c1d1eaa0cc8;
L_0x5b10b3e86090 .cmp/eq 32, L_0x5b10b3e85d30, L_0x7c1d1eaa0d58;
L_0x5b10b3e867b0 .cmp/eq 32, L_0x5b10b3e86440, L_0x7c1d1eaa0de8;
L_0x5b10b3e86d80 .cmp/eq 32, L_0x5b10b3e86a00, L_0x7c1d1eaa0e78;
L_0x5b10b3e874d0 .cmp/eq 32, L_0x5b10b3e87140, L_0x7c1d1eaa0f08;
L_0x5b10b3e87ac0 .cmp/eq 32, L_0x5b10b3e87720, L_0x7c1d1eaa0f98;
L_0x5b10b3e88240 .cmp/eq 32, L_0x5b10b3e87e90, L_0x7c1d1eaa1028;
L_0x5b10b3e88850 .cmp/eq 32, L_0x5b10b3e88490, L_0x7c1d1eaa10b8;
L_0x5b10b3e89000 .cmp/eq 32, L_0x5b10b3e88c30, L_0x7c1d1eaa1148;
L_0x5b10b3e89630 .cmp/eq 32, L_0x5b10b3e89250, L_0x7c1d1eaa11d8;
L_0x5b10b3e89e10 .cmp/eq 32, L_0x5b10b3e89a20, L_0x7c1d1eaa1268;
L_0x5b10b3e8a460 .cmp/eq 32, L_0x5b10b3e8a060, L_0x7c1d1eaa12f8;
L_0x5b10b3e8ad30 .cmp/eq 32, L_0x5b10b3e8ac70, L_0x7c1d1eaa1388;
L_0x5b10b3e8bf90 .cmp/eq 32, L_0x5b10b3e8b350, L_0x7c1d1eaa1418;
L_0x5b10b3e8c7b0 .cmp/eq 32, L_0x5b10b3e8c6f0, L_0x7c1d1eaa14a8;
L_0x5b10b3e8d2b0 .cmp/eq 32, L_0x5b10b3e8ce50, L_0x7c1d1eaa1538;
L_0x5b10b3e8dc00 .cmp/eq 32, L_0x5b10b3e8db40, L_0x7c1d1eaa15c8;
L_0x5b10b3e8ef70 .cmp/eq 32, L_0x5b10b3e8e2d0, L_0x7c1d1eaa1658;
L_0x5b10b3e8f900 .cmp/eq 32, L_0x5b10b3e8f840, L_0x7c1d1eaa16e8;
L_0x5b10b3e90b10 .cmp/eq 32, L_0x5b10b3e90a50, L_0x7c1d1eaa1778;
L_0x5b10b3e91320 .cmp/eq 32, L_0x5b10b3e90e40, L_0x7c1d1eaa1808;
L_0x5b10b3e90f00 .cmp/eq 32, L_0x5b10b3e91570, L_0x7c1d1eaa1898;
L_0x5b10b3e91630 .cmp/eq 32, L_0x5b10b3e91ab0, L_0x7c1d1eaa1928;
L_0x5b10b3e91940 .cmp/eq 32, L_0x5b10b3e91880, L_0x7c1d1eaa19b8;
L_0x5b10b3e91b70 .cmp/eq 32, L_0x5b10b3e92330, L_0x7c1d1eaa1a48;
L_0x5b10b3e91e80 .cmp/eq 32, L_0x5b10b3e91dc0, L_0x7c1d1eaa1ad8;
L_0x5b10b3e923f0 .cmp/eq 32, L_0x5b10b3e92b90, L_0x7c1d1eaa1b68;
L_0x5b10b3e92700 .cmp/eq 32, L_0x5b10b3e92640, L_0x7c1d1eaa1bf8;
L_0x5b10b3e92c50 .cmp/eq 32, L_0x5b10b3e93420, L_0x7c1d1eaa1c88;
L_0x5b10b3e92f60 .cmp/eq 32, L_0x5b10b3e92ea0, L_0x7c1d1eaa1d18;
L_0x5b10b3e934e0 .cmp/eq 32, L_0x5b10b3e93ce0, L_0x7c1d1eaa1da8;
L_0x5b10b3e937f0 .cmp/eq 32, L_0x5b10b3e93730, L_0x7c1d1eaa1e38;
L_0x5b10b3e93da0 .cmp/eq 32, L_0x5b10b3e94580, L_0x7c1d1eaa1ec8;
L_0x5b10b3e940b0 .cmp/eq 32, L_0x5b10b3e93ff0, L_0x7c1d1eaa1f58;
L_0x5b10b3e94640 .cmp/eq 32, L_0x5b10b3e94e30, L_0x7c1d1eaa1fe8;
L_0x5b10b3e94950 .cmp/eq 32, L_0x5b10b3e94890, L_0x7c1d1eaa2078;
L_0x5b10b3e94ef0 .cmp/eq 32, L_0x5b10b3e95710, L_0x7c1d1eaa2108;
L_0x5b10b3e95200 .cmp/eq 32, L_0x5b10b3e95140, L_0x7c1d1eaa2198;
L_0x5b10b3e957d0 .cmp/eq 32, L_0x5b10b3e95fd0, L_0x7c1d1eaa2228;
L_0x5b10b3e95ae0 .cmp/eq 32, L_0x5b10b3e95a20, L_0x7c1d1eaa22b8;
L_0x5b10b3e96090 .cmp/eq 32, L_0x5b10b3e968c0, L_0x7c1d1eaa2348;
L_0x5b10b3e963a0 .cmp/eq 32, L_0x5b10b3e962e0, L_0x7c1d1eaa23d8;
L_0x5b10b3e96980 .cmp/eq 32, L_0x5b10b3e971e0, L_0x7c1d1eaa2468;
L_0x5b10b3e96c90 .cmp/eq 32, L_0x5b10b3e96bd0, L_0x7c1d1eaa24f8;
L_0x5b10b3e972a0 .cmp/eq 32, L_0x5b10b3e97ae0, L_0x7c1d1eaa2588;
L_0x5b10b3e975b0 .cmp/eq 32, L_0x5b10b3e974f0, L_0x7c1d1eaa2618;
L_0x5b10b3e97ba0 .cmp/eq 32, L_0x5b10b3e98410, L_0x7c1d1eaa26a8;
L_0x5b10b3e97eb0 .cmp/eq 32, L_0x5b10b3e97df0, L_0x7c1d1eaa2738;
L_0x5b10b3e984d0 .cmp/eq 32, L_0x5b10b3e98d70, L_0x7c1d1eaa27c8;
L_0x5b10b3e987e0 .cmp/eq 32, L_0x5b10b3e98720, L_0x7c1d1eaa2858;
L_0x5b10b3e98de0 .cmp/eq 32, L_0x5b10b3e98a30, L_0x7c1d1eaa28e8;
L_0x5b10b3e990f0 .cmp/eq 32, L_0x5b10b3e99030, L_0x7c1d1eaa2978;
L_0x5b10b3e99700 .cmp/eq 32, L_0x5b10b3e99340, L_0x7c1d1eaa2a08;
L_0x5b10b3e99a10 .cmp/eq 32, L_0x5b10b3e99950, L_0x7c1d1eaa2a98;
L_0x5b10b3e9a050 .cmp/eq 32, L_0x5b10b3e99c60, L_0x7c1d1eaa2b28;
L_0x5b10b3e9a360 .cmp/eq 32, L_0x5b10b3e9a2a0, L_0x7c1d1eaa2bb8;
L_0x5b10b3e9a9d0 .cmp/eq 32, L_0x5b10b3e9a5b0, L_0x7c1d1eaa2c48;
L_0x5b10b3e9ace0 .cmp/eq 32, L_0x5b10b3e9ac20, L_0x7c1d1eaa2cd8;
L_0x5b10b3e9b330 .cmp/eq 32, L_0x5b10b3e9af30, L_0x7c1d1eaa2d68;
L_0x5b10b3e9b640 .cmp/eq 32, L_0x5b10b3e9b580, L_0x7c1d1eaa2df8;
L_0x5b10b3e9bcc0 .cmp/eq 32, L_0x5b10b3e9b890, L_0x7c1d1eaa2e88;
L_0x5b10b3e9bf80 .cmp/eq 32, L_0x5b10b3e9bec0, L_0x7c1d1eaa2f18;
L_0x5b10b3e9c290 .cmp/eq 32, L_0x5b10b3e9c1d0, L_0x7c1d1eaa2fa8;
L_0x5b10b3e9c7e0 .cmp/eq 32, L_0x5b10b3e9c720, L_0x7c1d1eaa3038;
L_0x5b10b3e9d130 .cmp/eq 32, L_0x5b10b3e9d070, L_0x7c1d1eaa30c8;
L_0x5b10b3e9d440 .cmp/eq 32, L_0x5b10b3e9d380, L_0x7c1d1eaa3158;
L_0x5b10b3e9d7d0 .cmp/eq 32, L_0x5b10b3e9d690, L_0x7c1d1eaa31e8;
L_0x5b10b3e9dae0 .cmp/eq 32, L_0x5b10b3e9da20, L_0x7c1d1eaa3278;
L_0x5b10b3e9e1c0 .cmp/eq 32, L_0x5b10b3e9dd30, L_0x7c1d1eaa3308;
L_0x5b10b3e9e460 .cmp/eq 32, L_0x5b10b3e9e3a0, L_0x7c1d1eaa3398;
L_0x5b10b3e9e770 .cmp/eq 32, L_0x5b10b3e9e6b0, L_0x7c1d1eaa3428;
L_0x5b10b3e9ee00 .cmp/eq 32, L_0x5b10b3e9ed40, L_0x7c1d1eaa34b8;
L_0x5b10b3e9f790 .cmp/eq 32, L_0x5b10b3e9f6d0, L_0x7c1d1eaa3548;
L_0x5b10b3e9faa0 .cmp/eq 32, L_0x5b10b3e9f9e0, L_0x7c1d1eaa35d8;
L_0x5b10b3e9fe60 .cmp/eq 32, L_0x5b10b3e9fcf0, L_0x7c1d1eaa3668;
L_0x5b10b3ea0170 .cmp/eq 32, L_0x5b10b3ea00b0, L_0x7c1d1eaa36f8;
L_0x5b10b3ea0480 .cmp/eq 32, L_0x5b10b3ea03c0, L_0x7c1d1eaa3788;
L_0x5b10b3ea0b30 .cmp/eq 32, L_0x5b10b3ea0a70, L_0x7c1d1eaa3818;
L_0x5b10b3ea1550 .cmp/eq 32, L_0x5b10b3ea1490, L_0x7c1d1eaa38a8;
L_0x5b10b3ea1810 .cmp/eq 32, L_0x5b10b3ea17a0, L_0x7c1d1eaa3938;
L_0x5b10b3ea1b20 .cmp/eq 32, L_0x5b10b3ea1a60, L_0x7c1d1eaa39c8;
L_0x5b10b3e8b9a0 .cmp/eq 32, L_0x5b10b3e8b8e0, L_0x7c1d1eaa3a58;
L_0x5b10b3e8e4a0 .cmp/eq 32, L_0x5b10b3e8e3e0, L_0x7c1d1eaa3ae8;
L_0x5b10b3e8e7b0 .cmp/eq 32, L_0x5b10b3e8e6f0, L_0x7c1d1eaa3b78;
L_0x5b10b3ea34c0 .cmp/eq 32, L_0x5b10b3ea3400, L_0x7c1d1eaa3c08;
L_0x5b10b3e8e8f0 .cmp/eq 32, L_0x5b10b3ea3710, L_0x7c1d1eaa3c98;
L_0x5b10b3ea4800 .cmp/eq 32, L_0x5b10b3ea5420, L_0x7c1d1eaa3d28;
L_0x5b10b3ea4b10 .cmp/eq 32, L_0x5b10b3ea4a50, L_0x7c1d1eaa3db8;
L_0x5b10b3ea4e20 .cmp/eq 32, L_0x5b10b3ea4d60, L_0x7c1d1eaa3e48;
L_0x5b10b3ea55a0 .cmp/eq 32, L_0x5b10b3ea54e0, L_0x7c1d1eaa3ed8;
L_0x5b10b3ea69a0 .cmp/eq 32, L_0x5b10b3ea5c10, L_0x7c1d1eaa3f68;
L_0x5b10b3ea6130 .cmp/eq 32, L_0x5b10b3ea6ba0, L_0x7c1d1eaa3ff8;
L_0x5b10b3ea6870 .cmp/eq 32, L_0x5b10b3ea67b0, L_0x7c1d1eaa4088;
L_0x5b10b3ea57f0 .cmp/eq 32, L_0x5b10b3ea5730, L_0x7c1d1eaa4118;
L_0x5b10b3ea6270 .cmp/eq 32, L_0x5b10b3ea5a40, L_0x7c1d1eaa41a8;
L_0x5b10b3ea6580 .cmp/eq 32, L_0x5b10b3ea64c0, L_0x7c1d1eaa4238;
L_0x5b10b3ea7280 .cmp/eq 32, L_0x5b10b3ea71c0, L_0x7c1d1eaa42c8;
L_0x5b10b3ea7590 .cmp/eq 32, L_0x5b10b3ea74d0, L_0x7c1d1eaa4358;
L_0x5b10b3ea78a0 .cmp/eq 32, L_0x5b10b3ea77e0, L_0x7c1d1eaa43e8;
L_0x5b10b3ea7bb0 .cmp/eq 32, L_0x5b10b3ea7af0, L_0x7c1d1eaa4478;
L_0x5b10b3ea6e30 .cmp/eq 32, L_0x5b10b3ea6d70, L_0x7c1d1eaa4508;
L_0x5b10b3ea8160 .cmp/eq 32, L_0x5b10b3ea6f70, L_0x7c1d1eaa4598;
L_0x5b10b3ea8400 .cmp/eq 32, L_0x5b10b3ea8340, L_0x7c1d1eaa4628;
L_0x5b10b3ea8710 .cmp/eq 32, L_0x5b10b3ea8650, L_0x7c1d1eaa46b8;
L_0x5b10b3ea7f80 .cmp/eq 32, L_0x5b10b3ea7ec0, L_0x7c1d1eaa4748;
L_0x5b10b3ea8d30 .cmp/eq 32, L_0x5b10b3ea80c0, L_0x7c1d1eaa47d8;
L_0x5b10b3ea8960 .cmp/eq 32, L_0x5b10b3ea88a0, L_0x7c1d1eaa4868;
L_0x5b10b3ea9d60 .cmp/eq 32, L_0x5b10b3ea8bb0, L_0x7c1d1eaa48f8;
L_0x5b10b3ea9100 .cmp/eq 32, L_0x5b10b3ea9040, L_0x7c1d1eaa4988;
L_0x5b10b3ea93d0 .cmp/eq 32, L_0x5b10b3ea9240, L_0x7c1d1eaa4a18;
L_0x5b10b3ea9ba0 .cmp/eq 32, L_0x5b10b3ea9ae0, L_0x7c1d1eaa4aa8;
L_0x5b10b3ea9fb0 .cmp/eq 32, L_0x5b10b3ea9ef0, L_0x7c1d1eaa4b38;
L_0x5b10b3eaa2c0 .cmp/eq 32, L_0x5b10b3eaa200, L_0x7c1d1eaa4bc8;
L_0x5b10b3eaa5d0 .cmp/eq 32, L_0x5b10b3eaa510, L_0x7c1d1eaa4c58;
L_0x5b10b3ea96e0 .cmp/eq 32, L_0x5b10b3ea9620, L_0x7c1d1eaa4ce8;
L_0x5b10b3eaac40 .cmp/eq 32, L_0x5b10b3ea9930, L_0x7c1d1eaa4d78;
L_0x5b10b3eaaf50 .cmp/eq 32, L_0x5b10b3eaae90, L_0x7c1d1eaa4e08;
L_0x5b10b3eab260 .cmp/eq 32, L_0x5b10b3eab1a0, L_0x7c1d1eaa4e98;
L_0x5b10b3eaa8e0 .cmp/eq 32, L_0x5b10b3eaa820, L_0x7c1d1eaa4f28;
L_0x5b10b3eab8a0 .cmp/eq 32, L_0x5b10b3eaab30, L_0x7c1d1eaa4fb8;
L_0x5b10b3eab460 .cmp/eq 32, L_0x5b10b3eab3a0, L_0x7c1d1eaa5048;
S_0x5b10b3bed9d0 .scope module, "u_dec1" "biriscv_decoder" 12 258, 13 27 0, S_0x5b10b3bee4e0;
 .timescale 0 0;
    .port_info 0 /INPUT 1 "valid_i";
    .port_info 1 /INPUT 1 "fetch_fault_i";
    .port_info 2 /INPUT 1 "enable_muldiv_i";
    .port_info 3 /INPUT 32 "opcode_i";
    .port_info 4 /OUTPUT 1 "invalid_o";
    .port_info 5 /OUTPUT 1 "exec_o";
    .port_info 6 /OUTPUT 1 "lsu_o";
    .port_info 7 /OUTPUT 1 "branch_o";
    .port_info 8 /OUTPUT 1 "mul_o";
    .port_info 9 /OUTPUT 1 "div_o";
    .port_info 10 /OUTPUT 1 "csr_o";
    .port_info 11 /OUTPUT 1 "rd_valid_o";
L_0x7c1d1eaa5090 .functor BUFT 1, C4<00000000000000000111000001111111>, C4<0>, C4<0>, C4<0>;
L_0x5b10b3eacab0 .functor AND 32, L_0x5b10b3e78930, L_0x7c1d1eaa5090, C4<11111111111111111111111111111111>, C4<11111111111111111111111111111111>;
L_0x7c1d1eaa5120 .functor BUFT 1, C4<00000000000000000111000001111111>, C4<0>, C4<0>, C4<0>;
L_0x5b10b3eaccb0 .functor AND 32, L_0x5b10b3e78930, L_0x7c1d1eaa5120, C4<11111111111111111111111111111111>, C4<11111111111111111111111111111111>;
L_0x5b10b3eaceb0 .functor OR 1, L_0x5b10b3eacb70, L_0x5b10b3eacd70, C4<0>, C4<0>;
L_0x7c1d1eaa51b0 .functor BUFT 1, C4<00000000000000000111000001111111>, C4<0>, C4<0>, C4<0>;
L_0x5b10b3eacfc0 .functor AND 32, L_0x5b10b3e78930, L_0x7c1d1eaa51b0, C4<11111111111111111111111111111111>, C4<11111111111111111111111111111111>;
L_0x5b10b3ead1c0 .functor OR 1, L_0x5b10b3eaceb0, L_0x5b10b3ead080, C4<0>, C4<0>;
L_0x7c1d1eaa5240 .functor BUFT 1, C4<00000000000000000111000001111111>, C4<0>, C4<0>, C4<0>;
L_0x5b10b3ead2d0 .functor AND 32, L_0x5b10b3e78930, L_0x7c1d1eaa5240, C4<11111111111111111111111111111111>, C4<11111111111111111111111111111111>;
L_0x5b10b3ead4d0 .functor OR 1, L_0x5b10b3ead1c0, L_0x5b10b3ead390, C4<0>, C4<0>;
L_0x7c1d1eaa52d0 .functor BUFT 1, C4<00000000000000000111000001111111>, C4<0>, C4<0>, C4<0>;
L_0x5b10b3ead5e0 .functor AND 32, L_0x5b10b3e78930, L_0x7c1d1eaa52d0, C4<11111111111111111111111111111111>, C4<11111111111111111111111111111111>;
L_0x5b10b3ead830 .functor OR 1, L_0x5b10b3ead4d0, L_0x5b10b3ead6f0, C4<0>, C4<0>;
L_0x7c1d1eaa5360 .functor BUFT 1, C4<00000000000000000111000001111111>, C4<0>, C4<0>, C4<0>;
L_0x5b10b3ead940 .functor AND 32, L_0x5b10b3e78930, L_0x7c1d1eaa5360, C4<11111111111111111111111111111111>, C4<11111111111111111111111111111111>;
L_0x5b10b3eadb50 .functor OR 1, L_0x5b10b3ead830, L_0x5b10b3eada60, C4<0>, C4<0>;
L_0x7c1d1eaa53f0 .functor BUFT 1, C4<11111100000000000111000001111111>, C4<0>, C4<0>, C4<0>;
L_0x5b10b3eadc60 .functor AND 32, L_0x5b10b3e78930, L_0x7c1d1eaa53f0, C4<11111111111111111111111111111111>, C4<11111111111111111111111111111111>;
L_0x5b10b3eaded0 .functor OR 1, L_0x5b10b3eadb50, L_0x5b10b3eadd90, C4<0>, C4<0>;
L_0x7c1d1eaa5480 .functor BUFT 1, C4<11111100000000000111000001111111>, C4<0>, C4<0>, C4<0>;
L_0x5b10b3eadfe0 .functor AND 32, L_0x5b10b3e78930, L_0x7c1d1eaa5480, C4<11111111111111111111111111111111>, C4<11111111111111111111111111111111>;
L_0x5b10b3eadd20 .functor OR 1, L_0x5b10b3eaded0, L_0x5b10b3eae120, C4<0>, C4<0>;
L_0x7c1d1eaa5510 .functor BUFT 1, C4<11111100000000000111000001111111>, C4<0>, C4<0>, C4<0>;
L_0x5b10b3eae350 .functor AND 32, L_0x5b10b3e78930, L_0x7c1d1eaa5510, C4<11111111111111111111111111111111>, C4<11111111111111111111111111111111>;
L_0x5b10b3eae5e0 .functor OR 1, L_0x5b10b3eadd20, L_0x5b10b3eae4a0, C4<0>, C4<0>;
L_0x7c1d1eaa55a0 .functor BUFT 1, C4<00000000000000000000000001111111>, C4<0>, C4<0>, C4<0>;
L_0x5b10b3eae6f0 .functor AND 32, L_0x5b10b3e78930, L_0x7c1d1eaa55a0, C4<11111111111111111111111111111111>, C4<11111111111111111111111111111111>;
L_0x5b10b3eae990 .functor OR 1, L_0x5b10b3eae5e0, L_0x5b10b3eae850, C4<0>, C4<0>;
L_0x7c1d1eaa5630 .functor BUFT 1, C4<00000000000000000000000001111111>, C4<0>, C4<0>, C4<0>;
L_0x5b10b3eaea50 .functor AND 32, L_0x5b10b3e78930, L_0x7c1d1eaa5630, C4<11111111111111111111111111111111>, C4<11111111111111111111111111111111>;
L_0x5b10b3eaec60 .functor OR 1, L_0x5b10b3eae990, L_0x5b10b3eae7b0, C4<0>, C4<0>;
L_0x7c1d1eaa56c0 .functor BUFT 1, C4<11111110000000000111000001111111>, C4<0>, C4<0>, C4<0>;
L_0x5b10b3eaed70 .functor AND 32, L_0x5b10b3e78930, L_0x7c1d1eaa56c0, C4<11111111111111111111111111111111>, C4<11111111111111111111111111111111>;
L_0x5b10b3eaf0a0 .functor OR 1, L_0x5b10b3eaec60, L_0x5b10b3eaeef0, C4<0>, C4<0>;
L_0x7c1d1eaa5750 .functor BUFT 1, C4<11111110000000000111000001111111>, C4<0>, C4<0>, C4<0>;
L_0x5b10b3eaf1b0 .functor AND 32, L_0x5b10b3e78930, L_0x7c1d1eaa5750, C4<11111111111111111111111111111111>, C4<11111111111111111111111111111111>;
L_0x5b10b3eaf480 .functor OR 1, L_0x5b10b3eaf0a0, L_0x5b10b3eaf340, C4<0>, C4<0>;
L_0x7c1d1eaa57e0 .functor BUFT 1, C4<11111110000000000111000001111111>, C4<0>, C4<0>, C4<0>;
L_0x5b10b3eaf590 .functor AND 32, L_0x5b10b3e78930, L_0x7c1d1eaa57e0, C4<11111111111111111111111111111111>, C4<11111111111111111111111111111111>;
L_0x5b10b3eaf030 .functor OR 1, L_0x5b10b3eaf480, L_0x5b10b3eaf730, C4<0>, C4<0>;
L_0x7c1d1eaa5870 .functor BUFT 1, C4<11111110000000000111000001111111>, C4<0>, C4<0>, C4<0>;
L_0x5b10b3eaf990 .functor AND 32, L_0x5b10b3e78930, L_0x7c1d1eaa5870, C4<11111111111111111111111111111111>, C4<11111111111111111111111111111111>;
L_0x5b10b3eafc80 .functor OR 1, L_0x5b10b3eaf030, L_0x5b10b3eafb40, C4<0>, C4<0>;
L_0x7c1d1eaa5900 .functor BUFT 1, C4<11111110000000000111000001111111>, C4<0>, C4<0>, C4<0>;
L_0x5b10b3eafd90 .functor AND 32, L_0x5b10b3e78930, L_0x7c1d1eaa5900, C4<11111111111111111111111111111111>, C4<11111111111111111111111111111111>;
L_0x5b10b3eb0120 .functor OR 1, L_0x5b10b3eafc80, L_0x5b10b3eaff50, C4<0>, C4<0>;
L_0x7c1d1eaa5990 .functor BUFT 1, C4<11111110000000000111000001111111>, C4<0>, C4<0>, C4<0>;
L_0x5b10b3eb0230 .functor AND 32, L_0x5b10b3e78930, L_0x7c1d1eaa5990, C4<11111111111111111111111111111111>, C4<11111111111111111111111111111111>;
L_0x5b10b3eb0540 .functor OR 1, L_0x5b10b3eb0120, L_0x5b10b3eb0400, C4<0>, C4<0>;
L_0x7c1d1eaa5a20 .functor BUFT 1, C4<11111110000000000111000001111111>, C4<0>, C4<0>, C4<0>;
L_0x5b10b3eb0650 .functor AND 32, L_0x5b10b3e78930, L_0x7c1d1eaa5a20, C4<11111111111111111111111111111111>, C4<11111111111111111111111111111111>;
L_0x5b10b3eb0a10 .functor OR 1, L_0x5b10b3eb0540, L_0x5b10b3eb0830, C4<0>, C4<0>;
L_0x7c1d1eaa5ab0 .functor BUFT 1, C4<11111110000000000111000001111111>, C4<0>, C4<0>, C4<0>;
L_0x5b10b3eb0b20 .functor AND 32, L_0x5b10b3e78930, L_0x7c1d1eaa5ab0, C4<11111111111111111111111111111111>, C4<11111111111111111111111111111111>;
L_0x5b10b3eb0d60 .functor OR 1, L_0x5b10b3eb0a10, L_0x5b10b3eb0710, C4<0>, C4<0>;
L_0x7c1d1eaa5b40 .functor BUFT 1, C4<11111110000000000111000001111111>, C4<0>, C4<0>, C4<0>;
L_0x5b10b3eb0e70 .functor AND 32, L_0x5b10b3e78930, L_0x7c1d1eaa5b40, C4<11111111111111111111111111111111>, C4<11111111111111111111111111111111>;
L_0x5b10b3eb1260 .functor OR 1, L_0x5b10b3eb0d60, L_0x5b10b3eb1070, C4<0>, C4<0>;
L_0x7c1d1eaa5bd0 .functor BUFT 1, C4<11111110000000000111000001111111>, C4<0>, C4<0>, C4<0>;
L_0x5b10b3eb1370 .functor AND 32, L_0x5b10b3e78930, L_0x7c1d1eaa5bd0, C4<11111111111111111111111111111111>, C4<11111111111111111111111111111111>;
L_0x5b10b3eb1620 .functor OR 1, L_0x5b10b3eb1260, L_0x5b10b3eb0970, C4<0>, C4<0>;
L_0x7c1d1eaa5c60 .functor BUFT 1, C4<00000000000000000000000001111111>, C4<0>, C4<0>, C4<0>;
L_0x5b10b3eb1730 .functor AND 32, L_0x5b10b3e78930, L_0x7c1d1eaa5c60, C4<11111111111111111111111111111111>, C4<11111111111111111111111111111111>;
L_0x5b10b3eb1b50 .functor OR 1, L_0x5b10b3eb1620, L_0x5b10b3eb1950, C4<0>, C4<0>;
L_0x7c1d1eaa5cf0 .functor BUFT 1, C4<00000000000000000111000001111111>, C4<0>, C4<0>, C4<0>;
L_0x5b10b3eb1c60 .functor AND 32, L_0x5b10b3e78930, L_0x7c1d1eaa5cf0, C4<11111111111111111111111111111111>, C4<11111111111111111111111111111111>;
L_0x5b10b3eb1fd0 .functor OR 1, L_0x5b10b3eb1b50, L_0x5b10b3eb1e90, C4<0>, C4<0>;
L_0x7c1d1eaa5d80 .functor BUFT 1, C4<00000000000000000111000001111111>, C4<0>, C4<0>, C4<0>;
L_0x5b10b3eb20e0 .functor AND 32, L_0x5b10b3e78930, L_0x7c1d1eaa5d80, C4<11111111111111111111111111111111>, C4<11111111111111111111111111111111>;
L_0x5b10b3eb2530 .functor OR 1, L_0x5b10b3eb1fd0, L_0x5b10b3eb2320, C4<0>, C4<0>;
L_0x7c1d1eaa5e10 .functor BUFT 1, C4<00000000000000000111000001111111>, C4<0>, C4<0>, C4<0>;
L_0x5b10b3eb2640 .functor AND 32, L_0x5b10b3e78930, L_0x7c1d1eaa5e10, C4<11111111111111111111111111111111>, C4<11111111111111111111111111111111>;
L_0x5b10b3eb29d0 .functor OR 1, L_0x5b10b3eb2530, L_0x5b10b3eb2890, C4<0>, C4<0>;
L_0x7c1d1eaa5ea0 .functor BUFT 1, C4<00000000000000000111000001111111>, C4<0>, C4<0>, C4<0>;
L_0x5b10b3eb2ae0 .functor AND 32, L_0x5b10b3e78930, L_0x7c1d1eaa5ea0, C4<11111111111111111111111111111111>, C4<11111111111111111111111111111111>;
L_0x5b10b3eb2f60 .functor OR 1, L_0x5b10b3eb29d0, L_0x5b10b3eb2d40, C4<0>, C4<0>;
L_0x7c1d1eaa5f30 .functor BUFT 1, C4<00000000000000000111000001111111>, C4<0>, C4<0>, C4<0>;
L_0x5b10b3eb3070 .functor AND 32, L_0x5b10b3e78930, L_0x7c1d1eaa5f30, C4<11111111111111111111111111111111>, C4<11111111111111111111111111111111>;
L_0x5b10b3eb3420 .functor OR 1, L_0x5b10b3eb2f60, L_0x5b10b3eb32e0, C4<0>, C4<0>;
L_0x7c1d1eaa5fc0 .functor BUFT 1, C4<00000000000000000111000001111111>, C4<0>, C4<0>, C4<0>;
L_0x5b10b3eb3530 .functor AND 32, L_0x5b10b3e78930, L_0x7c1d1eaa5fc0, C4<11111111111111111111111111111111>, C4<11111111111111111111111111111111>;
L_0x5b10b3eb39e0 .functor OR 1, L_0x5b10b3eb3420, L_0x5b10b3eb37b0, C4<0>, C4<0>;
L_0x7c1d1eaa6050 .functor BUFT 1, C4<00000000000000000111000001111111>, C4<0>, C4<0>, C4<0>;
L_0x5b10b3eb3af0 .functor AND 32, L_0x5b10b3e78930, L_0x7c1d1eaa6050, C4<11111111111111111111111111111111>, C4<11111111111111111111111111111111>;
L_0x5b10b3eb3ec0 .functor OR 1, L_0x5b10b3eb39e0, L_0x5b10b3eb3d80, C4<0>, C4<0>;
L_0x7c1d1eaa60e0 .functor BUFT 1, C4<00000000000000000111000001111111>, C4<0>, C4<0>, C4<0>;
L_0x5b10b3eb3fd0 .functor AND 32, L_0x5b10b3e78930, L_0x7c1d1eaa60e0, C4<11111111111111111111111111111111>, C4<11111111111111111111111111111111>;
L_0x5b10b3eb44b0 .functor OR 1, L_0x5b10b3eb3ec0, L_0x5b10b3eb4270, C4<0>, C4<0>;
L_0x7c1d1eaa6170 .functor BUFT 1, C4<00000000000000000111000001111111>, C4<0>, C4<0>, C4<0>;
L_0x5b10b3eb45c0 .functor AND 32, L_0x5b10b3e78930, L_0x7c1d1eaa6170, C4<11111111111111111111111111111111>, C4<11111111111111111111111111111111>;
L_0x5b10b3eb49b0 .functor OR 1, L_0x5b10b3eb44b0, L_0x5b10b3eb4870, C4<0>, C4<0>;
L_0x7c1d1eaa6200 .functor BUFT 1, C4<00000000000000000111000001111111>, C4<0>, C4<0>, C4<0>;
L_0x5b10b3eb4ac0 .functor AND 32, L_0x5b10b3e78930, L_0x7c1d1eaa6200, C4<11111111111111111111111111111111>, C4<11111111111111111111111111111111>;
L_0x5b10b3eb4fd0 .functor OR 1, L_0x5b10b3eb49b0, L_0x5b10b3eb4d80, C4<0>, C4<0>;
L_0x7c1d1eaa6290 .functor BUFT 1, C4<00000000000000000111000001111111>, C4<0>, C4<0>, C4<0>;
L_0x5b10b3eb50e0 .functor AND 32, L_0x5b10b3e78930, L_0x7c1d1eaa6290, C4<11111111111111111111111111111111>, C4<11111111111111111111111111111111>;
L_0x5b10b3eb54f0 .functor OR 1, L_0x5b10b3eb4fd0, L_0x5b10b3eb53b0, C4<0>, C4<0>;
L_0x7c1d1eaa6320 .functor BUFT 1, C4<00000000000000000111000001111111>, C4<0>, C4<0>, C4<0>;
L_0x5b10b3eb5600 .functor AND 32, L_0x5b10b3e78930, L_0x7c1d1eaa6320, C4<11111111111111111111111111111111>, C4<11111111111111111111111111111111>;
L_0x5b10b3eb5b40 .functor OR 1, L_0x5b10b3eb54f0, L_0x5b10b3eb58e0, C4<0>, C4<0>;
L_0x7c1d1eaa63b0 .functor BUFT 1, C4<00000000000000000111000001111111>, C4<0>, C4<0>, C4<0>;
L_0x5b10b3eb5c50 .functor AND 32, L_0x5b10b3e78930, L_0x7c1d1eaa63b0, C4<11111111111111111111111111111111>, C4<11111111111111111111111111111111>;
L_0x5b10b3eb6080 .functor OR 1, L_0x5b10b3eb5b40, L_0x5b10b3eb5f40, C4<0>, C4<0>;
L_0x7c1d1eaa6440 .functor BUFT 1, C4<00000000000000000111000001111111>, C4<0>, C4<0>, C4<0>;
L_0x5b10b3eb6190 .functor AND 32, L_0x5b10b3e78930, L_0x7c1d1eaa6440, C4<11111111111111111111111111111111>, C4<11111111111111111111111111111111>;
L_0x5b10b3eb5a20 .functor OR 1, L_0x5b10b3eb6080, L_0x5b10b3eb6490, C4<0>, C4<0>;
L_0x7c1d1eaa64d0 .functor BUFT 1, C4<00000000000000000111000001111111>, C4<0>, C4<0>, C4<0>;
L_0x5b10b3eb6700 .functor AND 32, L_0x5b10b3e78930, L_0x7c1d1eaa64d0, C4<11111111111111111111111111111111>, C4<11111111111111111111111111111111>;
L_0x5b10b3eb6b50 .functor OR 1, L_0x5b10b3eb5a20, L_0x5b10b3eb6a10, C4<0>, C4<0>;
L_0x7c1d1eaa6560 .functor BUFT 1, C4<00000000000000000111000001111111>, C4<0>, C4<0>, C4<0>;
L_0x5b10b3eb6c60 .functor AND 32, L_0x5b10b3e78930, L_0x7c1d1eaa6560, C4<11111111111111111111111111111111>, C4<11111111111111111111111111111111>;
L_0x5b10b3eb7200 .functor OR 1, L_0x5b10b3eb6b50, L_0x5b10b3eb6f80, C4<0>, C4<0>;
L_0x7c1d1eaa65f0 .functor BUFT 1, C4<11111111111111111111111111111111>, C4<0>, C4<0>, C4<0>;
L_0x5b10b3eb7310 .functor AND 32, L_0x5b10b3e78930, L_0x7c1d1eaa65f0, C4<11111111111111111111111111111111>, C4<11111111111111111111111111111111>;
L_0x5b10b3eb7780 .functor OR 1, L_0x5b10b3eb7200, L_0x5b10b3eb7640, C4<0>, C4<0>;
L_0x7c1d1eaa6680 .functor BUFT 1, C4<11111111111111111111111111111111>, C4<0>, C4<0>, C4<0>;
L_0x5b10b3eb7890 .functor AND 32, L_0x5b10b3e78930, L_0x7c1d1eaa6680, C4<11111111111111111111111111111111>, C4<11111111111111111111111111111111>;
L_0x5b10b3eb7e60 .functor OR 1, L_0x5b10b3eb7780, L_0x5b10b3eb7bd0, C4<0>, C4<0>;
L_0x7c1d1eaa6710 .functor BUFT 1, C4<11001111111111111111111111111111>, C4<0>, C4<0>, C4<0>;
L_0x5b10b3eb7f70 .functor AND 32, L_0x5b10b3e78930, L_0x7c1d1eaa6710, C4<11111111111111111111111111111111>, C4<11111111111111111111111111111111>;
L_0x5b10b3eb8360 .functor OR 1, L_0x5b10b3eb7e60, L_0x5b10b3eb8270, C4<0>, C4<0>;
L_0x7c1d1eaa67a0 .functor BUFT 1, C4<00000000000000000111000001111111>, C4<0>, C4<0>, C4<0>;
L_0x5b10b3eb8470 .functor AND 32, L_0x5b10b3e78930, L_0x7c1d1eaa67a0, C4<11111111111111111111111111111111>, C4<11111111111111111111111111111111>;
L_0x5b10b3eb8a70 .functor OR 1, L_0x5b10b3eb8360, L_0x5b10b3eb87d0, C4<0>, C4<0>;
L_0x7c1d1eaa6830 .functor BUFT 1, C4<00000000000000000111000001111111>, C4<0>, C4<0>, C4<0>;
L_0x5b10b3eb8b80 .functor AND 32, L_0x5b10b3e78930, L_0x7c1d1eaa6830, C4<11111111111111111111111111111111>, C4<11111111111111111111111111111111>;
L_0x5b10b3eb9030 .functor OR 1, L_0x5b10b3eb8a70, L_0x5b10b3eb8ef0, C4<0>, C4<0>;
L_0x7c1d1eaa68c0 .functor BUFT 1, C4<00000000000000000111000001111111>, C4<0>, C4<0>, C4<0>;
L_0x5b10b3eb9140 .functor AND 32, L_0x5b10b3e78930, L_0x7c1d1eaa68c0, C4<11111111111111111111111111111111>, C4<11111111111111111111111111111111>;
L_0x5b10b3eb9770 .functor OR 1, L_0x5b10b3eb9030, L_0x5b10b3eb94c0, C4<0>, C4<0>;
L_0x7c1d1eaa6950 .functor BUFT 1, C4<00000000000000000111000001111111>, C4<0>, C4<0>, C4<0>;
L_0x5b10b3eb9880 .functor AND 32, L_0x5b10b3e78930, L_0x7c1d1eaa6950, C4<11111111111111111111111111111111>, C4<11111111111111111111111111111111>;
L_0x5b10b3eb9d50 .functor OR 1, L_0x5b10b3eb9770, L_0x5b10b3eb9c10, C4<0>, C4<0>;
L_0x7c1d1eaa69e0 .functor BUFT 1, C4<00000000000000000111000001111111>, C4<0>, C4<0>, C4<0>;
L_0x5b10b3eb9e60 .functor AND 32, L_0x5b10b3e78930, L_0x7c1d1eaa69e0, C4<11111111111111111111111111111111>, C4<11111111111111111111111111111111>;
L_0x5b10b3eba4c0 .functor OR 1, L_0x5b10b3eb9d50, L_0x5b10b3eba200, C4<0>, C4<0>;
L_0x7c1d1eaa6a70 .functor BUFT 1, C4<00000000000000000111000001111111>, C4<0>, C4<0>, C4<0>;
L_0x5b10b3eba5d0 .functor AND 32, L_0x5b10b3e78930, L_0x7c1d1eaa6a70, C4<11111111111111111111111111111111>, C4<11111111111111111111111111111111>;
L_0x5b10b3ebaac0 .functor OR 1, L_0x5b10b3eba4c0, L_0x5b10b3eba980, C4<0>, C4<0>;
L_0x7c1d1eaa6b00 .functor BUFT 1, C4<11111111111111111000111111111111>, C4<0>, C4<0>, C4<0>;
L_0x5b10b3ebabd0 .functor AND 32, L_0x5b10b3e78930, L_0x7c1d1eaa6b00, C4<11111111111111111111111111111111>, C4<11111111111111111111111111111111>;
L_0x5b10b3ebb260 .functor OR 1, L_0x5b10b3ebaac0, L_0x5b10b3ebaf90, C4<0>, C4<0>;
L_0x7c1d1eaa6b90 .functor BUFT 1, C4<00000000000000000111000001111111>, C4<0>, C4<0>, C4<0>;
L_0x5b10b3ebb370 .functor AND 32, L_0x5b10b3e78930, L_0x7c1d1eaa6b90, C4<11111111111111111111111111111111>, C4<11111111111111111111111111111111>;
L_0x5b10b3ebb880 .functor OR 1, L_0x5b10b3ebb260, L_0x5b10b3ebb740, C4<0>, C4<0>;
L_0x7c1d1eaa6c20 .functor BUFT 1, C4<00000000000000000111000001111111>, C4<0>, C4<0>, C4<0>;
L_0x5b10b3ebb990 .functor AND 32, L_0x5b10b3e78930, L_0x7c1d1eaa6c20, C4<11111111111111111111111111111111>, C4<11111111111111111111111111111111>;
L_0x5b10b3ebc050 .functor OR 1, L_0x5b10b3ebb880, L_0x5b10b3ebbd70, C4<0>, C4<0>;
L_0x7c1d1eaa6cb0 .functor BUFT 1, C4<11111110000000000111111111111111>, C4<0>, C4<0>, C4<0>;
L_0x5b10b3ebc160 .functor AND 32, L_0x5b10b3e78930, L_0x7c1d1eaa6cb0, C4<11111111111111111111111111111111>, C4<11111111111111111111111111111111>;
L_0x5b10b3ebc690 .functor OR 1, L_0x5b10b3ebc050, L_0x5b10b3ebc550, C4<0>, C4<0>;
L_0x7c1d1eaa6d40 .functor BUFT 1, C4<11111110000000000111000001111111>, C4<0>, C4<0>, C4<0>;
L_0x5b10b3ebc7a0 .functor AND 32, L_0x5b10b3e78930, L_0x7c1d1eaa6d40, C4<11111111111111111111111111111111>, C4<11111111111111111111111111111111>;
L_0x5b10b3ebce90 .functor AND 1, L_0x7c1d1eaaab20, L_0x5b10b3ebcba0, C4<1>, C4<1>;
L_0x5b10b3ebcf50 .functor OR 1, L_0x5b10b3ebc690, L_0x5b10b3ebce90, C4<0>, C4<0>;
L_0x7c1d1eaa6dd0 .functor BUFT 1, C4<11111110000000000111000001111111>, C4<0>, C4<0>, C4<0>;
L_0x5b10b3ebd3b0 .functor AND 32, L_0x5b10b3e78930, L_0x7c1d1eaa6dd0, C4<11111111111111111111111111111111>, C4<11111111111111111111111111111111>;
L_0x5b10b3ebd5b0 .functor AND 1, L_0x7c1d1eaaab20, L_0x5b10b3ebd470, C4<1>, C4<1>;
L_0x5b10b3ebd9d0 .functor OR 1, L_0x5b10b3ebcf50, L_0x5b10b3ebd5b0, C4<0>, C4<0>;
L_0x7c1d1eaa6e60 .functor BUFT 1, C4<11111110000000000111000001111111>, C4<0>, C4<0>, C4<0>;
L_0x5b10b3ebdae0 .functor AND 32, L_0x5b10b3e78930, L_0x7c1d1eaa6e60, C4<11111111111111111111111111111111>, C4<11111111111111111111111111111111>;
L_0x5b10b3ebe210 .functor AND 1, L_0x7c1d1eaaab20, L_0x5b10b3ebdf10, C4<1>, C4<1>;
L_0x5b10b3ebe2d0 .functor OR 1, L_0x5b10b3ebd9d0, L_0x5b10b3ebe210, C4<0>, C4<0>;
L_0x7c1d1eaa6ef0 .functor BUFT 1, C4<11111110000000000111000001111111>, C4<0>, C4<0>, C4<0>;
L_0x5b10b3ebe760 .functor AND 32, L_0x5b10b3e78930, L_0x7c1d1eaa6ef0, C4<11111111111111111111111111111111>, C4<11111111111111111111111111111111>;
L_0x5b10b3ebe960 .functor AND 1, L_0x7c1d1eaaab20, L_0x5b10b3ebe820, C4<1>, C4<1>;
L_0x5b10b3ebedb0 .functor OR 1, L_0x5b10b3ebe2d0, L_0x5b10b3ebe960, C4<0>, C4<0>;
L_0x7c1d1eaa6f80 .functor BUFT 1, C4<11111110000000000111000001111111>, C4<0>, C4<0>, C4<0>;
L_0x5b10b3ebeec0 .functor AND 32, L_0x5b10b3e78930, L_0x7c1d1eaa6f80, C4<11111111111111111111111111111111>, C4<11111111111111111111111111111111>;
L_0x5b10b3ebf630 .functor AND 1, L_0x7c1d1eaaab20, L_0x5b10b3ebf320, C4<1>, C4<1>;
L_0x5b10b3ebf6f0 .functor OR 1, L_0x5b10b3ebedb0, L_0x5b10b3ebf630, C4<0>, C4<0>;
L_0x7c1d1eaa7010 .functor BUFT 1, C4<11111110000000000111000001111111>, C4<0>, C4<0>, C4<0>;
L_0x5b10b3ebfbb0 .functor AND 32, L_0x5b10b3e78930, L_0x7c1d1eaa7010, C4<11111111111111111111111111111111>, C4<11111111111111111111111111111111>;
L_0x5b10b3ebfdb0 .functor AND 1, L_0x7c1d1eaaab20, L_0x5b10b3ebfc70, C4<1>, C4<1>;
L_0x5b10b3ec0230 .functor OR 1, L_0x5b10b3ebf6f0, L_0x5b10b3ebfdb0, C4<0>, C4<0>;
L_0x7c1d1eaa70a0 .functor BUFT 1, C4<11111110000000000111000001111111>, C4<0>, C4<0>, C4<0>;
L_0x5b10b3ec0340 .functor AND 32, L_0x5b10b3e78930, L_0x7c1d1eaa70a0, C4<11111111111111111111111111111111>, C4<11111111111111111111111111111111>;
L_0x5b10b3ec1300 .functor AND 1, L_0x7c1d1eaaab20, L_0x5b10b3ec0fe0, C4<1>, C4<1>;
L_0x5b10b3ec13c0 .functor OR 1, L_0x5b10b3ec0230, L_0x5b10b3ec1300, C4<0>, C4<0>;
L_0x7c1d1eaa7130 .functor BUFT 1, C4<11111110000000000111000001111111>, C4<0>, C4<0>, C4<0>;
L_0x5b10b3ec18b0 .functor AND 32, L_0x5b10b3e78930, L_0x7c1d1eaa7130, C4<11111111111111111111111111111111>, C4<11111111111111111111111111111111>;
L_0x5b10b3ec1ab0 .functor AND 1, L_0x7c1d1eaaab20, L_0x5b10b3ec1970, C4<1>, C4<1>;
L_0x5b10b3ec1f60 .functor OR 1, L_0x5b10b3ec13c0, L_0x5b10b3ec1ab0, C4<0>, C4<0>;
L_0x5b10b3ec2070 .functor NOT 1, L_0x5b10b3ec1f60, C4<0>, C4<0>, C4<0>;
L_0x5b10b3ec2530 .functor AND 1, L_0x5b10b3e773e0, L_0x5b10b3ec2070, C4<1>, C4<1>;
L_0x5b10b3ec25a0 .functor BUFZ 1, L_0x5b10b3ec2530, C4<0>, C4<0>, C4<0>;
L_0x7c1d1eaa71c0 .functor BUFT 1, C4<00000000000000000111000001111111>, C4<0>, C4<0>, C4<0>;
L_0x5b10b3ec2a70 .functor AND 32, L_0x5b10b3e78930, L_0x7c1d1eaa71c0, C4<11111111111111111111111111111111>, C4<11111111111111111111111111111111>;
L_0x7c1d1eaa7250 .functor BUFT 1, C4<00000000000000000000000001111111>, C4<0>, C4<0>, C4<0>;
L_0x5b10b3ec2e60 .functor AND 32, L_0x5b10b3e78930, L_0x7c1d1eaa7250, C4<11111111111111111111111111111111>, C4<11111111111111111111111111111111>;
L_0x5b10b3ec3480 .functor OR 1, L_0x5b10b3ec2b30, L_0x5b10b3ec3340, C4<0>, C4<0>;
L_0x7c1d1eaa72e0 .functor BUFT 1, C4<00000000000000000000000001111111>, C4<0>, C4<0>, C4<0>;
L_0x5b10b3ec3590 .functor AND 32, L_0x5b10b3e78930, L_0x7c1d1eaa72e0, C4<11111111111111111111111111111111>, C4<11111111111111111111111111111111>;
L_0x5b10b3ec3260 .functor OR 1, L_0x5b10b3ec3480, L_0x5b10b3ec2f20, C4<0>, C4<0>;
L_0x7c1d1eaa7370 .functor BUFT 1, C4<00000000000000000000000001111111>, C4<0>, C4<0>, C4<0>;
L_0x5b10b3ec3ad0 .functor AND 32, L_0x5b10b3e78930, L_0x7c1d1eaa7370, C4<11111111111111111111111111111111>, C4<11111111111111111111111111111111>;
L_0x5b10b3ec3790 .functor OR 1, L_0x5b10b3ec3260, L_0x5b10b3ec3650, C4<0>, C4<0>;
L_0x7c1d1eaa7400 .functor BUFT 1, C4<00000000000000000111000001111111>, C4<0>, C4<0>, C4<0>;
L_0x5b10b3ec38a0 .functor AND 32, L_0x5b10b3e78930, L_0x7c1d1eaa7400, C4<11111111111111111111111111111111>, C4<11111111111111111111111111111111>;
L_0x5b10b3ec4240 .functor OR 1, L_0x5b10b3ec3790, L_0x5b10b3ec3960, C4<0>, C4<0>;
L_0x7c1d1eaa7490 .functor BUFT 1, C4<11111100000000000111000001111111>, C4<0>, C4<0>, C4<0>;
L_0x5b10b3ec4350 .functor AND 32, L_0x5b10b3e78930, L_0x7c1d1eaa7490, C4<11111111111111111111111111111111>, C4<11111111111111111111111111111111>;
L_0x5b10b3ec3cd0 .functor OR 1, L_0x5b10b3ec4240, L_0x5b10b3ec3b90, C4<0>, C4<0>;
L_0x7c1d1eaa7520 .functor BUFT 1, C4<00000000000000000111000001111111>, C4<0>, C4<0>, C4<0>;
L_0x5b10b3ec3de0 .functor AND 32, L_0x5b10b3e78930, L_0x7c1d1eaa7520, C4<11111111111111111111111111111111>, C4<11111111111111111111111111111111>;
L_0x5b10b3ec4aa0 .functor OR 1, L_0x5b10b3ec3cd0, L_0x5b10b3ec3ea0, C4<0>, C4<0>;
L_0x7c1d1eaa75b0 .functor BUFT 1, C4<00000000000000000111000001111111>, C4<0>, C4<0>, C4<0>;
L_0x5b10b3ec4bb0 .functor AND 32, L_0x5b10b3e78930, L_0x7c1d1eaa75b0, C4<11111111111111111111111111111111>, C4<11111111111111111111111111111111>;
L_0x5b10b3ec4550 .functor OR 1, L_0x5b10b3ec4aa0, L_0x5b10b3ec4410, C4<0>, C4<0>;
L_0x7c1d1eaa7640 .functor BUFT 1, C4<00000000000000000111000001111111>, C4<0>, C4<0>, C4<0>;
L_0x5b10b3ec4660 .functor AND 32, L_0x5b10b3e78930, L_0x7c1d1eaa7640, C4<11111111111111111111111111111111>, C4<11111111111111111111111111111111>;
L_0x5b10b3ec5330 .functor OR 1, L_0x5b10b3ec4550, L_0x5b10b3ec4720, C4<0>, C4<0>;
L_0x7c1d1eaa76d0 .functor BUFT 1, C4<11111100000000000111000001111111>, C4<0>, C4<0>, C4<0>;
L_0x5b10b3ec5440 .functor AND 32, L_0x5b10b3e78930, L_0x7c1d1eaa76d0, C4<11111111111111111111111111111111>, C4<11111111111111111111111111111111>;
L_0x5b10b3ec4db0 .functor OR 1, L_0x5b10b3ec5330, L_0x5b10b3ec4c70, C4<0>, C4<0>;
L_0x7c1d1eaa7760 .functor BUFT 1, C4<11111100000000000111000001111111>, C4<0>, C4<0>, C4<0>;
L_0x5b10b3ec4ec0 .functor AND 32, L_0x5b10b3e78930, L_0x7c1d1eaa7760, C4<11111111111111111111111111111111>, C4<11111111111111111111111111111111>;
L_0x5b10b3ec5bf0 .functor OR 1, L_0x5b10b3ec4db0, L_0x5b10b3ec4f80, C4<0>, C4<0>;
L_0x7c1d1eaa77f0 .functor BUFT 1, C4<00000000000000000111000001111111>, C4<0>, C4<0>, C4<0>;
L_0x5b10b3ec5d00 .functor AND 32, L_0x5b10b3e78930, L_0x7c1d1eaa77f0, C4<11111111111111111111111111111111>, C4<11111111111111111111111111111111>;
L_0x5b10b3ec5640 .functor OR 1, L_0x5b10b3ec5bf0, L_0x5b10b3ec5500, C4<0>, C4<0>;
L_0x7c1d1eaa7880 .functor BUFT 1, C4<00000000000000000111000001111111>, C4<0>, C4<0>, C4<0>;
L_0x5b10b3ec5750 .functor AND 32, L_0x5b10b3e78930, L_0x7c1d1eaa7880, C4<11111111111111111111111111111111>, C4<11111111111111111111111111111111>;
L_0x5b10b3ec64e0 .functor OR 1, L_0x5b10b3ec5640, L_0x5b10b3ec5810, C4<0>, C4<0>;
L_0x7c1d1eaa7910 .functor BUFT 1, C4<11111110000000000111000001111111>, C4<0>, C4<0>, C4<0>;
L_0x5b10b3ec65a0 .functor AND 32, L_0x5b10b3e78930, L_0x7c1d1eaa7910, C4<11111111111111111111111111111111>, C4<11111111111111111111111111111111>;
L_0x5b10b3ec5f00 .functor OR 1, L_0x5b10b3ec64e0, L_0x5b10b3ec5dc0, C4<0>, C4<0>;
L_0x7c1d1eaa79a0 .functor BUFT 1, C4<11111110000000000111000001111111>, C4<0>, C4<0>, C4<0>;
L_0x5b10b3ec6010 .functor AND 32, L_0x5b10b3e78930, L_0x7c1d1eaa79a0, C4<11111111111111111111111111111111>, C4<11111111111111111111111111111111>;
L_0x5b10b3ec6210 .functor OR 1, L_0x5b10b3ec5f00, L_0x5b10b3ec60d0, C4<0>, C4<0>;
L_0x7c1d1eaa7a30 .functor BUFT 1, C4<11111110000000000111000001111111>, C4<0>, C4<0>, C4<0>;
L_0x5b10b3ec6e50 .functor AND 32, L_0x5b10b3e78930, L_0x7c1d1eaa7a30, C4<11111111111111111111111111111111>, C4<11111111111111111111111111111111>;
L_0x5b10b3ec67a0 .functor OR 1, L_0x5b10b3ec6210, L_0x5b10b3ec6660, C4<0>, C4<0>;
L_0x7c1d1eaa7ac0 .functor BUFT 1, C4<11111110000000000111000001111111>, C4<0>, C4<0>, C4<0>;
L_0x5b10b3ec68b0 .functor AND 32, L_0x5b10b3e78930, L_0x7c1d1eaa7ac0, C4<11111111111111111111111111111111>, C4<11111111111111111111111111111111>;
L_0x5b10b3ec6ab0 .functor OR 1, L_0x5b10b3ec67a0, L_0x5b10b3ec6970, C4<0>, C4<0>;
L_0x7c1d1eaa7b50 .functor BUFT 1, C4<11111110000000000111000001111111>, C4<0>, C4<0>, C4<0>;
L_0x5b10b3ec7730 .functor AND 32, L_0x5b10b3e78930, L_0x7c1d1eaa7b50, C4<11111111111111111111111111111111>, C4<11111111111111111111111111111111>;
L_0x5b10b3ec7050 .functor OR 1, L_0x5b10b3ec6ab0, L_0x5b10b3ec6f10, C4<0>, C4<0>;
L_0x7c1d1eaa7be0 .functor BUFT 1, C4<11111110000000000111000001111111>, C4<0>, C4<0>, C4<0>;
L_0x5b10b3ec7160 .functor AND 32, L_0x5b10b3e78930, L_0x7c1d1eaa7be0, C4<11111111111111111111111111111111>, C4<11111111111111111111111111111111>;
L_0x5b10b3ec7360 .functor OR 1, L_0x5b10b3ec7050, L_0x5b10b3ec7220, C4<0>, C4<0>;
L_0x7c1d1eaa7c70 .functor BUFT 1, C4<11111110000000000111000001111111>, C4<0>, C4<0>, C4<0>;
L_0x5b10b3ec7ff0 .functor AND 32, L_0x5b10b3e78930, L_0x7c1d1eaa7c70, C4<11111111111111111111111111111111>, C4<11111111111111111111111111111111>;
L_0x5b10b3ec7930 .functor OR 1, L_0x5b10b3ec7360, L_0x5b10b3ec77f0, C4<0>, C4<0>;
L_0x7c1d1eaa7d00 .functor BUFT 1, C4<11111110000000000111000001111111>, C4<0>, C4<0>, C4<0>;
L_0x5b10b3ec7a40 .functor AND 32, L_0x5b10b3e78930, L_0x7c1d1eaa7d00, C4<11111111111111111111111111111111>, C4<11111111111111111111111111111111>;
L_0x5b10b3ec7c40 .functor OR 1, L_0x5b10b3ec7930, L_0x5b10b3ec7b00, C4<0>, C4<0>;
L_0x7c1d1eaa7d90 .functor BUFT 1, C4<11111110000000000111000001111111>, C4<0>, C4<0>, C4<0>;
L_0x5b10b3ec88e0 .functor AND 32, L_0x5b10b3e78930, L_0x7c1d1eaa7d90, C4<11111111111111111111111111111111>, C4<11111111111111111111111111111111>;
L_0x5b10b3ec81f0 .functor OR 1, L_0x5b10b3ec7c40, L_0x5b10b3ec80b0, C4<0>, C4<0>;
L_0x7c1d1eaa7e20 .functor BUFT 1, C4<11111110000000000111000001111111>, C4<0>, C4<0>, C4<0>;
L_0x5b10b3ec8300 .functor AND 32, L_0x5b10b3e78930, L_0x7c1d1eaa7e20, C4<11111111111111111111111111111111>, C4<11111111111111111111111111111111>;
L_0x5b10b3ec8500 .functor OR 1, L_0x5b10b3ec81f0, L_0x5b10b3ec83c0, C4<0>, C4<0>;
L_0x7c1d1eaa7eb0 .functor BUFT 1, C4<00000000000000000111000001111111>, C4<0>, C4<0>, C4<0>;
L_0x5b10b3ec9200 .functor AND 32, L_0x5b10b3e78930, L_0x7c1d1eaa7eb0, C4<11111111111111111111111111111111>, C4<11111111111111111111111111111111>;
L_0x5b10b3ec8ae0 .functor OR 1, L_0x5b10b3ec8500, L_0x5b10b3ec89a0, C4<0>, C4<0>;
L_0x7c1d1eaa7f40 .functor BUFT 1, C4<00000000000000000111000001111111>, C4<0>, C4<0>, C4<0>;
L_0x5b10b3ec8bf0 .functor AND 32, L_0x5b10b3e78930, L_0x7c1d1eaa7f40, C4<11111111111111111111111111111111>, C4<11111111111111111111111111111111>;
L_0x5b10b3ec8df0 .functor OR 1, L_0x5b10b3ec8ae0, L_0x5b10b3ec8cb0, C4<0>, C4<0>;
L_0x7c1d1eaa7fd0 .functor BUFT 1, C4<00000000000000000111000001111111>, C4<0>, C4<0>, C4<0>;
L_0x5b10b3ec9b00 .functor AND 32, L_0x5b10b3e78930, L_0x7c1d1eaa7fd0, C4<11111111111111111111111111111111>, C4<11111111111111111111111111111111>;
L_0x5b10b3ec9400 .functor OR 1, L_0x5b10b3ec8df0, L_0x5b10b3ec92c0, C4<0>, C4<0>;
L_0x7c1d1eaa8060 .functor BUFT 1, C4<00000000000000000111000001111111>, C4<0>, C4<0>, C4<0>;
L_0x5b10b3ec9510 .functor AND 32, L_0x5b10b3e78930, L_0x7c1d1eaa8060, C4<11111111111111111111111111111111>, C4<11111111111111111111111111111111>;
L_0x5b10b3ec9e80 .functor OR 1, L_0x5b10b3ec9400, L_0x5b10b3ec95d0, C4<0>, C4<0>;
L_0x7c1d1eaa80f0 .functor BUFT 1, C4<00000000000000000111000001111111>, C4<0>, C4<0>, C4<0>;
L_0x5b10b3ec9f90 .functor AND 32, L_0x5b10b3e78930, L_0x7c1d1eaa80f0, C4<11111111111111111111111111111111>, C4<11111111111111111111111111111111>;
L_0x5b10b3ec9760 .functor OR 1, L_0x5b10b3ec9e80, L_0x5b10b3eca050, C4<0>, C4<0>;
L_0x7c1d1eaa8180 .functor BUFT 1, C4<00000000000000000111000001111111>, C4<0>, C4<0>, C4<0>;
L_0x5b10b3ea2220 .functor AND 32, L_0x5b10b3e78930, L_0x7c1d1eaa8180, C4<11111111111111111111111111111111>, C4<11111111111111111111111111111111>;
L_0x5b10b3ea1ee0 .functor OR 1, L_0x5b10b3ec9760, L_0x5b10b3ea28b0, C4<0>, C4<0>;
L_0x7c1d1eaa8210 .functor BUFT 1, C4<11111110000000000111000001111111>, C4<0>, C4<0>, C4<0>;
L_0x5b10b3ea1ff0 .functor AND 32, L_0x5b10b3e78930, L_0x7c1d1eaa8210, C4<11111111111111111111111111111111>, C4<11111111111111111111111111111111>;
L_0x5b10b3ea2a40 .functor OR 1, L_0x5b10b3ea1ee0, L_0x5b10b3ea20b0, C4<0>, C4<0>;
L_0x7c1d1eaa82a0 .functor BUFT 1, C4<11111110000000000111000001111111>, C4<0>, C4<0>, C4<0>;
L_0x5b10b3ea2b50 .functor AND 32, L_0x5b10b3e78930, L_0x7c1d1eaa82a0, C4<11111111111111111111111111111111>, C4<11111111111111111111111111111111>;
L_0x5b10b3ea2700 .functor OR 1, L_0x5b10b3ea2a40, L_0x5b10b3ea22e0, C4<0>, C4<0>;
L_0x7c1d1eaa8330 .functor BUFT 1, C4<11111110000000000111000001111111>, C4<0>, C4<0>, C4<0>;
L_0x5b10b3ea2810 .functor AND 32, L_0x5b10b3e78930, L_0x7c1d1eaa8330, C4<11111111111111111111111111111111>, C4<11111111111111111111111111111111>;
L_0x5b10b3ecc2b0 .functor OR 1, L_0x5b10b3ea2700, L_0x5b10b3ecc170, C4<0>, C4<0>;
L_0x7c1d1eaa83c0 .functor BUFT 1, C4<11111110000000000111000001111111>, C4<0>, C4<0>, C4<0>;
L_0x5b10b3ecc3c0 .functor AND 32, L_0x5b10b3e78930, L_0x7c1d1eaa83c0, C4<11111111111111111111111111111111>, C4<11111111111111111111111111111111>;
L_0x5b10b3ecc5c0 .functor OR 1, L_0x5b10b3ecc2b0, L_0x5b10b3ecc480, C4<0>, C4<0>;
L_0x7c1d1eaa8450 .functor BUFT 1, C4<11111110000000000111000001111111>, C4<0>, C4<0>, C4<0>;
L_0x5b10b3ecc6d0 .functor AND 32, L_0x5b10b3e78930, L_0x7c1d1eaa8450, C4<11111111111111111111111111111111>, C4<11111111111111111111111111111111>;
L_0x5b10b3ecc8f0 .functor OR 1, L_0x5b10b3ecc5c0, L_0x5b10b3ecc7b0, C4<0>, C4<0>;
L_0x7c1d1eaa84e0 .functor BUFT 1, C4<11111110000000000111000001111111>, C4<0>, C4<0>, C4<0>;
L_0x5b10b3ecca00 .functor AND 32, L_0x5b10b3e78930, L_0x7c1d1eaa84e0, C4<11111111111111111111111111111111>, C4<11111111111111111111111111111111>;
L_0x5b10b3eccc00 .functor OR 1, L_0x5b10b3ecc8f0, L_0x5b10b3eccac0, C4<0>, C4<0>;
L_0x7c1d1eaa8570 .functor BUFT 1, C4<11111110000000000111000001111111>, C4<0>, C4<0>, C4<0>;
L_0x5b10b3eccd10 .functor AND 32, L_0x5b10b3e78930, L_0x7c1d1eaa8570, C4<11111111111111111111111111111111>, C4<11111111111111111111111111111111>;
L_0x5b10b3ecd240 .functor OR 1, L_0x5b10b3eccc00, L_0x5b10b3ecd100, C4<0>, C4<0>;
L_0x7c1d1eaa8600 .functor BUFT 1, C4<11111110000000000111000001111111>, C4<0>, C4<0>, C4<0>;
L_0x5b10b3ecd350 .functor AND 32, L_0x5b10b3e78930, L_0x7c1d1eaa8600, C4<11111111111111111111111111111111>, C4<11111111111111111111111111111111>;
L_0x5b10b3ecd550 .functor OR 1, L_0x5b10b3ecd240, L_0x5b10b3ecd410, C4<0>, C4<0>;
L_0x7c1d1eaa8690 .functor BUFT 1, C4<00000000000000000111000001111111>, C4<0>, C4<0>, C4<0>;
L_0x5b10b3ecd660 .functor AND 32, L_0x5b10b3e78930, L_0x7c1d1eaa8690, C4<11111111111111111111111111111111>, C4<11111111111111111111111111111111>;
L_0x5b10b3ecdbc0 .functor OR 1, L_0x5b10b3ecd550, L_0x5b10b3ecda80, C4<0>, C4<0>;
L_0x7c1d1eaa8720 .functor BUFT 1, C4<00000000000000000111000001111111>, C4<0>, C4<0>, C4<0>;
L_0x5b10b3ecdcd0 .functor AND 32, L_0x5b10b3e78930, L_0x7c1d1eaa8720, C4<11111111111111111111111111111111>, C4<11111111111111111111111111111111>;
L_0x5b10b3ecded0 .functor OR 1, L_0x5b10b3ecdbc0, L_0x5b10b3ecdd90, C4<0>, C4<0>;
L_0x7c1d1eaa87b0 .functor BUFT 1, C4<00000000000000000111000001111111>, C4<0>, C4<0>, C4<0>;
L_0x5b10b3ecdfe0 .functor AND 32, L_0x5b10b3e78930, L_0x7c1d1eaa87b0, C4<11111111111111111111111111111111>, C4<11111111111111111111111111111111>;
L_0x5b10b3ece520 .functor OR 1, L_0x5b10b3ecded0, L_0x5b10b3ece3e0, C4<0>, C4<0>;
L_0x7c1d1eaa8840 .functor BUFT 1, C4<00000000000000000111000001111111>, C4<0>, C4<0>, C4<0>;
L_0x5b10b3ece630 .functor AND 32, L_0x5b10b3e78930, L_0x7c1d1eaa8840, C4<11111111111111111111111111111111>, C4<11111111111111111111111111111111>;
L_0x5b10b3ece830 .functor OR 1, L_0x5b10b3ece520, L_0x5b10b3ece6f0, C4<0>, C4<0>;
L_0x7c1d1eaa88d0 .functor BUFT 1, C4<00000000000000000111000001111111>, C4<0>, C4<0>, C4<0>;
L_0x5b10b3ece940 .functor AND 32, L_0x5b10b3e78930, L_0x7c1d1eaa88d0, C4<11111111111111111111111111111111>, C4<11111111111111111111111111111111>;
L_0x5b10b3ecee60 .functor OR 1, L_0x5b10b3ece830, L_0x5b10b3eced70, C4<0>, C4<0>;
L_0x7c1d1eaa8960 .functor BUFT 1, C4<00000000000000000111000001111111>, C4<0>, C4<0>, C4<0>;
L_0x5b10b3ecef70 .functor AND 32, L_0x5b10b3e78930, L_0x7c1d1eaa8960, C4<11111111111111111111111111111111>, C4<11111111111111111111111111111111>;
L_0x5b10b3ecf170 .functor OR 1, L_0x5b10b3ecee60, L_0x5b10b3ecf030, C4<0>, C4<0>;
L_0x7c1d1eaa89f0 .functor BUFT 1, C4<00000000000000000111000001111111>, C4<0>, C4<0>, C4<0>;
L_0x5b10b3ecf280 .functor AND 32, L_0x5b10b3e78930, L_0x7c1d1eaa89f0, C4<11111111111111111111111111111111>, C4<11111111111111111111111111111111>;
L_0x7c1d1eaa8a80 .functor BUFT 1, C4<00000000000000000111000001111111>, C4<0>, C4<0>, C4<0>;
L_0x5b10b3ecf7d0 .functor AND 32, L_0x5b10b3e78930, L_0x7c1d1eaa8a80, C4<11111111111111111111111111111111>, C4<11111111111111111111111111111111>;
L_0x5b10b3ecfd20 .functor OR 1, L_0x5b10b3ecf340, L_0x5b10b3ecf890, C4<0>, C4<0>;
L_0x7c1d1eaa8b10 .functor BUFT 1, C4<00000000000000000111000001111111>, C4<0>, C4<0>, C4<0>;
L_0x5b10b3ed0120 .functor AND 32, L_0x5b10b3e78930, L_0x7c1d1eaa8b10, C4<11111111111111111111111111111111>, C4<11111111111111111111111111111111>;
L_0x5b10b3ed0320 .functor OR 1, L_0x5b10b3ecfd20, L_0x5b10b3ed01e0, C4<0>, C4<0>;
L_0x7c1d1eaa8ba0 .functor BUFT 1, C4<00000000000000000111000001111111>, C4<0>, C4<0>, C4<0>;
L_0x5b10b3ed0430 .functor AND 32, L_0x5b10b3e78930, L_0x7c1d1eaa8ba0, C4<11111111111111111111111111111111>, C4<11111111111111111111111111111111>;
L_0x5b10b3ed0630 .functor OR 1, L_0x5b10b3ed0320, L_0x5b10b3ed04f0, C4<0>, C4<0>;
L_0x7c1d1eaa8c30 .functor BUFT 1, C4<00000000000000000111000001111111>, C4<0>, C4<0>, C4<0>;
L_0x5b10b3ed0740 .functor AND 32, L_0x5b10b3e78930, L_0x7c1d1eaa8c30, C4<11111111111111111111111111111111>, C4<11111111111111111111111111111111>;
L_0x5b10b3ed09c0 .functor OR 1, L_0x5b10b3ed0630, L_0x5b10b3ed0880, C4<0>, C4<0>;
L_0x7c1d1eaa8cc0 .functor BUFT 1, C4<00000000000000000111000001111111>, C4<0>, C4<0>, C4<0>;
L_0x5b10b3ed0ad0 .functor AND 32, L_0x5b10b3e78930, L_0x7c1d1eaa8cc0, C4<11111111111111111111111111111111>, C4<11111111111111111111111111111111>;
L_0x5b10b3ed0cd0 .functor OR 1, L_0x5b10b3ed09c0, L_0x5b10b3ed0b90, C4<0>, C4<0>;
L_0x7c1d1eaa8d50 .functor BUFT 1, C4<11111100000000000111000001111111>, C4<0>, C4<0>, C4<0>;
L_0x5b10b3ed0de0 .functor AND 32, L_0x5b10b3e78930, L_0x7c1d1eaa8d50, C4<11111111111111111111111111111111>, C4<11111111111111111111111111111111>;
L_0x5b10b3ed0ea0 .functor OR 1, L_0x5b10b3ed0cd0, L_0x5b10b3ed1270, C4<0>, C4<0>;
L_0x7c1d1eaa8de0 .functor BUFT 1, C4<11111100000000000111000001111111>, C4<0>, C4<0>, C4<0>;
L_0x5b10b3ed1450 .functor AND 32, L_0x5b10b3e78930, L_0x7c1d1eaa8de0, C4<11111111111111111111111111111111>, C4<11111111111111111111111111111111>;
L_0x5b10b3ed1650 .functor OR 1, L_0x5b10b3ed0ea0, L_0x5b10b3ed1510, C4<0>, C4<0>;
L_0x7c1d1eaa8e70 .functor BUFT 1, C4<11111100000000000111000001111111>, C4<0>, C4<0>, C4<0>;
L_0x5b10b3ed1760 .functor AND 32, L_0x5b10b3e78930, L_0x7c1d1eaa8e70, C4<11111111111111111111111111111111>, C4<11111111111111111111111111111111>;
L_0x5b10b3ed1ce0 .functor OR 1, L_0x5b10b3ed1650, L_0x5b10b3ed1820, C4<0>, C4<0>;
L_0x7c1d1eaa8f00 .functor BUFT 1, C4<00000000000000000000000001111111>, C4<0>, C4<0>, C4<0>;
L_0x5b10b3ed1df0 .functor AND 32, L_0x5b10b3e78930, L_0x7c1d1eaa8f00, C4<11111111111111111111111111111111>, C4<11111111111111111111111111111111>;
L_0x5b10b3ed2380 .functor OR 1, L_0x5b10b3ed1ce0, L_0x5b10b3ed1eb0, C4<0>, C4<0>;
L_0x7c1d1eaa8f90 .functor BUFT 1, C4<00000000000000000000000001111111>, C4<0>, C4<0>, C4<0>;
L_0x5b10b3ed2780 .functor AND 32, L_0x5b10b3e78930, L_0x7c1d1eaa8f90, C4<11111111111111111111111111111111>, C4<11111111111111111111111111111111>;
L_0x5b10b3ed2980 .functor OR 1, L_0x5b10b3ed2380, L_0x5b10b3ed2840, C4<0>, C4<0>;
L_0x7c1d1eaa9020 .functor BUFT 1, C4<11111110000000000111000001111111>, C4<0>, C4<0>, C4<0>;
L_0x5b10b3ed2a90 .functor AND 32, L_0x5b10b3e78930, L_0x7c1d1eaa9020, C4<11111111111111111111111111111111>, C4<11111111111111111111111111111111>;
L_0x5b10b3ed2c90 .functor OR 1, L_0x5b10b3ed2980, L_0x5b10b3ed2b50, C4<0>, C4<0>;
L_0x7c1d1eaa90b0 .functor BUFT 1, C4<11111110000000000111000001111111>, C4<0>, C4<0>, C4<0>;
L_0x5b10b3ed2da0 .functor AND 32, L_0x5b10b3e78930, L_0x7c1d1eaa90b0, C4<11111111111111111111111111111111>, C4<11111111111111111111111111111111>;
L_0x5b10b3ed30a0 .functor OR 1, L_0x5b10b3ed2c90, L_0x5b10b3ed2f60, C4<0>, C4<0>;
L_0x7c1d1eaa9140 .functor BUFT 1, C4<11111110000000000111000001111111>, C4<0>, C4<0>, C4<0>;
L_0x5b10b3ed31b0 .functor AND 32, L_0x5b10b3e78930, L_0x7c1d1eaa9140, C4<11111111111111111111111111111111>, C4<11111111111111111111111111111111>;
L_0x5b10b3ed33b0 .functor OR 1, L_0x5b10b3ed30a0, L_0x5b10b3ed3270, C4<0>, C4<0>;
L_0x7c1d1eaa91d0 .functor BUFT 1, C4<11111110000000000111000001111111>, C4<0>, C4<0>, C4<0>;
L_0x5b10b3ed34c0 .functor AND 32, L_0x5b10b3e78930, L_0x7c1d1eaa91d0, C4<11111111111111111111111111111111>, C4<11111111111111111111111111111111>;
L_0x5b10b3ed3a60 .functor OR 1, L_0x5b10b3ed33b0, L_0x5b10b3ed3580, C4<0>, C4<0>;
L_0x7c1d1eaa9260 .functor BUFT 1, C4<11111110000000000111000001111111>, C4<0>, C4<0>, C4<0>;
L_0x5b10b3ed3b70 .functor AND 32, L_0x5b10b3e78930, L_0x7c1d1eaa9260, C4<11111111111111111111111111111111>, C4<11111111111111111111111111111111>;
L_0x5b10b3ed4130 .functor OR 1, L_0x5b10b3ed3a60, L_0x5b10b3ed3c30, C4<0>, C4<0>;
L_0x7c1d1eaa92f0 .functor BUFT 1, C4<11111110000000000111000001111111>, C4<0>, C4<0>, C4<0>;
L_0x5b10b3ed4590 .functor AND 32, L_0x5b10b3e78930, L_0x7c1d1eaa92f0, C4<11111111111111111111111111111111>, C4<11111111111111111111111111111111>;
L_0x5b10b3ed4790 .functor OR 1, L_0x5b10b3ed4130, L_0x5b10b3ed4650, C4<0>, C4<0>;
L_0x7c1d1eaa9380 .functor BUFT 1, C4<11111110000000000111000001111111>, C4<0>, C4<0>, C4<0>;
L_0x5b10b3ed48a0 .functor AND 32, L_0x5b10b3e78930, L_0x7c1d1eaa9380, C4<11111111111111111111111111111111>, C4<11111111111111111111111111111111>;
L_0x5b10b3ed4aa0 .functor OR 1, L_0x5b10b3ed4790, L_0x5b10b3ed4960, C4<0>, C4<0>;
L_0x7c1d1eaa9410 .functor BUFT 1, C4<11111110000000000111000001111111>, C4<0>, C4<0>, C4<0>;
L_0x5b10b3ed4bb0 .functor AND 32, L_0x5b10b3e78930, L_0x7c1d1eaa9410, C4<11111111111111111111111111111111>, C4<11111111111111111111111111111111>;
L_0x5b10b3ed4e20 .functor OR 1, L_0x5b10b3ed4aa0, L_0x5b10b3ed4c70, C4<0>, C4<0>;
L_0x7c1d1eaa94a0 .functor BUFT 1, C4<11111110000000000111000001111111>, C4<0>, C4<0>, C4<0>;
L_0x5b10b3ed4f30 .functor AND 32, L_0x5b10b3e78930, L_0x7c1d1eaa94a0, C4<11111111111111111111111111111111>, C4<11111111111111111111111111111111>;
L_0x5b10b3ec03b0 .functor OR 1, L_0x5b10b3ed4e20, L_0x5b10b3ed4ff0, C4<0>, C4<0>;
L_0x7c1d1eaa9530 .functor BUFT 1, C4<11111110000000000111000001111111>, C4<0>, C4<0>, C4<0>;
L_0x5b10b3ec04c0 .functor AND 32, L_0x5b10b3e78930, L_0x7c1d1eaa9530, C4<11111111111111111111111111111111>, C4<11111111111111111111111111111111>;
L_0x5b10b3ec06c0 .functor OR 1, L_0x5b10b3ec03b0, L_0x5b10b3ec0580, C4<0>, C4<0>;
L_0x7c1d1eaa95c0 .functor BUFT 1, C4<00000000000000000111000001111111>, C4<0>, C4<0>, C4<0>;
L_0x5b10b3ec07d0 .functor AND 32, L_0x5b10b3e78930, L_0x7c1d1eaa95c0, C4<11111111111111111111111111111111>, C4<11111111111111111111111111111111>;
L_0x7c1d1eaa9650 .functor BUFT 1, C4<00000000000000000111000001111111>, C4<0>, C4<0>, C4<0>;
L_0x5b10b3ec09d0 .functor AND 32, L_0x5b10b3e78930, L_0x7c1d1eaa9650, C4<11111111111111111111111111111111>, C4<11111111111111111111111111111111>;
L_0x5b10b3ed5960 .functor OR 1, L_0x5b10b3ec0890, L_0x5b10b3ec0a90, C4<0>, C4<0>;
L_0x7c1d1eaa96e0 .functor BUFT 1, C4<00000000000000000111000001111111>, C4<0>, C4<0>, C4<0>;
L_0x5b10b3ed5a70 .functor AND 32, L_0x5b10b3e78930, L_0x7c1d1eaa96e0, C4<11111111111111111111111111111111>, C4<11111111111111111111111111111111>;
L_0x5b10b3ed6070 .functor OR 1, L_0x5b10b3ed5960, L_0x5b10b3ed5b30, C4<0>, C4<0>;
L_0x7c1d1eaa9770 .functor BUFT 1, C4<00000000000000000111000001111111>, C4<0>, C4<0>, C4<0>;
L_0x5b10b3ed79c0 .functor AND 32, L_0x5b10b3e78930, L_0x7c1d1eaa9770, C4<11111111111111111111111111111111>, C4<11111111111111111111111111111111>;
L_0x5b10b3ed7240 .functor OR 1, L_0x5b10b3ed6070, L_0x5b10b3ed7100, C4<0>, C4<0>;
L_0x7c1d1eaa9800 .functor BUFT 1, C4<00000000000000000111000001111111>, C4<0>, C4<0>, C4<0>;
L_0x5b10b3ed7350 .functor AND 32, L_0x5b10b3e78930, L_0x7c1d1eaa9800, C4<11111111111111111111111111111111>, C4<11111111111111111111111111111111>;
L_0x5b10b3ed7550 .functor OR 1, L_0x5b10b3ed7240, L_0x5b10b3ed7410, C4<0>, C4<0>;
L_0x7c1d1eaa9890 .functor BUFT 1, C4<00000000000000000111000001111111>, C4<0>, C4<0>, C4<0>;
L_0x5b10b3ed7660 .functor AND 32, L_0x5b10b3e78930, L_0x7c1d1eaa9890, C4<11111111111111111111111111111111>, C4<11111111111111111111111111111111>;
L_0x5b10b3ed7860 .functor OR 1, L_0x5b10b3ed7550, L_0x5b10b3ed7720, C4<0>, C4<0>;
L_0x7c1d1eaa9920 .functor BUFT 1, C4<00000000000000000111000001111111>, C4<0>, C4<0>, C4<0>;
L_0x5b10b3ed7ad0 .functor AND 32, L_0x5b10b3e78930, L_0x7c1d1eaa9920, C4<11111111111111111111111111111111>, C4<11111111111111111111111111111111>;
L_0x5b10b3ed80f0 .functor OR 1, L_0x5b10b3ed7860, L_0x5b10b3ed7b90, C4<0>, C4<0>;
L_0x7c1d1eaa99b0 .functor BUFT 1, C4<00000000000000000111000001111111>, C4<0>, C4<0>, C4<0>;
L_0x5b10b3ed8200 .functor AND 32, L_0x5b10b3e78930, L_0x7c1d1eaa99b0, C4<11111111111111111111111111111111>, C4<11111111111111111111111111111111>;
L_0x5b10b3ed9080 .functor OR 1, L_0x5b10b3ed80f0, L_0x5b10b3ed8f40, C4<0>, C4<0>;
L_0x7c1d1eaa9a40 .functor BUFT 1, C4<00000000000000000111000001111111>, C4<0>, C4<0>, C4<0>;
L_0x5b10b3ed9190 .functor AND 32, L_0x5b10b3e78930, L_0x7c1d1eaa9a40, C4<11111111111111111111111111111111>, C4<11111111111111111111111111111111>;
L_0x5b10b3ed8c40 .functor OR 1, L_0x5b10b3ed9080, L_0x5b10b3ed86d0, C4<0>, C4<0>;
L_0x7c1d1eaa9ad0 .functor BUFT 1, C4<00000000000000000000000001111111>, C4<0>, C4<0>, C4<0>;
L_0x5b10b3ed8d50 .functor AND 32, L_0x5b10b3e78930, L_0x7c1d1eaa9ad0, C4<11111111111111111111111111111111>, C4<11111111111111111111111111111111>;
L_0x7c1d1eaa9b60 .functor BUFT 1, C4<00000000000000000111000001111111>, C4<0>, C4<0>, C4<0>;
L_0x5b10b3ed7d20 .functor AND 32, L_0x5b10b3e78930, L_0x7c1d1eaa9b60, C4<11111111111111111111111111111111>, C4<11111111111111111111111111111111>;
L_0x5b10b3ed7f20 .functor OR 1, L_0x5b10b3ed8e10, L_0x5b10b3ed7de0, C4<0>, C4<0>;
L_0x7c1d1eaa9bf0 .functor BUFT 1, C4<00000000000000000111000001111111>, C4<0>, C4<0>, C4<0>;
L_0x5b10b3ed8030 .functor AND 32, L_0x5b10b3e78930, L_0x7c1d1eaa9bf0, C4<11111111111111111111111111111111>, C4<11111111111111111111111111111111>;
L_0x5b10b3ed8950 .functor OR 1, L_0x5b10b3ed7f20, L_0x5b10b3ed8810, C4<0>, C4<0>;
L_0x7c1d1eaa9c80 .functor BUFT 1, C4<00000000000000000111000001111111>, C4<0>, C4<0>, C4<0>;
L_0x5b10b3ed8a60 .functor AND 32, L_0x5b10b3e78930, L_0x7c1d1eaa9c80, C4<11111111111111111111111111111111>, C4<11111111111111111111111111111111>;
L_0x5b10b3ed96f0 .functor OR 1, L_0x5b10b3ed8950, L_0x5b10b3ed8b20, C4<0>, C4<0>;
L_0x7c1d1eaa9d10 .functor BUFT 1, C4<00000000000000000111000001111111>, C4<0>, C4<0>, C4<0>;
L_0x5b10b3ed9800 .functor AND 32, L_0x5b10b3e78930, L_0x7c1d1eaa9d10, C4<11111111111111111111111111111111>, C4<11111111111111111111111111111111>;
L_0x5b10b3ed9a00 .functor OR 1, L_0x5b10b3ed96f0, L_0x5b10b3ed98c0, C4<0>, C4<0>;
L_0x7c1d1eaa9da0 .functor BUFT 1, C4<00000000000000000111000001111111>, C4<0>, C4<0>, C4<0>;
L_0x5b10b3ed9b10 .functor AND 32, L_0x5b10b3e78930, L_0x7c1d1eaa9da0, C4<11111111111111111111111111111111>, C4<11111111111111111111111111111111>;
L_0x5b10b3ed9d10 .functor OR 1, L_0x5b10b3ed9a00, L_0x5b10b3ed9bd0, C4<0>, C4<0>;
L_0x7c1d1eaa9e30 .functor BUFT 1, C4<00000000000000000111000001111111>, C4<0>, C4<0>, C4<0>;
L_0x5b10b3ed9e20 .functor AND 32, L_0x5b10b3e78930, L_0x7c1d1eaa9e30, C4<11111111111111111111111111111111>, C4<11111111111111111111111111111111>;
L_0x5b10b3eda020 .functor OR 1, L_0x5b10b3ed9d10, L_0x5b10b3ed9ee0, C4<0>, C4<0>;
L_0x7c1d1eaa9ec0 .functor BUFT 1, C4<00000000000000000111000001111111>, C4<0>, C4<0>, C4<0>;
L_0x5b10b3eda130 .functor AND 32, L_0x5b10b3e78930, L_0x7c1d1eaa9ec0, C4<11111111111111111111111111111111>, C4<11111111111111111111111111111111>;
L_0x5b10b3ed92a0 .functor OR 1, L_0x5b10b3eda020, L_0x5b10b3eda1f0, C4<0>, C4<0>;
L_0x7c1d1eaa9f50 .functor BUFT 1, C4<11111110000000000111000001111111>, C4<0>, C4<0>, C4<0>;
L_0x5b10b3ed93b0 .functor AND 32, L_0x5b10b3e78930, L_0x7c1d1eaa9f50, C4<11111111111111111111111111111111>, C4<11111111111111111111111111111111>;
L_0x7c1d1eaa9fe0 .functor BUFT 1, C4<11111110000000000111000001111111>, C4<0>, C4<0>, C4<0>;
L_0x5b10b3ed95b0 .functor AND 32, L_0x5b10b3e78930, L_0x7c1d1eaa9fe0, C4<11111111111111111111111111111111>, C4<11111111111111111111111111111111>;
L_0x5b10b3ed9670 .functor OR 1, L_0x5b10b3ed9470, L_0x5b10b3eda7a0, C4<0>, C4<0>;
L_0x7c1d1eaaa070 .functor BUFT 1, C4<11111110000000000111000001111111>, C4<0>, C4<0>, C4<0>;
L_0x5b10b3eda930 .functor AND 32, L_0x5b10b3e78930, L_0x7c1d1eaaa070, C4<11111111111111111111111111111111>, C4<11111111111111111111111111111111>;
L_0x5b10b3edab30 .functor OR 1, L_0x5b10b3ed9670, L_0x5b10b3eda9f0, C4<0>, C4<0>;
L_0x7c1d1eaaa100 .functor BUFT 1, C4<11111110000000000111000001111111>, C4<0>, C4<0>, C4<0>;
L_0x5b10b3edac40 .functor AND 32, L_0x5b10b3e78930, L_0x7c1d1eaaa100, C4<11111111111111111111111111111111>, C4<11111111111111111111111111111111>;
L_0x5b10b3eda330 .functor OR 1, L_0x5b10b3edab30, L_0x5b10b3edad00, C4<0>, C4<0>;
L_0x5b10b3eda440 .functor AND 1, L_0x7c1d1eaaab20, L_0x5b10b3eda330, C4<1>, C4<1>;
L_0x7c1d1eaaa190 .functor BUFT 1, C4<11111110000000000111000001111111>, C4<0>, C4<0>, C4<0>;
L_0x5b10b3eda500 .functor AND 32, L_0x5b10b3e78930, L_0x7c1d1eaaa190, C4<11111111111111111111111111111111>, C4<11111111111111111111111111111111>;
L_0x7c1d1eaaa220 .functor BUFT 1, C4<11111110000000000111000001111111>, C4<0>, C4<0>, C4<0>;
L_0x5b10b3eda700 .functor AND 32, L_0x5b10b3e78930, L_0x7c1d1eaaa220, C4<11111111111111111111111111111111>, C4<11111111111111111111111111111111>;
L_0x5b10b3edb900 .functor OR 1, L_0x5b10b3eda5c0, L_0x5b10b3edb320, C4<0>, C4<0>;
L_0x7c1d1eaaa2b0 .functor BUFT 1, C4<11111110000000000111000001111111>, C4<0>, C4<0>, C4<0>;
L_0x5b10b3edae90 .functor AND 32, L_0x5b10b3e78930, L_0x7c1d1eaaa2b0, C4<11111111111111111111111111111111>, C4<11111111111111111111111111111111>;
L_0x5b10b3edb090 .functor OR 1, L_0x5b10b3edb900, L_0x5b10b3edaf50, C4<0>, C4<0>;
L_0x7c1d1eaaa340 .functor BUFT 1, C4<11111110000000000111000001111111>, C4<0>, C4<0>, C4<0>;
L_0x5b10b3edb1a0 .functor AND 32, L_0x5b10b3e78930, L_0x7c1d1eaaa340, C4<11111111111111111111111111111111>, C4<11111111111111111111111111111111>;
L_0x5b10b3edb460 .functor OR 1, L_0x5b10b3edb090, L_0x5b10b3edc350, C4<0>, C4<0>;
L_0x5b10b3edb570 .functor AND 1, L_0x7c1d1eaaab20, L_0x5b10b3edb460, C4<1>, C4<1>;
L_0x7c1d1eaaa3d0 .functor BUFT 1, C4<11111111111111111111111111111111>, C4<0>, C4<0>, C4<0>;
L_0x5b10b3edb630 .functor AND 32, L_0x5b10b3e78930, L_0x7c1d1eaaa3d0, C4<11111111111111111111111111111111>, C4<11111111111111111111111111111111>;
L_0x7c1d1eaaa460 .functor BUFT 1, C4<11111111111111111111111111111111>, C4<0>, C4<0>, C4<0>;
L_0x5b10b3edb830 .functor AND 32, L_0x5b10b3e78930, L_0x7c1d1eaaa460, C4<11111111111111111111111111111111>, C4<11111111111111111111111111111111>;
L_0x5b10b3edbfc0 .functor OR 1, L_0x5b10b3edb6f0, L_0x5b10b3edb9c0, C4<0>, C4<0>;
L_0x7c1d1eaaa4f0 .functor BUFT 1, C4<11001111111111111111111111111111>, C4<0>, C4<0>, C4<0>;
L_0x5b10b3edc0d0 .functor AND 32, L_0x5b10b3e78930, L_0x7c1d1eaaa4f0, C4<11111111111111111111111111111111>, C4<11111111111111111111111111111111>;
L_0x5b10b3edc2d0 .functor OR 1, L_0x5b10b3edbfc0, L_0x5b10b3edc190, C4<0>, C4<0>;
L_0x7c1d1eaaa580 .functor BUFT 1, C4<00000000000000000111000001111111>, C4<0>, C4<0>, C4<0>;
L_0x5b10b3edc4e0 .functor AND 32, L_0x5b10b3e78930, L_0x7c1d1eaaa580, C4<11111111111111111111111111111111>, C4<11111111111111111111111111111111>;
L_0x5b10b3edc6e0 .functor OR 1, L_0x5b10b3edc2d0, L_0x5b10b3edc5a0, C4<0>, C4<0>;
L_0x7c1d1eaaa610 .functor BUFT 1, C4<00000000000000000111000001111111>, C4<0>, C4<0>, C4<0>;
L_0x5b10b3edc7f0 .functor AND 32, L_0x5b10b3e78930, L_0x7c1d1eaaa610, C4<11111111111111111111111111111111>, C4<11111111111111111111111111111111>;
L_0x5b10b3edc9f0 .functor OR 1, L_0x5b10b3edc6e0, L_0x5b10b3edc8b0, C4<0>, C4<0>;
L_0x7c1d1eaaa6a0 .functor BUFT 1, C4<00000000000000000111000001111111>, C4<0>, C4<0>, C4<0>;
L_0x5b10b3edcb00 .functor AND 32, L_0x5b10b3e78930, L_0x7c1d1eaaa6a0, C4<11111111111111111111111111111111>, C4<11111111111111111111111111111111>;
L_0x5b10b3edbb00 .functor OR 1, L_0x5b10b3edc9f0, L_0x5b10b3edcbc0, C4<0>, C4<0>;
L_0x7c1d1eaaa730 .functor BUFT 1, C4<00000000000000000111000001111111>, C4<0>, C4<0>, C4<0>;
L_0x5b10b3edbc10 .functor AND 32, L_0x5b10b3e78930, L_0x7c1d1eaaa730, C4<11111111111111111111111111111111>, C4<11111111111111111111111111111111>;
L_0x5b10b3edbe10 .functor OR 1, L_0x5b10b3edbb00, L_0x5b10b3edbcd0, C4<0>, C4<0>;
L_0x7c1d1eaaa7c0 .functor BUFT 1, C4<00000000000000000111000001111111>, C4<0>, C4<0>, C4<0>;
L_0x5b10b3edbf20 .functor AND 32, L_0x5b10b3e78930, L_0x7c1d1eaaa7c0, C4<11111111111111111111111111111111>, C4<11111111111111111111111111111111>;
L_0x5b10b3edd370 .functor OR 1, L_0x5b10b3edbe10, L_0x5b10b3edd230, C4<0>, C4<0>;
L_0x7c1d1eaaa850 .functor BUFT 1, C4<00000000000000000111000001111111>, C4<0>, C4<0>, C4<0>;
L_0x5b10b3edd480 .functor AND 32, L_0x5b10b3e78930, L_0x7c1d1eaaa850, C4<11111111111111111111111111111111>, C4<11111111111111111111111111111111>;
L_0x5b10b3edd680 .functor OR 1, L_0x5b10b3edd370, L_0x5b10b3edd540, C4<0>, C4<0>;
L_0x7c1d1eaaa8e0 .functor BUFT 1, C4<11111111111111111000111111111111>, C4<0>, C4<0>, C4<0>;
L_0x5b10b3edd790 .functor AND 32, L_0x5b10b3e78930, L_0x7c1d1eaaa8e0, C4<11111111111111111111111111111111>, C4<11111111111111111111111111111111>;
L_0x5b10b3edcd00 .functor OR 1, L_0x5b10b3edd680, L_0x5b10b3edd850, C4<0>, C4<0>;
L_0x7c1d1eaaa970 .functor BUFT 1, C4<00000000000000000111000001111111>, C4<0>, C4<0>, C4<0>;
L_0x5b10b3edce10 .functor AND 32, L_0x5b10b3e78930, L_0x7c1d1eaaa970, C4<11111111111111111111111111111111>, C4<11111111111111111111111111111111>;
L_0x5b10b3edd010 .functor OR 1, L_0x5b10b3edcd00, L_0x5b10b3edced0, C4<0>, C4<0>;
L_0x7c1d1eaaaa00 .functor BUFT 1, C4<00000000000000000111000001111111>, C4<0>, C4<0>, C4<0>;
L_0x5b10b3edd120 .functor AND 32, L_0x5b10b3e78930, L_0x7c1d1eaaaa00, C4<11111111111111111111111111111111>, C4<11111111111111111111111111111111>;
L_0x5b10b3ede4e0 .functor OR 1, L_0x5b10b3edd010, L_0x5b10b3edde90, C4<0>, C4<0>;
L_0x7c1d1eaaaa90 .functor BUFT 1, C4<11111110000000000111111111111111>, C4<0>, C4<0>, C4<0>;
L_0x5b10b3edd990 .functor AND 32, L_0x5b10b3e78930, L_0x7c1d1eaaaa90, C4<11111111111111111111111111111111>, C4<11111111111111111111111111111111>;
L_0x5b10b3eddb90 .functor OR 1, L_0x5b10b3ede4e0, L_0x5b10b3edda50, C4<0>, C4<0>;
L_0x5b10b3eddca0 .functor OR 1, L_0x5b10b3eddb90, L_0x5b10b3ec2530, C4<0>, C4<0>;
L_0x5b10b3eddd60 .functor OR 1, L_0x5b10b3eddca0, L_0x5b10b3edde20, C4<0>, C4<0>;
v0x5b10b3de64f0_0 .net/2u *"_ivl_0", 31 0, L_0x7c1d1eaa5090;  1 drivers
v0x5b10b3de6590_0 .net *"_ivl_10", 31 0, L_0x5b10b3eaccb0;  1 drivers
v0x5b10b3de6630_0 .net *"_ivl_100", 31 0, L_0x5b10b3eaea50;  1 drivers
v0x5b10b3de66d0_0 .net *"_ivl_1000", 31 0, L_0x5b10b3ecdfe0;  1 drivers
L_0x7c1d1eaa87f8 .functor BUFT 1, C4<00000000000000000011000001110011>, C4<0>, C4<0>, C4<0>;
v0x5b10b3de6770_0 .net/2u *"_ivl_1002", 31 0, L_0x7c1d1eaa87f8;  1 drivers
v0x5b10b3de6810_0 .net *"_ivl_1004", 0 0, L_0x5b10b3ece3e0;  1 drivers
v0x5b10b3de68b0_0 .net *"_ivl_1007", 0 0, L_0x5b10b3ece520;  1 drivers
v0x5b10b3de6950_0 .net/2u *"_ivl_1008", 31 0, L_0x7c1d1eaa8840;  1 drivers
v0x5b10b3de69f0_0 .net *"_ivl_1010", 31 0, L_0x5b10b3ece630;  1 drivers
L_0x7c1d1eaa8888 .functor BUFT 1, C4<00000000000000000101000001110011>, C4<0>, C4<0>, C4<0>;
v0x5b10b3de6a90_0 .net/2u *"_ivl_1012", 31 0, L_0x7c1d1eaa8888;  1 drivers
v0x5b10b3de6b30_0 .net *"_ivl_1014", 0 0, L_0x5b10b3ece6f0;  1 drivers
v0x5b10b3de6bd0_0 .net *"_ivl_1017", 0 0, L_0x5b10b3ece830;  1 drivers
v0x5b10b3de6c70_0 .net/2u *"_ivl_1018", 31 0, L_0x7c1d1eaa88d0;  1 drivers
L_0x7c1d1eaa5678 .functor BUFT 1, C4<00000000000000000000000000010111>, C4<0>, C4<0>, C4<0>;
v0x5b10b3de6d10_0 .net/2u *"_ivl_102", 31 0, L_0x7c1d1eaa5678;  1 drivers
v0x5b10b3de6db0_0 .net *"_ivl_1020", 31 0, L_0x5b10b3ece940;  1 drivers
L_0x7c1d1eaa8918 .functor BUFT 1, C4<00000000000000000110000001110011>, C4<0>, C4<0>, C4<0>;
v0x5b10b3de6e50_0 .net/2u *"_ivl_1022", 31 0, L_0x7c1d1eaa8918;  1 drivers
v0x5b10b3de6ef0_0 .net *"_ivl_1024", 0 0, L_0x5b10b3eced70;  1 drivers
v0x5b10b3de6f90_0 .net *"_ivl_1027", 0 0, L_0x5b10b3ecee60;  1 drivers
v0x5b10b3de7030_0 .net/2u *"_ivl_1028", 31 0, L_0x7c1d1eaa8960;  1 drivers
v0x5b10b3de70d0_0 .net *"_ivl_1030", 31 0, L_0x5b10b3ecef70;  1 drivers
L_0x7c1d1eaa89a8 .functor BUFT 1, C4<00000000000000000111000001110011>, C4<0>, C4<0>, C4<0>;
v0x5b10b3de7170_0 .net/2u *"_ivl_1032", 31 0, L_0x7c1d1eaa89a8;  1 drivers
v0x5b10b3de7210_0 .net *"_ivl_1034", 0 0, L_0x5b10b3ecf030;  1 drivers
v0x5b10b3de72b0_0 .net/2u *"_ivl_1038", 31 0, L_0x7c1d1eaa89f0;  1 drivers
v0x5b10b3de7350_0 .net *"_ivl_104", 0 0, L_0x5b10b3eae7b0;  1 drivers
v0x5b10b3de73f0_0 .net *"_ivl_1040", 31 0, L_0x5b10b3ecf280;  1 drivers
L_0x7c1d1eaa8a38 .functor BUFT 1, C4<00000000000000000111000000010011>, C4<0>, C4<0>, C4<0>;
v0x5b10b3de7490_0 .net/2u *"_ivl_1042", 31 0, L_0x7c1d1eaa8a38;  1 drivers
v0x5b10b3de7530_0 .net *"_ivl_1044", 0 0, L_0x5b10b3ecf340;  1 drivers
v0x5b10b3de75d0_0 .net/2u *"_ivl_1046", 31 0, L_0x7c1d1eaa8a80;  1 drivers
v0x5b10b3de7670_0 .net *"_ivl_1048", 31 0, L_0x5b10b3ecf7d0;  1 drivers
L_0x7c1d1eaa8ac8 .functor BUFT 1, C4<00000000000000000000000000010011>, C4<0>, C4<0>, C4<0>;
v0x5b10b3de7710_0 .net/2u *"_ivl_1050", 31 0, L_0x7c1d1eaa8ac8;  1 drivers
v0x5b10b3de77b0_0 .net *"_ivl_1052", 0 0, L_0x5b10b3ecf890;  1 drivers
v0x5b10b3de7850_0 .net *"_ivl_1055", 0 0, L_0x5b10b3ecfd20;  1 drivers
v0x5b10b3de78f0_0 .net/2u *"_ivl_1056", 31 0, L_0x7c1d1eaa8b10;  1 drivers
v0x5b10b3de7990_0 .net *"_ivl_1058", 31 0, L_0x5b10b3ed0120;  1 drivers
L_0x7c1d1eaa8b58 .functor BUFT 1, C4<00000000000000000010000000010011>, C4<0>, C4<0>, C4<0>;
v0x5b10b3de7a30_0 .net/2u *"_ivl_1060", 31 0, L_0x7c1d1eaa8b58;  1 drivers
v0x5b10b3de7ad0_0 .net *"_ivl_1062", 0 0, L_0x5b10b3ed01e0;  1 drivers
v0x5b10b3de7b70_0 .net *"_ivl_1065", 0 0, L_0x5b10b3ed0320;  1 drivers
v0x5b10b3de7c10_0 .net/2u *"_ivl_1066", 31 0, L_0x7c1d1eaa8ba0;  1 drivers
v0x5b10b3de7cb0_0 .net *"_ivl_1068", 31 0, L_0x5b10b3ed0430;  1 drivers
v0x5b10b3de7d50_0 .net *"_ivl_107", 0 0, L_0x5b10b3eaec60;  1 drivers
L_0x7c1d1eaa8be8 .functor BUFT 1, C4<00000000000000000011000000010011>, C4<0>, C4<0>, C4<0>;
v0x5b10b3de7df0_0 .net/2u *"_ivl_1070", 31 0, L_0x7c1d1eaa8be8;  1 drivers
v0x5b10b3de7e90_0 .net *"_ivl_1072", 0 0, L_0x5b10b3ed04f0;  1 drivers
v0x5b10b3de7f30_0 .net *"_ivl_1075", 0 0, L_0x5b10b3ed0630;  1 drivers
v0x5b10b3de7fd0_0 .net/2u *"_ivl_1076", 31 0, L_0x7c1d1eaa8c30;  1 drivers
v0x5b10b3de8070_0 .net *"_ivl_1078", 31 0, L_0x5b10b3ed0740;  1 drivers
v0x5b10b3de8110_0 .net/2u *"_ivl_108", 31 0, L_0x7c1d1eaa56c0;  1 drivers
L_0x7c1d1eaa8c78 .functor BUFT 1, C4<00000000000000000110000000010011>, C4<0>, C4<0>, C4<0>;
v0x5b10b3de81b0_0 .net/2u *"_ivl_1080", 31 0, L_0x7c1d1eaa8c78;  1 drivers
v0x5b10b3de8250_0 .net *"_ivl_1082", 0 0, L_0x5b10b3ed0880;  1 drivers
v0x5b10b3de82f0_0 .net *"_ivl_1085", 0 0, L_0x5b10b3ed09c0;  1 drivers
v0x5b10b3de8390_0 .net/2u *"_ivl_1086", 31 0, L_0x7c1d1eaa8cc0;  1 drivers
v0x5b10b3de8430_0 .net *"_ivl_1088", 31 0, L_0x5b10b3ed0ad0;  1 drivers
L_0x7c1d1eaa8d08 .functor BUFT 1, C4<00000000000000000100000000010011>, C4<0>, C4<0>, C4<0>;
v0x5b10b3de84d0_0 .net/2u *"_ivl_1090", 31 0, L_0x7c1d1eaa8d08;  1 drivers
v0x5b10b3de8570_0 .net *"_ivl_1092", 0 0, L_0x5b10b3ed0b90;  1 drivers
v0x5b10b3de8610_0 .net *"_ivl_1095", 0 0, L_0x5b10b3ed0cd0;  1 drivers
v0x5b10b3de86b0_0 .net/2u *"_ivl_1096", 31 0, L_0x7c1d1eaa8d50;  1 drivers
v0x5b10b3de8750_0 .net *"_ivl_1098", 31 0, L_0x5b10b3ed0de0;  1 drivers
v0x5b10b3de87f0_0 .net *"_ivl_110", 31 0, L_0x5b10b3eaed70;  1 drivers
L_0x7c1d1eaa8d98 .functor BUFT 1, C4<00000000000000000001000000010011>, C4<0>, C4<0>, C4<0>;
v0x5b10b3de8890_0 .net/2u *"_ivl_1100", 31 0, L_0x7c1d1eaa8d98;  1 drivers
v0x5b10b3de8930_0 .net *"_ivl_1102", 0 0, L_0x5b10b3ed1270;  1 drivers
v0x5b10b3de89d0_0 .net *"_ivl_1105", 0 0, L_0x5b10b3ed0ea0;  1 drivers
v0x5b10b3de8a70_0 .net/2u *"_ivl_1106", 31 0, L_0x7c1d1eaa8de0;  1 drivers
v0x5b10b3de8b10_0 .net *"_ivl_1108", 31 0, L_0x5b10b3ed1450;  1 drivers
L_0x7c1d1eaa8e28 .functor BUFT 1, C4<00000000000000000101000000010011>, C4<0>, C4<0>, C4<0>;
v0x5b10b3de8bb0_0 .net/2u *"_ivl_1110", 31 0, L_0x7c1d1eaa8e28;  1 drivers
v0x5b10b3de8c50_0 .net *"_ivl_1112", 0 0, L_0x5b10b3ed1510;  1 drivers
v0x5b10b3de8cf0_0 .net *"_ivl_1115", 0 0, L_0x5b10b3ed1650;  1 drivers
v0x5b10b3de8d90_0 .net/2u *"_ivl_1116", 31 0, L_0x7c1d1eaa8e70;  1 drivers
v0x5b10b3de8e30_0 .net *"_ivl_1118", 31 0, L_0x5b10b3ed1760;  1 drivers
L_0x7c1d1eaa5708 .functor BUFT 1, C4<00000000000000000000000000110011>, C4<0>, C4<0>, C4<0>;
v0x5b10b3de8ed0_0 .net/2u *"_ivl_112", 31 0, L_0x7c1d1eaa5708;  1 drivers
L_0x7c1d1eaa8eb8 .functor BUFT 1, C4<01000000000000000101000000010011>, C4<0>, C4<0>, C4<0>;
v0x5b10b3de8f70_0 .net/2u *"_ivl_1120", 31 0, L_0x7c1d1eaa8eb8;  1 drivers
v0x5b10b3de9010_0 .net *"_ivl_1122", 0 0, L_0x5b10b3ed1820;  1 drivers
v0x5b10b3de90b0_0 .net *"_ivl_1125", 0 0, L_0x5b10b3ed1ce0;  1 drivers
v0x5b10b3de9150_0 .net/2u *"_ivl_1126", 31 0, L_0x7c1d1eaa8f00;  1 drivers
v0x5b10b3de91f0_0 .net *"_ivl_1128", 31 0, L_0x5b10b3ed1df0;  1 drivers
L_0x7c1d1eaa8f48 .functor BUFT 1, C4<00000000000000000000000000110111>, C4<0>, C4<0>, C4<0>;
v0x5b10b3de9290_0 .net/2u *"_ivl_1130", 31 0, L_0x7c1d1eaa8f48;  1 drivers
v0x5b10b3de9330_0 .net *"_ivl_1132", 0 0, L_0x5b10b3ed1eb0;  1 drivers
v0x5b10b3de93d0_0 .net *"_ivl_1135", 0 0, L_0x5b10b3ed2380;  1 drivers
v0x5b10b3de9470_0 .net/2u *"_ivl_1136", 31 0, L_0x7c1d1eaa8f90;  1 drivers
v0x5b10b3de9510_0 .net *"_ivl_1138", 31 0, L_0x5b10b3ed2780;  1 drivers
v0x5b10b3de95b0_0 .net *"_ivl_114", 0 0, L_0x5b10b3eaeef0;  1 drivers
L_0x7c1d1eaa8fd8 .functor BUFT 1, C4<00000000000000000000000000010111>, C4<0>, C4<0>, C4<0>;
v0x5b10b3de9650_0 .net/2u *"_ivl_1140", 31 0, L_0x7c1d1eaa8fd8;  1 drivers
v0x5b10b3de96f0_0 .net *"_ivl_1142", 0 0, L_0x5b10b3ed2840;  1 drivers
v0x5b10b3de9790_0 .net *"_ivl_1145", 0 0, L_0x5b10b3ed2980;  1 drivers
v0x5b10b3de9830_0 .net/2u *"_ivl_1146", 31 0, L_0x7c1d1eaa9020;  1 drivers
v0x5b10b3de98d0_0 .net *"_ivl_1148", 31 0, L_0x5b10b3ed2a90;  1 drivers
L_0x7c1d1eaa9068 .functor BUFT 1, C4<00000000000000000000000000110011>, C4<0>, C4<0>, C4<0>;
v0x5b10b3de9970_0 .net/2u *"_ivl_1150", 31 0, L_0x7c1d1eaa9068;  1 drivers
v0x5b10b3de9a10_0 .net *"_ivl_1152", 0 0, L_0x5b10b3ed2b50;  1 drivers
v0x5b10b3de9ab0_0 .net *"_ivl_1155", 0 0, L_0x5b10b3ed2c90;  1 drivers
v0x5b10b3de9b50_0 .net/2u *"_ivl_1156", 31 0, L_0x7c1d1eaa90b0;  1 drivers
v0x5b10b3de9bf0_0 .net *"_ivl_1158", 31 0, L_0x5b10b3ed2da0;  1 drivers
L_0x7c1d1eaa90f8 .functor BUFT 1, C4<01000000000000000000000000110011>, C4<0>, C4<0>, C4<0>;
v0x5b10b3de9c90_0 .net/2u *"_ivl_1160", 31 0, L_0x7c1d1eaa90f8;  1 drivers
v0x5b10b3de9d30_0 .net *"_ivl_1162", 0 0, L_0x5b10b3ed2f60;  1 drivers
v0x5b10b3de9dd0_0 .net *"_ivl_1165", 0 0, L_0x5b10b3ed30a0;  1 drivers
v0x5b10b3de9e70_0 .net/2u *"_ivl_1166", 31 0, L_0x7c1d1eaa9140;  1 drivers
v0x5b10b3de9f10_0 .net *"_ivl_1168", 31 0, L_0x5b10b3ed31b0;  1 drivers
v0x5b10b3de9fb0_0 .net *"_ivl_117", 0 0, L_0x5b10b3eaf0a0;  1 drivers
L_0x7c1d1eaa9188 .functor BUFT 1, C4<00000000000000000010000000110011>, C4<0>, C4<0>, C4<0>;
v0x5b10b3dea050_0 .net/2u *"_ivl_1170", 31 0, L_0x7c1d1eaa9188;  1 drivers
v0x5b10b3dea0f0_0 .net *"_ivl_1172", 0 0, L_0x5b10b3ed3270;  1 drivers
v0x5b10b3dea190_0 .net *"_ivl_1175", 0 0, L_0x5b10b3ed33b0;  1 drivers
v0x5b10b3dea230_0 .net/2u *"_ivl_1176", 31 0, L_0x7c1d1eaa91d0;  1 drivers
v0x5b10b3dea2d0_0 .net *"_ivl_1178", 31 0, L_0x5b10b3ed34c0;  1 drivers
v0x5b10b3dea370_0 .net/2u *"_ivl_118", 31 0, L_0x7c1d1eaa5750;  1 drivers
L_0x7c1d1eaa9218 .functor BUFT 1, C4<00000000000000000011000000110011>, C4<0>, C4<0>, C4<0>;
v0x5b10b3dea410_0 .net/2u *"_ivl_1180", 31 0, L_0x7c1d1eaa9218;  1 drivers
v0x5b10b3dea4b0_0 .net *"_ivl_1182", 0 0, L_0x5b10b3ed3580;  1 drivers
v0x5b10b3dea550_0 .net *"_ivl_1185", 0 0, L_0x5b10b3ed3a60;  1 drivers
v0x5b10b3dea5f0_0 .net/2u *"_ivl_1186", 31 0, L_0x7c1d1eaa9260;  1 drivers
v0x5b10b3dea690_0 .net *"_ivl_1188", 31 0, L_0x5b10b3ed3b70;  1 drivers
L_0x7c1d1eaa92a8 .functor BUFT 1, C4<00000000000000000100000000110011>, C4<0>, C4<0>, C4<0>;
v0x5b10b3dea730_0 .net/2u *"_ivl_1190", 31 0, L_0x7c1d1eaa92a8;  1 drivers
v0x5b10b3dea7d0_0 .net *"_ivl_1192", 0 0, L_0x5b10b3ed3c30;  1 drivers
v0x5b10b3dea870_0 .net *"_ivl_1195", 0 0, L_0x5b10b3ed4130;  1 drivers
v0x5b10b3dea910_0 .net/2u *"_ivl_1196", 31 0, L_0x7c1d1eaa92f0;  1 drivers
v0x5b10b3dea9b0_0 .net *"_ivl_1198", 31 0, L_0x5b10b3ed4590;  1 drivers
L_0x7c1d1eaa5168 .functor BUFT 1, C4<00000000000000000000000000010011>, C4<0>, C4<0>, C4<0>;
v0x5b10b3deaa50_0 .net/2u *"_ivl_12", 31 0, L_0x7c1d1eaa5168;  1 drivers
v0x5b10b3deaaf0_0 .net *"_ivl_120", 31 0, L_0x5b10b3eaf1b0;  1 drivers
L_0x7c1d1eaa9338 .functor BUFT 1, C4<00000000000000000110000000110011>, C4<0>, C4<0>, C4<0>;
v0x5b10b3deab90_0 .net/2u *"_ivl_1200", 31 0, L_0x7c1d1eaa9338;  1 drivers
v0x5b10b3deac30_0 .net *"_ivl_1202", 0 0, L_0x5b10b3ed4650;  1 drivers
v0x5b10b3deacd0_0 .net *"_ivl_1205", 0 0, L_0x5b10b3ed4790;  1 drivers
v0x5b10b3dead70_0 .net/2u *"_ivl_1206", 31 0, L_0x7c1d1eaa9380;  1 drivers
v0x5b10b3deae10_0 .net *"_ivl_1208", 31 0, L_0x5b10b3ed48a0;  1 drivers
L_0x7c1d1eaa93c8 .functor BUFT 1, C4<00000000000000000111000000110011>, C4<0>, C4<0>, C4<0>;
v0x5b10b3deaeb0_0 .net/2u *"_ivl_1210", 31 0, L_0x7c1d1eaa93c8;  1 drivers
v0x5b10b3deaf50_0 .net *"_ivl_1212", 0 0, L_0x5b10b3ed4960;  1 drivers
v0x5b10b3deaff0_0 .net *"_ivl_1215", 0 0, L_0x5b10b3ed4aa0;  1 drivers
v0x5b10b3deb090_0 .net/2u *"_ivl_1216", 31 0, L_0x7c1d1eaa9410;  1 drivers
v0x5b10b3deb130_0 .net *"_ivl_1218", 31 0, L_0x5b10b3ed4bb0;  1 drivers
L_0x7c1d1eaa5798 .functor BUFT 1, C4<01000000000000000000000000110011>, C4<0>, C4<0>, C4<0>;
v0x5b10b3deb1d0_0 .net/2u *"_ivl_122", 31 0, L_0x7c1d1eaa5798;  1 drivers
L_0x7c1d1eaa9458 .functor BUFT 1, C4<00000000000000000001000000110011>, C4<0>, C4<0>, C4<0>;
v0x5b10b3deb270_0 .net/2u *"_ivl_1220", 31 0, L_0x7c1d1eaa9458;  1 drivers
v0x5b10b3deb310_0 .net *"_ivl_1222", 0 0, L_0x5b10b3ed4c70;  1 drivers
v0x5b10b3deb3b0_0 .net *"_ivl_1225", 0 0, L_0x5b10b3ed4e20;  1 drivers
v0x5b10b3deb450_0 .net/2u *"_ivl_1226", 31 0, L_0x7c1d1eaa94a0;  1 drivers
v0x5b10b3deb4f0_0 .net *"_ivl_1228", 31 0, L_0x5b10b3ed4f30;  1 drivers
L_0x7c1d1eaa94e8 .functor BUFT 1, C4<00000000000000000101000000110011>, C4<0>, C4<0>, C4<0>;
v0x5b10b3debda0_0 .net/2u *"_ivl_1230", 31 0, L_0x7c1d1eaa94e8;  1 drivers
v0x5b10b3debe40_0 .net *"_ivl_1232", 0 0, L_0x5b10b3ed4ff0;  1 drivers
v0x5b10b3debee0_0 .net *"_ivl_1235", 0 0, L_0x5b10b3ec03b0;  1 drivers
v0x5b10b3debf80_0 .net/2u *"_ivl_1236", 31 0, L_0x7c1d1eaa9530;  1 drivers
v0x5b10b3dec020_0 .net *"_ivl_1238", 31 0, L_0x5b10b3ec04c0;  1 drivers
v0x5b10b3dec0c0_0 .net *"_ivl_124", 0 0, L_0x5b10b3eaf340;  1 drivers
L_0x7c1d1eaa9578 .functor BUFT 1, C4<01000000000000000101000000110011>, C4<0>, C4<0>, C4<0>;
v0x5b10b3dec160_0 .net/2u *"_ivl_1240", 31 0, L_0x7c1d1eaa9578;  1 drivers
v0x5b10b3dec200_0 .net *"_ivl_1242", 0 0, L_0x5b10b3ec0580;  1 drivers
v0x5b10b3dec2a0_0 .net/2u *"_ivl_1246", 31 0, L_0x7c1d1eaa95c0;  1 drivers
v0x5b10b3dec340_0 .net *"_ivl_1248", 31 0, L_0x5b10b3ec07d0;  1 drivers
L_0x7c1d1eaa9608 .functor BUFT 1, C4<00000000000000000000000000000011>, C4<0>, C4<0>, C4<0>;
v0x5b10b3dec3e0_0 .net/2u *"_ivl_1250", 31 0, L_0x7c1d1eaa9608;  1 drivers
v0x5b10b3dec480_0 .net *"_ivl_1252", 0 0, L_0x5b10b3ec0890;  1 drivers
v0x5b10b3dec520_0 .net/2u *"_ivl_1254", 31 0, L_0x7c1d1eaa9650;  1 drivers
v0x5b10b3dec5c0_0 .net *"_ivl_1256", 31 0, L_0x5b10b3ec09d0;  1 drivers
L_0x7c1d1eaa9698 .functor BUFT 1, C4<00000000000000000001000000000011>, C4<0>, C4<0>, C4<0>;
v0x5b10b3dec660_0 .net/2u *"_ivl_1258", 31 0, L_0x7c1d1eaa9698;  1 drivers
v0x5b10b3dec700_0 .net *"_ivl_1260", 0 0, L_0x5b10b3ec0a90;  1 drivers
v0x5b10b3dec7a0_0 .net *"_ivl_1263", 0 0, L_0x5b10b3ed5960;  1 drivers
v0x5b10b3dec840_0 .net/2u *"_ivl_1264", 31 0, L_0x7c1d1eaa96e0;  1 drivers
v0x5b10b3dec8e0_0 .net *"_ivl_1266", 31 0, L_0x5b10b3ed5a70;  1 drivers
L_0x7c1d1eaa9728 .functor BUFT 1, C4<00000000000000000010000000000011>, C4<0>, C4<0>, C4<0>;
v0x5b10b3dec980_0 .net/2u *"_ivl_1268", 31 0, L_0x7c1d1eaa9728;  1 drivers
v0x5b10b3deca20_0 .net *"_ivl_127", 0 0, L_0x5b10b3eaf480;  1 drivers
v0x5b10b3decac0_0 .net *"_ivl_1270", 0 0, L_0x5b10b3ed5b30;  1 drivers
v0x5b10b3decb60_0 .net *"_ivl_1273", 0 0, L_0x5b10b3ed6070;  1 drivers
v0x5b10b3decc00_0 .net/2u *"_ivl_1274", 31 0, L_0x7c1d1eaa9770;  1 drivers
v0x5b10b3decca0_0 .net *"_ivl_1276", 31 0, L_0x5b10b3ed79c0;  1 drivers
L_0x7c1d1eaa97b8 .functor BUFT 1, C4<00000000000000000100000000000011>, C4<0>, C4<0>, C4<0>;
v0x5b10b3decd40_0 .net/2u *"_ivl_1278", 31 0, L_0x7c1d1eaa97b8;  1 drivers
v0x5b10b3decde0_0 .net/2u *"_ivl_128", 31 0, L_0x7c1d1eaa57e0;  1 drivers
v0x5b10b3dece80_0 .net *"_ivl_1280", 0 0, L_0x5b10b3ed7100;  1 drivers
v0x5b10b3decf20_0 .net *"_ivl_1283", 0 0, L_0x5b10b3ed7240;  1 drivers
v0x5b10b3decfc0_0 .net/2u *"_ivl_1284", 31 0, L_0x7c1d1eaa9800;  1 drivers
v0x5b10b3ded060_0 .net *"_ivl_1286", 31 0, L_0x5b10b3ed7350;  1 drivers
L_0x7c1d1eaa9848 .functor BUFT 1, C4<00000000000000000101000000000011>, C4<0>, C4<0>, C4<0>;
v0x5b10b3ded100_0 .net/2u *"_ivl_1288", 31 0, L_0x7c1d1eaa9848;  1 drivers
v0x5b10b3ded1a0_0 .net *"_ivl_1290", 0 0, L_0x5b10b3ed7410;  1 drivers
v0x5b10b3ded240_0 .net *"_ivl_1293", 0 0, L_0x5b10b3ed7550;  1 drivers
v0x5b10b3ded2e0_0 .net/2u *"_ivl_1294", 31 0, L_0x7c1d1eaa9890;  1 drivers
v0x5b10b3ded380_0 .net *"_ivl_1296", 31 0, L_0x5b10b3ed7660;  1 drivers
L_0x7c1d1eaa98d8 .functor BUFT 1, C4<00000000000000000110000000000011>, C4<0>, C4<0>, C4<0>;
v0x5b10b3ded420_0 .net/2u *"_ivl_1298", 31 0, L_0x7c1d1eaa98d8;  1 drivers
v0x5b10b3ded4c0_0 .net *"_ivl_130", 31 0, L_0x5b10b3eaf590;  1 drivers
v0x5b10b3ded560_0 .net *"_ivl_1300", 0 0, L_0x5b10b3ed7720;  1 drivers
v0x5b10b3ded600_0 .net *"_ivl_1303", 0 0, L_0x5b10b3ed7860;  1 drivers
v0x5b10b3ded6a0_0 .net/2u *"_ivl_1304", 31 0, L_0x7c1d1eaa9920;  1 drivers
v0x5b10b3ded740_0 .net *"_ivl_1306", 31 0, L_0x5b10b3ed7ad0;  1 drivers
L_0x7c1d1eaa9968 .functor BUFT 1, C4<00000000000000000000000000100011>, C4<0>, C4<0>, C4<0>;
v0x5b10b3ded7e0_0 .net/2u *"_ivl_1308", 31 0, L_0x7c1d1eaa9968;  1 drivers
v0x5b10b3ded880_0 .net *"_ivl_1310", 0 0, L_0x5b10b3ed7b90;  1 drivers
v0x5b10b3ded920_0 .net *"_ivl_1313", 0 0, L_0x5b10b3ed80f0;  1 drivers
v0x5b10b3ded9c0_0 .net/2u *"_ivl_1314", 31 0, L_0x7c1d1eaa99b0;  1 drivers
v0x5b10b3deda60_0 .net *"_ivl_1316", 31 0, L_0x5b10b3ed8200;  1 drivers
L_0x7c1d1eaa99f8 .functor BUFT 1, C4<00000000000000000001000000100011>, C4<0>, C4<0>, C4<0>;
v0x5b10b3dedb00_0 .net/2u *"_ivl_1318", 31 0, L_0x7c1d1eaa99f8;  1 drivers
L_0x7c1d1eaa5828 .functor BUFT 1, C4<00000000000000000010000000110011>, C4<0>, C4<0>, C4<0>;
v0x5b10b3dedba0_0 .net/2u *"_ivl_132", 31 0, L_0x7c1d1eaa5828;  1 drivers
v0x5b10b3dedc40_0 .net *"_ivl_1320", 0 0, L_0x5b10b3ed8f40;  1 drivers
v0x5b10b3dedce0_0 .net *"_ivl_1323", 0 0, L_0x5b10b3ed9080;  1 drivers
v0x5b10b3dedd80_0 .net/2u *"_ivl_1324", 31 0, L_0x7c1d1eaa9a40;  1 drivers
v0x5b10b3dede20_0 .net *"_ivl_1326", 31 0, L_0x5b10b3ed9190;  1 drivers
L_0x7c1d1eaa9a88 .functor BUFT 1, C4<00000000000000000010000000100011>, C4<0>, C4<0>, C4<0>;
v0x5b10b3dedec0_0 .net/2u *"_ivl_1328", 31 0, L_0x7c1d1eaa9a88;  1 drivers
v0x5b10b3dedf60_0 .net *"_ivl_1330", 0 0, L_0x5b10b3ed86d0;  1 drivers
v0x5b10b3dee000_0 .net/2u *"_ivl_1334", 31 0, L_0x7c1d1eaa9ad0;  1 drivers
v0x5b10b3dee0a0_0 .net *"_ivl_1336", 31 0, L_0x5b10b3ed8d50;  1 drivers
L_0x7c1d1eaa9b18 .functor BUFT 1, C4<00000000000000000000000001101111>, C4<0>, C4<0>, C4<0>;
v0x5b10b3dee140_0 .net/2u *"_ivl_1338", 31 0, L_0x7c1d1eaa9b18;  1 drivers
v0x5b10b3dee1e0_0 .net *"_ivl_134", 0 0, L_0x5b10b3eaf730;  1 drivers
v0x5b10b3dee280_0 .net *"_ivl_1340", 0 0, L_0x5b10b3ed8e10;  1 drivers
v0x5b10b3dee320_0 .net/2u *"_ivl_1342", 31 0, L_0x7c1d1eaa9b60;  1 drivers
v0x5b10b3dee3c0_0 .net *"_ivl_1344", 31 0, L_0x5b10b3ed7d20;  1 drivers
L_0x7c1d1eaa9ba8 .functor BUFT 1, C4<00000000000000000000000001100111>, C4<0>, C4<0>, C4<0>;
v0x5b10b3dee460_0 .net/2u *"_ivl_1346", 31 0, L_0x7c1d1eaa9ba8;  1 drivers
v0x5b10b3dee500_0 .net *"_ivl_1348", 0 0, L_0x5b10b3ed7de0;  1 drivers
v0x5b10b3dee5a0_0 .net *"_ivl_1351", 0 0, L_0x5b10b3ed7f20;  1 drivers
v0x5b10b3dee640_0 .net/2u *"_ivl_1352", 31 0, L_0x7c1d1eaa9bf0;  1 drivers
v0x5b10b3dee6e0_0 .net *"_ivl_1354", 31 0, L_0x5b10b3ed8030;  1 drivers
L_0x7c1d1eaa9c38 .functor BUFT 1, C4<00000000000000000000000001100011>, C4<0>, C4<0>, C4<0>;
v0x5b10b3dee780_0 .net/2u *"_ivl_1356", 31 0, L_0x7c1d1eaa9c38;  1 drivers
v0x5b10b3dee820_0 .net *"_ivl_1358", 0 0, L_0x5b10b3ed8810;  1 drivers
v0x5b10b3dee8c0_0 .net *"_ivl_1361", 0 0, L_0x5b10b3ed8950;  1 drivers
v0x5b10b3dee960_0 .net/2u *"_ivl_1362", 31 0, L_0x7c1d1eaa9c80;  1 drivers
v0x5b10b3deea00_0 .net *"_ivl_1364", 31 0, L_0x5b10b3ed8a60;  1 drivers
L_0x7c1d1eaa9cc8 .functor BUFT 1, C4<00000000000000000001000001100011>, C4<0>, C4<0>, C4<0>;
v0x5b10b3deeaa0_0 .net/2u *"_ivl_1366", 31 0, L_0x7c1d1eaa9cc8;  1 drivers
v0x5b10b3deeb40_0 .net *"_ivl_1368", 0 0, L_0x5b10b3ed8b20;  1 drivers
v0x5b10b3deebe0_0 .net *"_ivl_137", 0 0, L_0x5b10b3eaf030;  1 drivers
v0x5b10b3deec80_0 .net *"_ivl_1371", 0 0, L_0x5b10b3ed96f0;  1 drivers
v0x5b10b3deed20_0 .net/2u *"_ivl_1372", 31 0, L_0x7c1d1eaa9d10;  1 drivers
v0x5b10b3deedc0_0 .net *"_ivl_1374", 31 0, L_0x5b10b3ed9800;  1 drivers
L_0x7c1d1eaa9d58 .functor BUFT 1, C4<00000000000000000100000001100011>, C4<0>, C4<0>, C4<0>;
v0x5b10b3deee60_0 .net/2u *"_ivl_1376", 31 0, L_0x7c1d1eaa9d58;  1 drivers
v0x5b10b3deef00_0 .net *"_ivl_1378", 0 0, L_0x5b10b3ed98c0;  1 drivers
v0x5b10b3deefa0_0 .net/2u *"_ivl_138", 31 0, L_0x7c1d1eaa5870;  1 drivers
v0x5b10b3def040_0 .net *"_ivl_1381", 0 0, L_0x5b10b3ed9a00;  1 drivers
v0x5b10b3def0e0_0 .net/2u *"_ivl_1382", 31 0, L_0x7c1d1eaa9da0;  1 drivers
v0x5b10b3def180_0 .net *"_ivl_1384", 31 0, L_0x5b10b3ed9b10;  1 drivers
L_0x7c1d1eaa9de8 .functor BUFT 1, C4<00000000000000000101000001100011>, C4<0>, C4<0>, C4<0>;
v0x5b10b3def220_0 .net/2u *"_ivl_1386", 31 0, L_0x7c1d1eaa9de8;  1 drivers
v0x5b10b3def2c0_0 .net *"_ivl_1388", 0 0, L_0x5b10b3ed9bd0;  1 drivers
v0x5b10b3def360_0 .net *"_ivl_1391", 0 0, L_0x5b10b3ed9d10;  1 drivers
v0x5b10b3def400_0 .net/2u *"_ivl_1392", 31 0, L_0x7c1d1eaa9e30;  1 drivers
v0x5b10b3def4a0_0 .net *"_ivl_1394", 31 0, L_0x5b10b3ed9e20;  1 drivers
L_0x7c1d1eaa9e78 .functor BUFT 1, C4<00000000000000000110000001100011>, C4<0>, C4<0>, C4<0>;
v0x5b10b3def540_0 .net/2u *"_ivl_1396", 31 0, L_0x7c1d1eaa9e78;  1 drivers
v0x5b10b3def5e0_0 .net *"_ivl_1398", 0 0, L_0x5b10b3ed9ee0;  1 drivers
v0x5b10b3def680_0 .net *"_ivl_14", 0 0, L_0x5b10b3eacd70;  1 drivers
v0x5b10b3def720_0 .net *"_ivl_140", 31 0, L_0x5b10b3eaf990;  1 drivers
v0x5b10b3def7c0_0 .net *"_ivl_1401", 0 0, L_0x5b10b3eda020;  1 drivers
v0x5b10b3def860_0 .net/2u *"_ivl_1402", 31 0, L_0x7c1d1eaa9ec0;  1 drivers
v0x5b10b3def900_0 .net *"_ivl_1404", 31 0, L_0x5b10b3eda130;  1 drivers
L_0x7c1d1eaa9f08 .functor BUFT 1, C4<00000000000000000111000001100011>, C4<0>, C4<0>, C4<0>;
v0x5b10b3def9a0_0 .net/2u *"_ivl_1406", 31 0, L_0x7c1d1eaa9f08;  1 drivers
v0x5b10b3defa40_0 .net *"_ivl_1408", 0 0, L_0x5b10b3eda1f0;  1 drivers
v0x5b10b3defae0_0 .net/2u *"_ivl_1412", 31 0, L_0x7c1d1eaa9f50;  1 drivers
v0x5b10b3defb80_0 .net *"_ivl_1414", 31 0, L_0x5b10b3ed93b0;  1 drivers
L_0x7c1d1eaa9f98 .functor BUFT 1, C4<00000010000000000000000000110011>, C4<0>, C4<0>, C4<0>;
v0x5b10b3defc20_0 .net/2u *"_ivl_1416", 31 0, L_0x7c1d1eaa9f98;  1 drivers
v0x5b10b3defcc0_0 .net *"_ivl_1418", 0 0, L_0x5b10b3ed9470;  1 drivers
L_0x7c1d1eaa58b8 .functor BUFT 1, C4<00000000000000000011000000110011>, C4<0>, C4<0>, C4<0>;
v0x5b10b3defd60_0 .net/2u *"_ivl_142", 31 0, L_0x7c1d1eaa58b8;  1 drivers
v0x5b10b3defe00_0 .net/2u *"_ivl_1420", 31 0, L_0x7c1d1eaa9fe0;  1 drivers
v0x5b10b3defea0_0 .net *"_ivl_1422", 31 0, L_0x5b10b3ed95b0;  1 drivers
L_0x7c1d1eaaa028 .functor BUFT 1, C4<00000010000000000001000000110011>, C4<0>, C4<0>, C4<0>;
v0x5b10b3deff40_0 .net/2u *"_ivl_1424", 31 0, L_0x7c1d1eaaa028;  1 drivers
v0x5b10b3deffe0_0 .net *"_ivl_1426", 0 0, L_0x5b10b3eda7a0;  1 drivers
v0x5b10b3df0080_0 .net *"_ivl_1429", 0 0, L_0x5b10b3ed9670;  1 drivers
v0x5b10b3df0120_0 .net/2u *"_ivl_1430", 31 0, L_0x7c1d1eaaa070;  1 drivers
v0x5b10b3df01c0_0 .net *"_ivl_1432", 31 0, L_0x5b10b3eda930;  1 drivers
L_0x7c1d1eaaa0b8 .functor BUFT 1, C4<00000010000000000010000000110011>, C4<0>, C4<0>, C4<0>;
v0x5b10b3df0260_0 .net/2u *"_ivl_1434", 31 0, L_0x7c1d1eaaa0b8;  1 drivers
v0x5b10b3df0300_0 .net *"_ivl_1436", 0 0, L_0x5b10b3eda9f0;  1 drivers
v0x5b10b3df03a0_0 .net *"_ivl_1439", 0 0, L_0x5b10b3edab30;  1 drivers
v0x5b10b3df0440_0 .net *"_ivl_144", 0 0, L_0x5b10b3eafb40;  1 drivers
v0x5b10b3df04e0_0 .net/2u *"_ivl_1440", 31 0, L_0x7c1d1eaaa100;  1 drivers
v0x5b10b3df0580_0 .net *"_ivl_1442", 31 0, L_0x5b10b3edac40;  1 drivers
L_0x7c1d1eaaa148 .functor BUFT 1, C4<00000010000000000011000000110011>, C4<0>, C4<0>, C4<0>;
v0x5b10b3df0620_0 .net/2u *"_ivl_1444", 31 0, L_0x7c1d1eaaa148;  1 drivers
v0x5b10b3df06c0_0 .net *"_ivl_1446", 0 0, L_0x5b10b3edad00;  1 drivers
v0x5b10b3df0760_0 .net *"_ivl_1449", 0 0, L_0x5b10b3eda330;  1 drivers
v0x5b10b3df0800_0 .net/2u *"_ivl_1452", 31 0, L_0x7c1d1eaaa190;  1 drivers
v0x5b10b3df08a0_0 .net *"_ivl_1454", 31 0, L_0x5b10b3eda500;  1 drivers
L_0x7c1d1eaaa1d8 .functor BUFT 1, C4<00000010000000000100000000110011>, C4<0>, C4<0>, C4<0>;
v0x5b10b3df0940_0 .net/2u *"_ivl_1456", 31 0, L_0x7c1d1eaaa1d8;  1 drivers
v0x5b10b3df09e0_0 .net *"_ivl_1458", 0 0, L_0x5b10b3eda5c0;  1 drivers
v0x5b10b3df0a80_0 .net/2u *"_ivl_1460", 31 0, L_0x7c1d1eaaa220;  1 drivers
v0x5b10b3df0b20_0 .net *"_ivl_1462", 31 0, L_0x5b10b3eda700;  1 drivers
L_0x7c1d1eaaa268 .functor BUFT 1, C4<00000010000000000101000000110011>, C4<0>, C4<0>, C4<0>;
v0x5b10b3df0bc0_0 .net/2u *"_ivl_1464", 31 0, L_0x7c1d1eaaa268;  1 drivers
v0x5b10b3df0c60_0 .net *"_ivl_1466", 0 0, L_0x5b10b3edb320;  1 drivers
v0x5b10b3df0d00_0 .net *"_ivl_1469", 0 0, L_0x5b10b3edb900;  1 drivers
v0x5b10b3deb590_0 .net *"_ivl_147", 0 0, L_0x5b10b3eafc80;  1 drivers
v0x5b10b3deb630_0 .net/2u *"_ivl_1470", 31 0, L_0x7c1d1eaaa2b0;  1 drivers
v0x5b10b3deb710_0 .net *"_ivl_1472", 31 0, L_0x5b10b3edae90;  1 drivers
L_0x7c1d1eaaa2f8 .functor BUFT 1, C4<00000010000000000110000000110011>, C4<0>, C4<0>, C4<0>;
v0x5b10b3deb7f0_0 .net/2u *"_ivl_1474", 31 0, L_0x7c1d1eaaa2f8;  1 drivers
v0x5b10b3deb8d0_0 .net *"_ivl_1476", 0 0, L_0x5b10b3edaf50;  1 drivers
v0x5b10b3deb990_0 .net *"_ivl_1479", 0 0, L_0x5b10b3edb090;  1 drivers
v0x5b10b3deba50_0 .net/2u *"_ivl_148", 31 0, L_0x7c1d1eaa5900;  1 drivers
v0x5b10b3debb30_0 .net/2u *"_ivl_1480", 31 0, L_0x7c1d1eaaa340;  1 drivers
v0x5b10b3debc10_0 .net *"_ivl_1482", 31 0, L_0x5b10b3edb1a0;  1 drivers
L_0x7c1d1eaaa388 .functor BUFT 1, C4<00000010000000000111000000110011>, C4<0>, C4<0>, C4<0>;
v0x5b10b3debcf0_0 .net/2u *"_ivl_1484", 31 0, L_0x7c1d1eaaa388;  1 drivers
v0x5b10b3df1db0_0 .net *"_ivl_1486", 0 0, L_0x5b10b3edc350;  1 drivers
v0x5b10b3df1e50_0 .net *"_ivl_1489", 0 0, L_0x5b10b3edb460;  1 drivers
v0x5b10b3df1ef0_0 .net/2u *"_ivl_1492", 31 0, L_0x7c1d1eaaa3d0;  1 drivers
v0x5b10b3df1f90_0 .net *"_ivl_1494", 31 0, L_0x5b10b3edb630;  1 drivers
L_0x7c1d1eaaa418 .functor BUFT 1, C4<00000000000000000000000001110011>, C4<0>, C4<0>, C4<0>;
v0x5b10b3df2030_0 .net/2u *"_ivl_1496", 31 0, L_0x7c1d1eaaa418;  1 drivers
v0x5b10b3df20d0_0 .net *"_ivl_1498", 0 0, L_0x5b10b3edb6f0;  1 drivers
v0x5b10b3df2170_0 .net *"_ivl_150", 31 0, L_0x5b10b3eafd90;  1 drivers
v0x5b10b3df2210_0 .net/2u *"_ivl_1500", 31 0, L_0x7c1d1eaaa460;  1 drivers
v0x5b10b3df22b0_0 .net *"_ivl_1502", 31 0, L_0x5b10b3edb830;  1 drivers
L_0x7c1d1eaaa4a8 .functor BUFT 1, C4<00000000000100000000000001110011>, C4<0>, C4<0>, C4<0>;
v0x5b10b3df2350_0 .net/2u *"_ivl_1504", 31 0, L_0x7c1d1eaaa4a8;  1 drivers
v0x5b10b3df23f0_0 .net *"_ivl_1506", 0 0, L_0x5b10b3edb9c0;  1 drivers
v0x5b10b3df2490_0 .net *"_ivl_1509", 0 0, L_0x5b10b3edbfc0;  1 drivers
v0x5b10b3df2530_0 .net/2u *"_ivl_1510", 31 0, L_0x7c1d1eaaa4f0;  1 drivers
v0x5b10b3df25d0_0 .net *"_ivl_1512", 31 0, L_0x5b10b3edc0d0;  1 drivers
L_0x7c1d1eaaa538 .functor BUFT 1, C4<00000000001000000000000001110011>, C4<0>, C4<0>, C4<0>;
v0x5b10b3df2670_0 .net/2u *"_ivl_1514", 31 0, L_0x7c1d1eaaa538;  1 drivers
v0x5b10b3df2710_0 .net *"_ivl_1516", 0 0, L_0x5b10b3edc190;  1 drivers
v0x5b10b3df27b0_0 .net *"_ivl_1519", 0 0, L_0x5b10b3edc2d0;  1 drivers
L_0x7c1d1eaa5948 .functor BUFT 1, C4<00000000000000000100000000110011>, C4<0>, C4<0>, C4<0>;
v0x5b10b3df2850_0 .net/2u *"_ivl_152", 31 0, L_0x7c1d1eaa5948;  1 drivers
v0x5b10b3df28f0_0 .net/2u *"_ivl_1520", 31 0, L_0x7c1d1eaaa580;  1 drivers
v0x5b10b3df2990_0 .net *"_ivl_1522", 31 0, L_0x5b10b3edc4e0;  1 drivers
L_0x7c1d1eaaa5c8 .functor BUFT 1, C4<00000000000000000001000001110011>, C4<0>, C4<0>, C4<0>;
v0x5b10b3df2a30_0 .net/2u *"_ivl_1524", 31 0, L_0x7c1d1eaaa5c8;  1 drivers
v0x5b10b3df2ad0_0 .net *"_ivl_1526", 0 0, L_0x5b10b3edc5a0;  1 drivers
v0x5b10b3df2b70_0 .net *"_ivl_1529", 0 0, L_0x5b10b3edc6e0;  1 drivers
v0x5b10b3df2c10_0 .net/2u *"_ivl_1530", 31 0, L_0x7c1d1eaaa610;  1 drivers
v0x5b10b3df2cb0_0 .net *"_ivl_1532", 31 0, L_0x5b10b3edc7f0;  1 drivers
L_0x7c1d1eaaa658 .functor BUFT 1, C4<00000000000000000010000001110011>, C4<0>, C4<0>, C4<0>;
v0x5b10b3df2d50_0 .net/2u *"_ivl_1534", 31 0, L_0x7c1d1eaaa658;  1 drivers
v0x5b10b3df2df0_0 .net *"_ivl_1536", 0 0, L_0x5b10b3edc8b0;  1 drivers
v0x5b10b3df2e90_0 .net *"_ivl_1539", 0 0, L_0x5b10b3edc9f0;  1 drivers
v0x5b10b3df2f30_0 .net *"_ivl_154", 0 0, L_0x5b10b3eaff50;  1 drivers
v0x5b10b3df2fd0_0 .net/2u *"_ivl_1540", 31 0, L_0x7c1d1eaaa6a0;  1 drivers
v0x5b10b3df3070_0 .net *"_ivl_1542", 31 0, L_0x5b10b3edcb00;  1 drivers
L_0x7c1d1eaaa6e8 .functor BUFT 1, C4<00000000000000000011000001110011>, C4<0>, C4<0>, C4<0>;
v0x5b10b3df3110_0 .net/2u *"_ivl_1544", 31 0, L_0x7c1d1eaaa6e8;  1 drivers
v0x5b10b3df31b0_0 .net *"_ivl_1546", 0 0, L_0x5b10b3edcbc0;  1 drivers
v0x5b10b3df3250_0 .net *"_ivl_1549", 0 0, L_0x5b10b3edbb00;  1 drivers
v0x5b10b3df32f0_0 .net/2u *"_ivl_1550", 31 0, L_0x7c1d1eaaa730;  1 drivers
v0x5b10b3df3390_0 .net *"_ivl_1552", 31 0, L_0x5b10b3edbc10;  1 drivers
L_0x7c1d1eaaa778 .functor BUFT 1, C4<00000000000000000101000001110011>, C4<0>, C4<0>, C4<0>;
v0x5b10b3df3430_0 .net/2u *"_ivl_1554", 31 0, L_0x7c1d1eaaa778;  1 drivers
v0x5b10b3df34d0_0 .net *"_ivl_1556", 0 0, L_0x5b10b3edbcd0;  1 drivers
v0x5b10b3df3570_0 .net *"_ivl_1559", 0 0, L_0x5b10b3edbe10;  1 drivers
v0x5b10b3df3610_0 .net/2u *"_ivl_1560", 31 0, L_0x7c1d1eaaa7c0;  1 drivers
v0x5b10b3df36b0_0 .net *"_ivl_1562", 31 0, L_0x5b10b3edbf20;  1 drivers
L_0x7c1d1eaaa808 .functor BUFT 1, C4<00000000000000000110000001110011>, C4<0>, C4<0>, C4<0>;
v0x5b10b3df3750_0 .net/2u *"_ivl_1564", 31 0, L_0x7c1d1eaaa808;  1 drivers
v0x5b10b3df37f0_0 .net *"_ivl_1566", 0 0, L_0x5b10b3edd230;  1 drivers
v0x5b10b3df3890_0 .net *"_ivl_1569", 0 0, L_0x5b10b3edd370;  1 drivers
v0x5b10b3df3930_0 .net *"_ivl_157", 0 0, L_0x5b10b3eb0120;  1 drivers
v0x5b10b3df39d0_0 .net/2u *"_ivl_1570", 31 0, L_0x7c1d1eaaa850;  1 drivers
v0x5b10b3df3a70_0 .net *"_ivl_1572", 31 0, L_0x5b10b3edd480;  1 drivers
L_0x7c1d1eaaa898 .functor BUFT 1, C4<00000000000000000111000001110011>, C4<0>, C4<0>, C4<0>;
v0x5b10b3df3b10_0 .net/2u *"_ivl_1574", 31 0, L_0x7c1d1eaaa898;  1 drivers
v0x5b10b3df3bb0_0 .net *"_ivl_1576", 0 0, L_0x5b10b3edd540;  1 drivers
v0x5b10b3df3c50_0 .net *"_ivl_1579", 0 0, L_0x5b10b3edd680;  1 drivers
v0x5b10b3df3cf0_0 .net/2u *"_ivl_158", 31 0, L_0x7c1d1eaa5990;  1 drivers
v0x5b10b3df3d90_0 .net/2u *"_ivl_1580", 31 0, L_0x7c1d1eaaa8e0;  1 drivers
v0x5b10b3df3e30_0 .net *"_ivl_1582", 31 0, L_0x5b10b3edd790;  1 drivers
L_0x7c1d1eaaa928 .functor BUFT 1, C4<00010000010100000000000001110011>, C4<0>, C4<0>, C4<0>;
v0x5b10b3df3ed0_0 .net/2u *"_ivl_1584", 31 0, L_0x7c1d1eaaa928;  1 drivers
v0x5b10b3df3f70_0 .net *"_ivl_1586", 0 0, L_0x5b10b3edd850;  1 drivers
v0x5b10b3df4010_0 .net *"_ivl_1589", 0 0, L_0x5b10b3edcd00;  1 drivers
v0x5b10b3df40b0_0 .net/2u *"_ivl_1590", 31 0, L_0x7c1d1eaaa970;  1 drivers
v0x5b10b3df4150_0 .net *"_ivl_1592", 31 0, L_0x5b10b3edce10;  1 drivers
L_0x7c1d1eaaa9b8 .functor BUFT 1, C4<00000000000000000000000000001111>, C4<0>, C4<0>, C4<0>;
v0x5b10b3df41f0_0 .net/2u *"_ivl_1594", 31 0, L_0x7c1d1eaaa9b8;  1 drivers
v0x5b10b3df4290_0 .net *"_ivl_1596", 0 0, L_0x5b10b3edced0;  1 drivers
v0x5b10b3df4330_0 .net *"_ivl_1599", 0 0, L_0x5b10b3edd010;  1 drivers
v0x5b10b3df43d0_0 .net *"_ivl_160", 31 0, L_0x5b10b3eb0230;  1 drivers
v0x5b10b3df4470_0 .net/2u *"_ivl_1600", 31 0, L_0x7c1d1eaaaa00;  1 drivers
v0x5b10b3df4510_0 .net *"_ivl_1602", 31 0, L_0x5b10b3edd120;  1 drivers
L_0x7c1d1eaaaa48 .functor BUFT 1, C4<00000000000000000001000000001111>, C4<0>, C4<0>, C4<0>;
v0x5b10b3df45b0_0 .net/2u *"_ivl_1604", 31 0, L_0x7c1d1eaaaa48;  1 drivers
v0x5b10b3df4650_0 .net *"_ivl_1606", 0 0, L_0x5b10b3edde90;  1 drivers
v0x5b10b3df46f0_0 .net *"_ivl_1609", 0 0, L_0x5b10b3ede4e0;  1 drivers
v0x5b10b3df4790_0 .net/2u *"_ivl_1610", 31 0, L_0x7c1d1eaaaa90;  1 drivers
v0x5b10b3df4830_0 .net *"_ivl_1612", 31 0, L_0x5b10b3edd990;  1 drivers
L_0x7c1d1eaaaad8 .functor BUFT 1, C4<00010010000000000000000001110011>, C4<0>, C4<0>, C4<0>;
v0x5b10b3df48d0_0 .net/2u *"_ivl_1614", 31 0, L_0x7c1d1eaaaad8;  1 drivers
v0x5b10b3df4970_0 .net *"_ivl_1616", 0 0, L_0x5b10b3edda50;  1 drivers
v0x5b10b3df4a10_0 .net *"_ivl_1619", 0 0, L_0x5b10b3eddb90;  1 drivers
L_0x7c1d1eaa59d8 .functor BUFT 1, C4<00000000000000000110000000110011>, C4<0>, C4<0>, C4<0>;
v0x5b10b3df4ab0_0 .net/2u *"_ivl_162", 31 0, L_0x7c1d1eaa59d8;  1 drivers
v0x5b10b3df4b50_0 .net *"_ivl_1621", 0 0, L_0x5b10b3eddca0;  1 drivers
v0x5b10b3df4bf0_0 .net *"_ivl_164", 0 0, L_0x5b10b3eb0400;  1 drivers
v0x5b10b3df4c90_0 .net *"_ivl_167", 0 0, L_0x5b10b3eb0540;  1 drivers
v0x5b10b3df4d30_0 .net/2u *"_ivl_168", 31 0, L_0x7c1d1eaa5a20;  1 drivers
v0x5b10b3df4dd0_0 .net *"_ivl_17", 0 0, L_0x5b10b3eaceb0;  1 drivers
v0x5b10b3df4e70_0 .net *"_ivl_170", 31 0, L_0x5b10b3eb0650;  1 drivers
L_0x7c1d1eaa5a68 .functor BUFT 1, C4<00000000000000000111000000110011>, C4<0>, C4<0>, C4<0>;
v0x5b10b3df4f10_0 .net/2u *"_ivl_172", 31 0, L_0x7c1d1eaa5a68;  1 drivers
v0x5b10b3df4fb0_0 .net *"_ivl_174", 0 0, L_0x5b10b3eb0830;  1 drivers
v0x5b10b3df5050_0 .net *"_ivl_177", 0 0, L_0x5b10b3eb0a10;  1 drivers
v0x5b10b3df50f0_0 .net/2u *"_ivl_178", 31 0, L_0x7c1d1eaa5ab0;  1 drivers
v0x5b10b3df5190_0 .net/2u *"_ivl_18", 31 0, L_0x7c1d1eaa51b0;  1 drivers
v0x5b10b3df5230_0 .net *"_ivl_180", 31 0, L_0x5b10b3eb0b20;  1 drivers
L_0x7c1d1eaa5af8 .functor BUFT 1, C4<00000000000000000001000000110011>, C4<0>, C4<0>, C4<0>;
v0x5b10b3df52d0_0 .net/2u *"_ivl_182", 31 0, L_0x7c1d1eaa5af8;  1 drivers
v0x5b10b3df5370_0 .net *"_ivl_184", 0 0, L_0x5b10b3eb0710;  1 drivers
v0x5b10b3df5410_0 .net *"_ivl_187", 0 0, L_0x5b10b3eb0d60;  1 drivers
v0x5b10b3df54b0_0 .net/2u *"_ivl_188", 31 0, L_0x7c1d1eaa5b40;  1 drivers
v0x5b10b3df5550_0 .net *"_ivl_190", 31 0, L_0x5b10b3eb0e70;  1 drivers
L_0x7c1d1eaa5b88 .functor BUFT 1, C4<00000000000000000101000000110011>, C4<0>, C4<0>, C4<0>;
v0x5b10b3df55f0_0 .net/2u *"_ivl_192", 31 0, L_0x7c1d1eaa5b88;  1 drivers
v0x5b10b3df5690_0 .net *"_ivl_194", 0 0, L_0x5b10b3eb1070;  1 drivers
v0x5b10b3df5730_0 .net *"_ivl_197", 0 0, L_0x5b10b3eb1260;  1 drivers
v0x5b10b3df57d0_0 .net/2u *"_ivl_198", 31 0, L_0x7c1d1eaa5bd0;  1 drivers
v0x5b10b3df5870_0 .net *"_ivl_2", 31 0, L_0x5b10b3eacab0;  1 drivers
v0x5b10b3df5910_0 .net *"_ivl_20", 31 0, L_0x5b10b3eacfc0;  1 drivers
v0x5b10b3df59b0_0 .net *"_ivl_200", 31 0, L_0x5b10b3eb1370;  1 drivers
L_0x7c1d1eaa5c18 .functor BUFT 1, C4<01000000000000000101000000110011>, C4<0>, C4<0>, C4<0>;
v0x5b10b3df5a50_0 .net/2u *"_ivl_202", 31 0, L_0x7c1d1eaa5c18;  1 drivers
v0x5b10b3df5af0_0 .net *"_ivl_204", 0 0, L_0x5b10b3eb0970;  1 drivers
v0x5b10b3df5b90_0 .net *"_ivl_207", 0 0, L_0x5b10b3eb1620;  1 drivers
v0x5b10b3df5c30_0 .net/2u *"_ivl_208", 31 0, L_0x7c1d1eaa5c60;  1 drivers
v0x5b10b3df5cd0_0 .net *"_ivl_210", 31 0, L_0x5b10b3eb1730;  1 drivers
L_0x7c1d1eaa5ca8 .functor BUFT 1, C4<00000000000000000000000001101111>, C4<0>, C4<0>, C4<0>;
v0x5b10b3df5d70_0 .net/2u *"_ivl_212", 31 0, L_0x7c1d1eaa5ca8;  1 drivers
v0x5b10b3df5e10_0 .net *"_ivl_214", 0 0, L_0x5b10b3eb1950;  1 drivers
v0x5b10b3df5eb0_0 .net *"_ivl_217", 0 0, L_0x5b10b3eb1b50;  1 drivers
v0x5b10b3df5f50_0 .net/2u *"_ivl_218", 31 0, L_0x7c1d1eaa5cf0;  1 drivers
L_0x7c1d1eaa51f8 .functor BUFT 1, C4<00000000000000000010000000010011>, C4<0>, C4<0>, C4<0>;
v0x5b10b3df5ff0_0 .net/2u *"_ivl_22", 31 0, L_0x7c1d1eaa51f8;  1 drivers
v0x5b10b3df6090_0 .net *"_ivl_220", 31 0, L_0x5b10b3eb1c60;  1 drivers
L_0x7c1d1eaa5d38 .functor BUFT 1, C4<00000000000000000000000001100111>, C4<0>, C4<0>, C4<0>;
v0x5b10b3df6130_0 .net/2u *"_ivl_222", 31 0, L_0x7c1d1eaa5d38;  1 drivers
v0x5b10b3df61d0_0 .net *"_ivl_224", 0 0, L_0x5b10b3eb1e90;  1 drivers
v0x5b10b3df6270_0 .net *"_ivl_227", 0 0, L_0x5b10b3eb1fd0;  1 drivers
v0x5b10b3df6310_0 .net/2u *"_ivl_228", 31 0, L_0x7c1d1eaa5d80;  1 drivers
v0x5b10b3df63b0_0 .net *"_ivl_230", 31 0, L_0x5b10b3eb20e0;  1 drivers
L_0x7c1d1eaa5dc8 .functor BUFT 1, C4<00000000000000000000000001100011>, C4<0>, C4<0>, C4<0>;
v0x5b10b3df6450_0 .net/2u *"_ivl_232", 31 0, L_0x7c1d1eaa5dc8;  1 drivers
v0x5b10b3df64f0_0 .net *"_ivl_234", 0 0, L_0x5b10b3eb2320;  1 drivers
v0x5b10b3df6590_0 .net *"_ivl_237", 0 0, L_0x5b10b3eb2530;  1 drivers
v0x5b10b3df6630_0 .net/2u *"_ivl_238", 31 0, L_0x7c1d1eaa5e10;  1 drivers
v0x5b10b3df66d0_0 .net *"_ivl_24", 0 0, L_0x5b10b3ead080;  1 drivers
v0x5b10b3df6770_0 .net *"_ivl_240", 31 0, L_0x5b10b3eb2640;  1 drivers
L_0x7c1d1eaa5e58 .functor BUFT 1, C4<00000000000000000001000001100011>, C4<0>, C4<0>, C4<0>;
v0x5b10b3df6810_0 .net/2u *"_ivl_242", 31 0, L_0x7c1d1eaa5e58;  1 drivers
v0x5b10b3df68b0_0 .net *"_ivl_244", 0 0, L_0x5b10b3eb2890;  1 drivers
v0x5b10b3df6950_0 .net *"_ivl_247", 0 0, L_0x5b10b3eb29d0;  1 drivers
v0x5b10b3df69f0_0 .net/2u *"_ivl_248", 31 0, L_0x7c1d1eaa5ea0;  1 drivers
v0x5b10b3df6a90_0 .net *"_ivl_250", 31 0, L_0x5b10b3eb2ae0;  1 drivers
L_0x7c1d1eaa5ee8 .functor BUFT 1, C4<00000000000000000100000001100011>, C4<0>, C4<0>, C4<0>;
v0x5b10b3df6b30_0 .net/2u *"_ivl_252", 31 0, L_0x7c1d1eaa5ee8;  1 drivers
v0x5b10b3df6bd0_0 .net *"_ivl_254", 0 0, L_0x5b10b3eb2d40;  1 drivers
v0x5b10b3df6c70_0 .net *"_ivl_257", 0 0, L_0x5b10b3eb2f60;  1 drivers
v0x5b10b3df6d10_0 .net/2u *"_ivl_258", 31 0, L_0x7c1d1eaa5f30;  1 drivers
v0x5b10b3df6db0_0 .net *"_ivl_260", 31 0, L_0x5b10b3eb3070;  1 drivers
L_0x7c1d1eaa5f78 .functor BUFT 1, C4<00000000000000000101000001100011>, C4<0>, C4<0>, C4<0>;
v0x5b10b3df6e50_0 .net/2u *"_ivl_262", 31 0, L_0x7c1d1eaa5f78;  1 drivers
v0x5b10b3df6ef0_0 .net *"_ivl_264", 0 0, L_0x5b10b3eb32e0;  1 drivers
v0x5b10b3df6f90_0 .net *"_ivl_267", 0 0, L_0x5b10b3eb3420;  1 drivers
v0x5b10b3df7030_0 .net/2u *"_ivl_268", 31 0, L_0x7c1d1eaa5fc0;  1 drivers
v0x5b10b3df70d0_0 .net *"_ivl_27", 0 0, L_0x5b10b3ead1c0;  1 drivers
v0x5b10b3df7170_0 .net *"_ivl_270", 31 0, L_0x5b10b3eb3530;  1 drivers
L_0x7c1d1eaa6008 .functor BUFT 1, C4<00000000000000000110000001100011>, C4<0>, C4<0>, C4<0>;
v0x5b10b3df7210_0 .net/2u *"_ivl_272", 31 0, L_0x7c1d1eaa6008;  1 drivers
v0x5b10b3df72b0_0 .net *"_ivl_274", 0 0, L_0x5b10b3eb37b0;  1 drivers
v0x5b10b3df7350_0 .net *"_ivl_277", 0 0, L_0x5b10b3eb39e0;  1 drivers
v0x5b10b3df73f0_0 .net/2u *"_ivl_278", 31 0, L_0x7c1d1eaa6050;  1 drivers
v0x5b10b3df7490_0 .net/2u *"_ivl_28", 31 0, L_0x7c1d1eaa5240;  1 drivers
v0x5b10b3df7530_0 .net *"_ivl_280", 31 0, L_0x5b10b3eb3af0;  1 drivers
L_0x7c1d1eaa6098 .functor BUFT 1, C4<00000000000000000111000001100011>, C4<0>, C4<0>, C4<0>;
v0x5b10b3df75d0_0 .net/2u *"_ivl_282", 31 0, L_0x7c1d1eaa6098;  1 drivers
v0x5b10b3df7670_0 .net *"_ivl_284", 0 0, L_0x5b10b3eb3d80;  1 drivers
v0x5b10b3df7710_0 .net *"_ivl_287", 0 0, L_0x5b10b3eb3ec0;  1 drivers
v0x5b10b3df77b0_0 .net/2u *"_ivl_288", 31 0, L_0x7c1d1eaa60e0;  1 drivers
v0x5b10b3df7850_0 .net *"_ivl_290", 31 0, L_0x5b10b3eb3fd0;  1 drivers
L_0x7c1d1eaa6128 .functor BUFT 1, C4<00000000000000000000000000000011>, C4<0>, C4<0>, C4<0>;
v0x5b10b3df78f0_0 .net/2u *"_ivl_292", 31 0, L_0x7c1d1eaa6128;  1 drivers
v0x5b10b3df7990_0 .net *"_ivl_294", 0 0, L_0x5b10b3eb4270;  1 drivers
v0x5b10b3df7a30_0 .net *"_ivl_297", 0 0, L_0x5b10b3eb44b0;  1 drivers
v0x5b10b3df7ad0_0 .net/2u *"_ivl_298", 31 0, L_0x7c1d1eaa6170;  1 drivers
v0x5b10b3df7b70_0 .net *"_ivl_30", 31 0, L_0x5b10b3ead2d0;  1 drivers
v0x5b10b3df7c10_0 .net *"_ivl_300", 31 0, L_0x5b10b3eb45c0;  1 drivers
L_0x7c1d1eaa61b8 .functor BUFT 1, C4<00000000000000000001000000000011>, C4<0>, C4<0>, C4<0>;
v0x5b10b3df7cb0_0 .net/2u *"_ivl_302", 31 0, L_0x7c1d1eaa61b8;  1 drivers
v0x5b10b3df7d50_0 .net *"_ivl_304", 0 0, L_0x5b10b3eb4870;  1 drivers
v0x5b10b3df7df0_0 .net *"_ivl_307", 0 0, L_0x5b10b3eb49b0;  1 drivers
v0x5b10b3df7e90_0 .net/2u *"_ivl_308", 31 0, L_0x7c1d1eaa6200;  1 drivers
v0x5b10b3df7f30_0 .net *"_ivl_310", 31 0, L_0x5b10b3eb4ac0;  1 drivers
L_0x7c1d1eaa6248 .functor BUFT 1, C4<00000000000000000010000000000011>, C4<0>, C4<0>, C4<0>;
v0x5b10b3df7fd0_0 .net/2u *"_ivl_312", 31 0, L_0x7c1d1eaa6248;  1 drivers
v0x5b10b3df8070_0 .net *"_ivl_314", 0 0, L_0x5b10b3eb4d80;  1 drivers
v0x5b10b3df8110_0 .net *"_ivl_317", 0 0, L_0x5b10b3eb4fd0;  1 drivers
v0x5b10b3df81b0_0 .net/2u *"_ivl_318", 31 0, L_0x7c1d1eaa6290;  1 drivers
L_0x7c1d1eaa5288 .functor BUFT 1, C4<00000000000000000011000000010011>, C4<0>, C4<0>, C4<0>;
v0x5b10b3df8250_0 .net/2u *"_ivl_32", 31 0, L_0x7c1d1eaa5288;  1 drivers
v0x5b10b3df82f0_0 .net *"_ivl_320", 31 0, L_0x5b10b3eb50e0;  1 drivers
L_0x7c1d1eaa62d8 .functor BUFT 1, C4<00000000000000000100000000000011>, C4<0>, C4<0>, C4<0>;
v0x5b10b3df8390_0 .net/2u *"_ivl_322", 31 0, L_0x7c1d1eaa62d8;  1 drivers
v0x5b10b3df8430_0 .net *"_ivl_324", 0 0, L_0x5b10b3eb53b0;  1 drivers
v0x5b10b3df84d0_0 .net *"_ivl_327", 0 0, L_0x5b10b3eb54f0;  1 drivers
v0x5b10b3df8570_0 .net/2u *"_ivl_328", 31 0, L_0x7c1d1eaa6320;  1 drivers
v0x5b10b3df8610_0 .net *"_ivl_330", 31 0, L_0x5b10b3eb5600;  1 drivers
L_0x7c1d1eaa6368 .functor BUFT 1, C4<00000000000000000101000000000011>, C4<0>, C4<0>, C4<0>;
v0x5b10b3df86b0_0 .net/2u *"_ivl_332", 31 0, L_0x7c1d1eaa6368;  1 drivers
v0x5b10b3df8750_0 .net *"_ivl_334", 0 0, L_0x5b10b3eb58e0;  1 drivers
v0x5b10b3df87f0_0 .net *"_ivl_337", 0 0, L_0x5b10b3eb5b40;  1 drivers
v0x5b10b3df8890_0 .net/2u *"_ivl_338", 31 0, L_0x7c1d1eaa63b0;  1 drivers
v0x5b10b3df8930_0 .net *"_ivl_34", 0 0, L_0x5b10b3ead390;  1 drivers
v0x5b10b3df89d0_0 .net *"_ivl_340", 31 0, L_0x5b10b3eb5c50;  1 drivers
L_0x7c1d1eaa63f8 .functor BUFT 1, C4<00000000000000000110000000000011>, C4<0>, C4<0>, C4<0>;
v0x5b10b3df8a70_0 .net/2u *"_ivl_342", 31 0, L_0x7c1d1eaa63f8;  1 drivers
v0x5b10b3df8b10_0 .net *"_ivl_344", 0 0, L_0x5b10b3eb5f40;  1 drivers
v0x5b10b3df8bb0_0 .net *"_ivl_347", 0 0, L_0x5b10b3eb6080;  1 drivers
v0x5b10b3df8c50_0 .net/2u *"_ivl_348", 31 0, L_0x7c1d1eaa6440;  1 drivers
v0x5b10b3df8cf0_0 .net *"_ivl_350", 31 0, L_0x5b10b3eb6190;  1 drivers
L_0x7c1d1eaa6488 .functor BUFT 1, C4<00000000000000000000000000100011>, C4<0>, C4<0>, C4<0>;
v0x5b10b3df8d90_0 .net/2u *"_ivl_352", 31 0, L_0x7c1d1eaa6488;  1 drivers
v0x5b10b3df8e30_0 .net *"_ivl_354", 0 0, L_0x5b10b3eb6490;  1 drivers
v0x5b10b3df8ed0_0 .net *"_ivl_357", 0 0, L_0x5b10b3eb5a20;  1 drivers
v0x5b10b3df8f70_0 .net/2u *"_ivl_358", 31 0, L_0x7c1d1eaa64d0;  1 drivers
v0x5b10b3df9010_0 .net *"_ivl_360", 31 0, L_0x5b10b3eb6700;  1 drivers
L_0x7c1d1eaa6518 .functor BUFT 1, C4<00000000000000000001000000100011>, C4<0>, C4<0>, C4<0>;
v0x5b10b3df90b0_0 .net/2u *"_ivl_362", 31 0, L_0x7c1d1eaa6518;  1 drivers
v0x5b10b3df9150_0 .net *"_ivl_364", 0 0, L_0x5b10b3eb6a10;  1 drivers
v0x5b10b3df91f0_0 .net *"_ivl_367", 0 0, L_0x5b10b3eb6b50;  1 drivers
v0x5b10b3df9290_0 .net/2u *"_ivl_368", 31 0, L_0x7c1d1eaa6560;  1 drivers
v0x5b10b3df9330_0 .net *"_ivl_37", 0 0, L_0x5b10b3ead4d0;  1 drivers
v0x5b10b3df93d0_0 .net *"_ivl_370", 31 0, L_0x5b10b3eb6c60;  1 drivers
L_0x7c1d1eaa65a8 .functor BUFT 1, C4<00000000000000000010000000100011>, C4<0>, C4<0>, C4<0>;
v0x5b10b3df9470_0 .net/2u *"_ivl_372", 31 0, L_0x7c1d1eaa65a8;  1 drivers
v0x5b10b3df9510_0 .net *"_ivl_374", 0 0, L_0x5b10b3eb6f80;  1 drivers
v0x5b10b3df95b0_0 .net *"_ivl_377", 0 0, L_0x5b10b3eb7200;  1 drivers
v0x5b10b3df9650_0 .net/2u *"_ivl_378", 31 0, L_0x7c1d1eaa65f0;  1 drivers
v0x5b10b3df96f0_0 .net/2u *"_ivl_38", 31 0, L_0x7c1d1eaa52d0;  1 drivers
v0x5b10b3df9790_0 .net *"_ivl_380", 31 0, L_0x5b10b3eb7310;  1 drivers
L_0x7c1d1eaa6638 .functor BUFT 1, C4<00000000000000000000000001110011>, C4<0>, C4<0>, C4<0>;
v0x5b10b3df9830_0 .net/2u *"_ivl_382", 31 0, L_0x7c1d1eaa6638;  1 drivers
v0x5b10b3df98d0_0 .net *"_ivl_384", 0 0, L_0x5b10b3eb7640;  1 drivers
v0x5b10b3df9970_0 .net *"_ivl_387", 0 0, L_0x5b10b3eb7780;  1 drivers
v0x5b10b3df9a10_0 .net/2u *"_ivl_388", 31 0, L_0x7c1d1eaa6680;  1 drivers
v0x5b10b3df9ab0_0 .net *"_ivl_390", 31 0, L_0x5b10b3eb7890;  1 drivers
L_0x7c1d1eaa66c8 .functor BUFT 1, C4<00000000000100000000000001110011>, C4<0>, C4<0>, C4<0>;
v0x5b10b3df9b50_0 .net/2u *"_ivl_392", 31 0, L_0x7c1d1eaa66c8;  1 drivers
v0x5b10b3df9bf0_0 .net *"_ivl_394", 0 0, L_0x5b10b3eb7bd0;  1 drivers
v0x5b10b3df9c90_0 .net *"_ivl_397", 0 0, L_0x5b10b3eb7e60;  1 drivers
v0x5b10b3df9d30_0 .net/2u *"_ivl_398", 31 0, L_0x7c1d1eaa6710;  1 drivers
L_0x7c1d1eaa50d8 .functor BUFT 1, C4<00000000000000000111000000010011>, C4<0>, C4<0>, C4<0>;
v0x5b10b3df9dd0_0 .net/2u *"_ivl_4", 31 0, L_0x7c1d1eaa50d8;  1 drivers
v0x5b10b3df9e70_0 .net *"_ivl_40", 31 0, L_0x5b10b3ead5e0;  1 drivers
v0x5b10b3df9f10_0 .net *"_ivl_400", 31 0, L_0x5b10b3eb7f70;  1 drivers
L_0x7c1d1eaa6758 .functor BUFT 1, C4<00000000001000000000000001110011>, C4<0>, C4<0>, C4<0>;
v0x5b10b3df9fb0_0 .net/2u *"_ivl_402", 31 0, L_0x7c1d1eaa6758;  1 drivers
v0x5b10b3dfa050_0 .net *"_ivl_404", 0 0, L_0x5b10b3eb8270;  1 drivers
v0x5b10b3dfa0f0_0 .net *"_ivl_407", 0 0, L_0x5b10b3eb8360;  1 drivers
v0x5b10b3dfa190_0 .net/2u *"_ivl_408", 31 0, L_0x7c1d1eaa67a0;  1 drivers
v0x5b10b3dfa230_0 .net *"_ivl_410", 31 0, L_0x5b10b3eb8470;  1 drivers
L_0x7c1d1eaa67e8 .functor BUFT 1, C4<00000000000000000001000001110011>, C4<0>, C4<0>, C4<0>;
v0x5b10b3dfa2d0_0 .net/2u *"_ivl_412", 31 0, L_0x7c1d1eaa67e8;  1 drivers
v0x5b10b3dfa370_0 .net *"_ivl_414", 0 0, L_0x5b10b3eb87d0;  1 drivers
v0x5b10b3dfa410_0 .net *"_ivl_417", 0 0, L_0x5b10b3eb8a70;  1 drivers
v0x5b10b3dfa4b0_0 .net/2u *"_ivl_418", 31 0, L_0x7c1d1eaa6830;  1 drivers
L_0x7c1d1eaa5318 .functor BUFT 1, C4<00000000000000000110000000010011>, C4<0>, C4<0>, C4<0>;
v0x5b10b3dfa550_0 .net/2u *"_ivl_42", 31 0, L_0x7c1d1eaa5318;  1 drivers
v0x5b10b3dfa5f0_0 .net *"_ivl_420", 31 0, L_0x5b10b3eb8b80;  1 drivers
L_0x7c1d1eaa6878 .functor BUFT 1, C4<00000000000000000010000001110011>, C4<0>, C4<0>, C4<0>;
v0x5b10b3dfa690_0 .net/2u *"_ivl_422", 31 0, L_0x7c1d1eaa6878;  1 drivers
v0x5b10b3dfa730_0 .net *"_ivl_424", 0 0, L_0x5b10b3eb8ef0;  1 drivers
v0x5b10b3dfa7d0_0 .net *"_ivl_427", 0 0, L_0x5b10b3eb9030;  1 drivers
v0x5b10b3dfa870_0 .net/2u *"_ivl_428", 31 0, L_0x7c1d1eaa68c0;  1 drivers
v0x5b10b3dfa910_0 .net *"_ivl_430", 31 0, L_0x5b10b3eb9140;  1 drivers
L_0x7c1d1eaa6908 .functor BUFT 1, C4<00000000000000000011000001110011>, C4<0>, C4<0>, C4<0>;
v0x5b10b3dfa9b0_0 .net/2u *"_ivl_432", 31 0, L_0x7c1d1eaa6908;  1 drivers
v0x5b10b3dfaa50_0 .net *"_ivl_434", 0 0, L_0x5b10b3eb94c0;  1 drivers
v0x5b10b3dfaaf0_0 .net *"_ivl_437", 0 0, L_0x5b10b3eb9770;  1 drivers
v0x5b10b3dfab90_0 .net/2u *"_ivl_438", 31 0, L_0x7c1d1eaa6950;  1 drivers
v0x5b10b3dfac30_0 .net *"_ivl_44", 0 0, L_0x5b10b3ead6f0;  1 drivers
v0x5b10b3dfacd0_0 .net *"_ivl_440", 31 0, L_0x5b10b3eb9880;  1 drivers
L_0x7c1d1eaa6998 .functor BUFT 1, C4<00000000000000000101000001110011>, C4<0>, C4<0>, C4<0>;
v0x5b10b3dfad70_0 .net/2u *"_ivl_442", 31 0, L_0x7c1d1eaa6998;  1 drivers
v0x5b10b3dfae10_0 .net *"_ivl_444", 0 0, L_0x5b10b3eb9c10;  1 drivers
v0x5b10b3dfaeb0_0 .net *"_ivl_447", 0 0, L_0x5b10b3eb9d50;  1 drivers
v0x5b10b3dfaf50_0 .net/2u *"_ivl_448", 31 0, L_0x7c1d1eaa69e0;  1 drivers
v0x5b10b3dfaff0_0 .net *"_ivl_450", 31 0, L_0x5b10b3eb9e60;  1 drivers
L_0x7c1d1eaa6a28 .functor BUFT 1, C4<00000000000000000110000001110011>, C4<0>, C4<0>, C4<0>;
v0x5b10b3dfb090_0 .net/2u *"_ivl_452", 31 0, L_0x7c1d1eaa6a28;  1 drivers
v0x5b10b3dfb130_0 .net *"_ivl_454", 0 0, L_0x5b10b3eba200;  1 drivers
v0x5b10b3dfb1d0_0 .net *"_ivl_457", 0 0, L_0x5b10b3eba4c0;  1 drivers
v0x5b10b3dfb270_0 .net/2u *"_ivl_458", 31 0, L_0x7c1d1eaa6a70;  1 drivers
v0x5b10b3dfb310_0 .net *"_ivl_460", 31 0, L_0x5b10b3eba5d0;  1 drivers
L_0x7c1d1eaa6ab8 .functor BUFT 1, C4<00000000000000000111000001110011>, C4<0>, C4<0>, C4<0>;
v0x5b10b3dfb3b0_0 .net/2u *"_ivl_462", 31 0, L_0x7c1d1eaa6ab8;  1 drivers
v0x5b10b3dfb450_0 .net *"_ivl_464", 0 0, L_0x5b10b3eba980;  1 drivers
v0x5b10b3dfb4f0_0 .net *"_ivl_467", 0 0, L_0x5b10b3ebaac0;  1 drivers
v0x5b10b3dfb590_0 .net/2u *"_ivl_468", 31 0, L_0x7c1d1eaa6b00;  1 drivers
v0x5b10b3dfb630_0 .net *"_ivl_47", 0 0, L_0x5b10b3ead830;  1 drivers
v0x5b10b3dfb6d0_0 .net *"_ivl_470", 31 0, L_0x5b10b3ebabd0;  1 drivers
L_0x7c1d1eaa6b48 .functor BUFT 1, C4<00010000010100000000000001110011>, C4<0>, C4<0>, C4<0>;
v0x5b10b3df0da0_0 .net/2u *"_ivl_472", 31 0, L_0x7c1d1eaa6b48;  1 drivers
v0x5b10b3df0e60_0 .net *"_ivl_474", 0 0, L_0x5b10b3ebaf90;  1 drivers
v0x5b10b3df0f20_0 .net *"_ivl_477", 0 0, L_0x5b10b3ebb260;  1 drivers
v0x5b10b3df0fe0_0 .net/2u *"_ivl_478", 31 0, L_0x7c1d1eaa6b90;  1 drivers
v0x5b10b3df10c0_0 .net/2u *"_ivl_48", 31 0, L_0x7c1d1eaa5360;  1 drivers
v0x5b10b3df11a0_0 .net *"_ivl_480", 31 0, L_0x5b10b3ebb370;  1 drivers
L_0x7c1d1eaa6bd8 .functor BUFT 1, C4<00000000000000000000000000001111>, C4<0>, C4<0>, C4<0>;
v0x5b10b3df1280_0 .net/2u *"_ivl_482", 31 0, L_0x7c1d1eaa6bd8;  1 drivers
v0x5b10b3df1360_0 .net *"_ivl_484", 0 0, L_0x5b10b3ebb740;  1 drivers
v0x5b10b3df1420_0 .net *"_ivl_487", 0 0, L_0x5b10b3ebb880;  1 drivers
v0x5b10b3df14e0_0 .net/2u *"_ivl_488", 31 0, L_0x7c1d1eaa6c20;  1 drivers
v0x5b10b3df15c0_0 .net *"_ivl_490", 31 0, L_0x5b10b3ebb990;  1 drivers
L_0x7c1d1eaa6c68 .functor BUFT 1, C4<00000000000000000001000000001111>, C4<0>, C4<0>, C4<0>;
v0x5b10b3df16a0_0 .net/2u *"_ivl_492", 31 0, L_0x7c1d1eaa6c68;  1 drivers
v0x5b10b3df1780_0 .net *"_ivl_494", 0 0, L_0x5b10b3ebbd70;  1 drivers
v0x5b10b3df1840_0 .net *"_ivl_497", 0 0, L_0x5b10b3ebc050;  1 drivers
v0x5b10b3df1900_0 .net/2u *"_ivl_498", 31 0, L_0x7c1d1eaa6cb0;  1 drivers
v0x5b10b3df19e0_0 .net *"_ivl_50", 31 0, L_0x5b10b3ead940;  1 drivers
v0x5b10b3df1ac0_0 .net *"_ivl_500", 31 0, L_0x5b10b3ebc160;  1 drivers
L_0x7c1d1eaa6cf8 .functor BUFT 1, C4<00010010000000000000000001110011>, C4<0>, C4<0>, C4<0>;
v0x5b10b3df1ba0_0 .net/2u *"_ivl_502", 31 0, L_0x7c1d1eaa6cf8;  1 drivers
v0x5b10b3df1c80_0 .net *"_ivl_504", 0 0, L_0x5b10b3ebc550;  1 drivers
v0x5b10b3dfd780_0 .net *"_ivl_507", 0 0, L_0x5b10b3ebc690;  1 drivers
v0x5b10b3dfd820_0 .net/2u *"_ivl_508", 31 0, L_0x7c1d1eaa6d40;  1 drivers
v0x5b10b3dfd8c0_0 .net *"_ivl_510", 31 0, L_0x5b10b3ebc7a0;  1 drivers
L_0x7c1d1eaa6d88 .functor BUFT 1, C4<00000010000000000000000000110011>, C4<0>, C4<0>, C4<0>;
v0x5b10b3dfd960_0 .net/2u *"_ivl_512", 31 0, L_0x7c1d1eaa6d88;  1 drivers
v0x5b10b3dfda00_0 .net *"_ivl_514", 0 0, L_0x5b10b3ebcba0;  1 drivers
v0x5b10b3dfdaa0_0 .net *"_ivl_517", 0 0, L_0x5b10b3ebce90;  1 drivers
v0x5b10b3dfdb40_0 .net *"_ivl_519", 0 0, L_0x5b10b3ebcf50;  1 drivers
L_0x7c1d1eaa53a8 .functor BUFT 1, C4<00000000000000000100000000010011>, C4<0>, C4<0>, C4<0>;
v0x5b10b3dfdbe0_0 .net/2u *"_ivl_52", 31 0, L_0x7c1d1eaa53a8;  1 drivers
v0x5b10b3dfdc80_0 .net/2u *"_ivl_520", 31 0, L_0x7c1d1eaa6dd0;  1 drivers
v0x5b10b3dfdd20_0 .net *"_ivl_522", 31 0, L_0x5b10b3ebd3b0;  1 drivers
L_0x7c1d1eaa6e18 .functor BUFT 1, C4<00000010000000000001000000110011>, C4<0>, C4<0>, C4<0>;
v0x5b10b3dfddc0_0 .net/2u *"_ivl_524", 31 0, L_0x7c1d1eaa6e18;  1 drivers
v0x5b10b3dfde60_0 .net *"_ivl_526", 0 0, L_0x5b10b3ebd470;  1 drivers
v0x5b10b3dfdf00_0 .net *"_ivl_529", 0 0, L_0x5b10b3ebd5b0;  1 drivers
v0x5b10b3dfdfa0_0 .net *"_ivl_531", 0 0, L_0x5b10b3ebd9d0;  1 drivers
v0x5b10b3dfe040_0 .net/2u *"_ivl_532", 31 0, L_0x7c1d1eaa6e60;  1 drivers
v0x5b10b3dfe0e0_0 .net *"_ivl_534", 31 0, L_0x5b10b3ebdae0;  1 drivers
L_0x7c1d1eaa6ea8 .functor BUFT 1, C4<00000010000000000010000000110011>, C4<0>, C4<0>, C4<0>;
v0x5b10b3dfe180_0 .net/2u *"_ivl_536", 31 0, L_0x7c1d1eaa6ea8;  1 drivers
v0x5b10b3dfe220_0 .net *"_ivl_538", 0 0, L_0x5b10b3ebdf10;  1 drivers
v0x5b10b3dfe2c0_0 .net *"_ivl_54", 0 0, L_0x5b10b3eada60;  1 drivers
v0x5b10b3dfe360_0 .net *"_ivl_541", 0 0, L_0x5b10b3ebe210;  1 drivers
v0x5b10b3dfe400_0 .net *"_ivl_543", 0 0, L_0x5b10b3ebe2d0;  1 drivers
v0x5b10b3dfe4a0_0 .net/2u *"_ivl_544", 31 0, L_0x7c1d1eaa6ef0;  1 drivers
v0x5b10b3dfe540_0 .net *"_ivl_546", 31 0, L_0x5b10b3ebe760;  1 drivers
L_0x7c1d1eaa6f38 .functor BUFT 1, C4<00000010000000000011000000110011>, C4<0>, C4<0>, C4<0>;
v0x5b10b3dfe5e0_0 .net/2u *"_ivl_548", 31 0, L_0x7c1d1eaa6f38;  1 drivers
v0x5b10b3dfe680_0 .net *"_ivl_550", 0 0, L_0x5b10b3ebe820;  1 drivers
v0x5b10b3dfe720_0 .net *"_ivl_553", 0 0, L_0x5b10b3ebe960;  1 drivers
v0x5b10b3dfe7c0_0 .net *"_ivl_555", 0 0, L_0x5b10b3ebedb0;  1 drivers
v0x5b10b3dfe860_0 .net/2u *"_ivl_556", 31 0, L_0x7c1d1eaa6f80;  1 drivers
v0x5b10b3dfe900_0 .net *"_ivl_558", 31 0, L_0x5b10b3ebeec0;  1 drivers
L_0x7c1d1eaa6fc8 .functor BUFT 1, C4<00000010000000000100000000110011>, C4<0>, C4<0>, C4<0>;
v0x5b10b3dfe9a0_0 .net/2u *"_ivl_560", 31 0, L_0x7c1d1eaa6fc8;  1 drivers
v0x5b10b3dfea40_0 .net *"_ivl_562", 0 0, L_0x5b10b3ebf320;  1 drivers
v0x5b10b3dfeae0_0 .net *"_ivl_565", 0 0, L_0x5b10b3ebf630;  1 drivers
v0x5b10b3dfeb80_0 .net *"_ivl_567", 0 0, L_0x5b10b3ebf6f0;  1 drivers
v0x5b10b3dfec20_0 .net/2u *"_ivl_568", 31 0, L_0x7c1d1eaa7010;  1 drivers
v0x5b10b3dfecc0_0 .net *"_ivl_57", 0 0, L_0x5b10b3eadb50;  1 drivers
v0x5b10b3dfed60_0 .net *"_ivl_570", 31 0, L_0x5b10b3ebfbb0;  1 drivers
L_0x7c1d1eaa7058 .functor BUFT 1, C4<00000010000000000101000000110011>, C4<0>, C4<0>, C4<0>;
v0x5b10b3dfee00_0 .net/2u *"_ivl_572", 31 0, L_0x7c1d1eaa7058;  1 drivers
v0x5b10b3dfeea0_0 .net *"_ivl_574", 0 0, L_0x5b10b3ebfc70;  1 drivers
v0x5b10b3dfef40_0 .net *"_ivl_577", 0 0, L_0x5b10b3ebfdb0;  1 drivers
v0x5b10b3dfefe0_0 .net *"_ivl_579", 0 0, L_0x5b10b3ec0230;  1 drivers
v0x5b10b3dff080_0 .net/2u *"_ivl_58", 31 0, L_0x7c1d1eaa53f0;  1 drivers
v0x5b10b3dff120_0 .net/2u *"_ivl_580", 31 0, L_0x7c1d1eaa70a0;  1 drivers
v0x5b10b3dff1c0_0 .net *"_ivl_582", 31 0, L_0x5b10b3ec0340;  1 drivers
L_0x7c1d1eaa70e8 .functor BUFT 1, C4<00000010000000000110000000110011>, C4<0>, C4<0>, C4<0>;
v0x5b10b3dff260_0 .net/2u *"_ivl_584", 31 0, L_0x7c1d1eaa70e8;  1 drivers
v0x5b10b3dff300_0 .net *"_ivl_586", 0 0, L_0x5b10b3ec0fe0;  1 drivers
v0x5b10b3dff3a0_0 .net *"_ivl_589", 0 0, L_0x5b10b3ec1300;  1 drivers
v0x5b10b3dff440_0 .net *"_ivl_591", 0 0, L_0x5b10b3ec13c0;  1 drivers
v0x5b10b3dff4e0_0 .net/2u *"_ivl_592", 31 0, L_0x7c1d1eaa7130;  1 drivers
v0x5b10b3dff580_0 .net *"_ivl_594", 31 0, L_0x5b10b3ec18b0;  1 drivers
L_0x7c1d1eaa7178 .functor BUFT 1, C4<00000010000000000111000000110011>, C4<0>, C4<0>, C4<0>;
v0x5b10b3dff620_0 .net/2u *"_ivl_596", 31 0, L_0x7c1d1eaa7178;  1 drivers
v0x5b10b3dff6c0_0 .net *"_ivl_598", 0 0, L_0x5b10b3ec1970;  1 drivers
v0x5b10b3dff760_0 .net *"_ivl_6", 0 0, L_0x5b10b3eacb70;  1 drivers
v0x5b10b3dff800_0 .net *"_ivl_60", 31 0, L_0x5b10b3eadc60;  1 drivers
v0x5b10b3dff8a0_0 .net *"_ivl_601", 0 0, L_0x5b10b3ec1ab0;  1 drivers
v0x5b10b3dff940_0 .net *"_ivl_603", 0 0, L_0x5b10b3ec1f60;  1 drivers
v0x5b10b3dff9e0_0 .net *"_ivl_604", 0 0, L_0x5b10b3ec2070;  1 drivers
v0x5b10b3dffa80_0 .net/2u *"_ivl_610", 31 0, L_0x7c1d1eaa71c0;  1 drivers
v0x5b10b3dffb20_0 .net *"_ivl_612", 31 0, L_0x5b10b3ec2a70;  1 drivers
L_0x7c1d1eaa7208 .functor BUFT 1, C4<00000000000000000000000001100111>, C4<0>, C4<0>, C4<0>;
v0x5b10b3dffbc0_0 .net/2u *"_ivl_614", 31 0, L_0x7c1d1eaa7208;  1 drivers
v0x5b10b3dffc60_0 .net *"_ivl_616", 0 0, L_0x5b10b3ec2b30;  1 drivers
v0x5b10b3dffd00_0 .net/2u *"_ivl_618", 31 0, L_0x7c1d1eaa7250;  1 drivers
L_0x7c1d1eaa5438 .functor BUFT 1, C4<00000000000000000001000000010011>, C4<0>, C4<0>, C4<0>;
v0x5b10b3dffda0_0 .net/2u *"_ivl_62", 31 0, L_0x7c1d1eaa5438;  1 drivers
v0x5b10b3dffe40_0 .net *"_ivl_620", 31 0, L_0x5b10b3ec2e60;  1 drivers
L_0x7c1d1eaa7298 .functor BUFT 1, C4<00000000000000000000000001101111>, C4<0>, C4<0>, C4<0>;
v0x5b10b3dffee0_0 .net/2u *"_ivl_622", 31 0, L_0x7c1d1eaa7298;  1 drivers
v0x5b10b3dfff80_0 .net *"_ivl_624", 0 0, L_0x5b10b3ec3340;  1 drivers
v0x5b10b3e00020_0 .net *"_ivl_627", 0 0, L_0x5b10b3ec3480;  1 drivers
v0x5b10b3e000c0_0 .net/2u *"_ivl_628", 31 0, L_0x7c1d1eaa72e0;  1 drivers
v0x5b10b3e00160_0 .net *"_ivl_630", 31 0, L_0x5b10b3ec3590;  1 drivers
L_0x7c1d1eaa7328 .functor BUFT 1, C4<00000000000000000000000000110111>, C4<0>, C4<0>, C4<0>;
v0x5b10b3e00200_0 .net/2u *"_ivl_632", 31 0, L_0x7c1d1eaa7328;  1 drivers
v0x5b10b3e002a0_0 .net *"_ivl_634", 0 0, L_0x5b10b3ec2f20;  1 drivers
v0x5b10b3e00340_0 .net *"_ivl_637", 0 0, L_0x5b10b3ec3260;  1 drivers
v0x5b10b3e003e0_0 .net/2u *"_ivl_638", 31 0, L_0x7c1d1eaa7370;  1 drivers
v0x5b10b3e00480_0 .net *"_ivl_64", 0 0, L_0x5b10b3eadd90;  1 drivers
v0x5b10b3e00520_0 .net *"_ivl_640", 31 0, L_0x5b10b3ec3ad0;  1 drivers
L_0x7c1d1eaa73b8 .functor BUFT 1, C4<00000000000000000000000000010111>, C4<0>, C4<0>, C4<0>;
v0x5b10b3e005c0_0 .net/2u *"_ivl_642", 31 0, L_0x7c1d1eaa73b8;  1 drivers
v0x5b10b3e00660_0 .net *"_ivl_644", 0 0, L_0x5b10b3ec3650;  1 drivers
v0x5b10b3e00700_0 .net *"_ivl_647", 0 0, L_0x5b10b3ec3790;  1 drivers
v0x5b10b3e007a0_0 .net/2u *"_ivl_648", 31 0, L_0x7c1d1eaa7400;  1 drivers
v0x5b10b3e00840_0 .net *"_ivl_650", 31 0, L_0x5b10b3ec38a0;  1 drivers
L_0x7c1d1eaa7448 .functor BUFT 1, C4<00000000000000000000000000010011>, C4<0>, C4<0>, C4<0>;
v0x5b10b3e008e0_0 .net/2u *"_ivl_652", 31 0, L_0x7c1d1eaa7448;  1 drivers
v0x5b10b3e00980_0 .net *"_ivl_654", 0 0, L_0x5b10b3ec3960;  1 drivers
v0x5b10b3e00a20_0 .net *"_ivl_657", 0 0, L_0x5b10b3ec4240;  1 drivers
v0x5b10b3e00ac0_0 .net/2u *"_ivl_658", 31 0, L_0x7c1d1eaa7490;  1 drivers
v0x5b10b3e00b60_0 .net *"_ivl_660", 31 0, L_0x5b10b3ec4350;  1 drivers
L_0x7c1d1eaa74d8 .functor BUFT 1, C4<00000000000000000001000000010011>, C4<0>, C4<0>, C4<0>;
v0x5b10b3e00c00_0 .net/2u *"_ivl_662", 31 0, L_0x7c1d1eaa74d8;  1 drivers
v0x5b10b3e00ca0_0 .net *"_ivl_664", 0 0, L_0x5b10b3ec3b90;  1 drivers
v0x5b10b3e00d40_0 .net *"_ivl_667", 0 0, L_0x5b10b3ec3cd0;  1 drivers
v0x5b10b3e00de0_0 .net/2u *"_ivl_668", 31 0, L_0x7c1d1eaa7520;  1 drivers
v0x5b10b3e00e80_0 .net *"_ivl_67", 0 0, L_0x5b10b3eaded0;  1 drivers
v0x5b10b3e00f20_0 .net *"_ivl_670", 31 0, L_0x5b10b3ec3de0;  1 drivers
L_0x7c1d1eaa7568 .functor BUFT 1, C4<00000000000000000010000000010011>, C4<0>, C4<0>, C4<0>;
v0x5b10b3e00fc0_0 .net/2u *"_ivl_672", 31 0, L_0x7c1d1eaa7568;  1 drivers
v0x5b10b3e01060_0 .net *"_ivl_674", 0 0, L_0x5b10b3ec3ea0;  1 drivers
v0x5b10b3e01100_0 .net *"_ivl_677", 0 0, L_0x5b10b3ec4aa0;  1 drivers
v0x5b10b3e011a0_0 .net/2u *"_ivl_678", 31 0, L_0x7c1d1eaa75b0;  1 drivers
v0x5b10b3e01240_0 .net/2u *"_ivl_68", 31 0, L_0x7c1d1eaa5480;  1 drivers
v0x5b10b3e012e0_0 .net *"_ivl_680", 31 0, L_0x5b10b3ec4bb0;  1 drivers
L_0x7c1d1eaa75f8 .functor BUFT 1, C4<00000000000000000011000000010011>, C4<0>, C4<0>, C4<0>;
v0x5b10b3e01380_0 .net/2u *"_ivl_682", 31 0, L_0x7c1d1eaa75f8;  1 drivers
v0x5b10b3e01420_0 .net *"_ivl_684", 0 0, L_0x5b10b3ec4410;  1 drivers
v0x5b10b3e014c0_0 .net *"_ivl_687", 0 0, L_0x5b10b3ec4550;  1 drivers
v0x5b10b3e01560_0 .net/2u *"_ivl_688", 31 0, L_0x7c1d1eaa7640;  1 drivers
v0x5b10b3e01600_0 .net *"_ivl_690", 31 0, L_0x5b10b3ec4660;  1 drivers
L_0x7c1d1eaa7688 .functor BUFT 1, C4<00000000000000000100000000010011>, C4<0>, C4<0>, C4<0>;
v0x5b10b3e016a0_0 .net/2u *"_ivl_692", 31 0, L_0x7c1d1eaa7688;  1 drivers
v0x5b10b3e01740_0 .net *"_ivl_694", 0 0, L_0x5b10b3ec4720;  1 drivers
v0x5b10b3e017e0_0 .net *"_ivl_697", 0 0, L_0x5b10b3ec5330;  1 drivers
v0x5b10b3e01880_0 .net/2u *"_ivl_698", 31 0, L_0x7c1d1eaa76d0;  1 drivers
v0x5b10b3e01920_0 .net *"_ivl_70", 31 0, L_0x5b10b3eadfe0;  1 drivers
v0x5b10b3e019c0_0 .net *"_ivl_700", 31 0, L_0x5b10b3ec5440;  1 drivers
L_0x7c1d1eaa7718 .functor BUFT 1, C4<00000000000000000101000000010011>, C4<0>, C4<0>, C4<0>;
v0x5b10b3e01a60_0 .net/2u *"_ivl_702", 31 0, L_0x7c1d1eaa7718;  1 drivers
v0x5b10b3e01b00_0 .net *"_ivl_704", 0 0, L_0x5b10b3ec4c70;  1 drivers
v0x5b10b3e01ba0_0 .net *"_ivl_707", 0 0, L_0x5b10b3ec4db0;  1 drivers
v0x5b10b3e01c40_0 .net/2u *"_ivl_708", 31 0, L_0x7c1d1eaa7760;  1 drivers
v0x5b10b3e01ce0_0 .net *"_ivl_710", 31 0, L_0x5b10b3ec4ec0;  1 drivers
L_0x7c1d1eaa77a8 .functor BUFT 1, C4<01000000000000000101000000010011>, C4<0>, C4<0>, C4<0>;
v0x5b10b3e01d80_0 .net/2u *"_ivl_712", 31 0, L_0x7c1d1eaa77a8;  1 drivers
v0x5b10b3e01e20_0 .net *"_ivl_714", 0 0, L_0x5b10b3ec4f80;  1 drivers
v0x5b10b3e01ec0_0 .net *"_ivl_717", 0 0, L_0x5b10b3ec5bf0;  1 drivers
v0x5b10b3e01f60_0 .net/2u *"_ivl_718", 31 0, L_0x7c1d1eaa77f0;  1 drivers
L_0x7c1d1eaa54c8 .functor BUFT 1, C4<00000000000000000101000000010011>, C4<0>, C4<0>, C4<0>;
v0x5b10b3e02000_0 .net/2u *"_ivl_72", 31 0, L_0x7c1d1eaa54c8;  1 drivers
v0x5b10b3e020a0_0 .net *"_ivl_720", 31 0, L_0x5b10b3ec5d00;  1 drivers
L_0x7c1d1eaa7838 .functor BUFT 1, C4<00000000000000000110000000010011>, C4<0>, C4<0>, C4<0>;
v0x5b10b3e02140_0 .net/2u *"_ivl_722", 31 0, L_0x7c1d1eaa7838;  1 drivers
v0x5b10b3e021e0_0 .net *"_ivl_724", 0 0, L_0x5b10b3ec5500;  1 drivers
v0x5b10b3e02280_0 .net *"_ivl_727", 0 0, L_0x5b10b3ec5640;  1 drivers
v0x5b10b3e02320_0 .net/2u *"_ivl_728", 31 0, L_0x7c1d1eaa7880;  1 drivers
v0x5b10b3e023c0_0 .net *"_ivl_730", 31 0, L_0x5b10b3ec5750;  1 drivers
L_0x7c1d1eaa78c8 .functor BUFT 1, C4<00000000000000000111000000010011>, C4<0>, C4<0>, C4<0>;
v0x5b10b3e02460_0 .net/2u *"_ivl_732", 31 0, L_0x7c1d1eaa78c8;  1 drivers
v0x5b10b3e02500_0 .net *"_ivl_734", 0 0, L_0x5b10b3ec5810;  1 drivers
v0x5b10b3e025a0_0 .net *"_ivl_737", 0 0, L_0x5b10b3ec64e0;  1 drivers
v0x5b10b3e02640_0 .net/2u *"_ivl_738", 31 0, L_0x7c1d1eaa7910;  1 drivers
v0x5b10b3e026e0_0 .net *"_ivl_74", 0 0, L_0x5b10b3eae120;  1 drivers
v0x5b10b3e02780_0 .net *"_ivl_740", 31 0, L_0x5b10b3ec65a0;  1 drivers
L_0x7c1d1eaa7958 .functor BUFT 1, C4<00000000000000000000000000110011>, C4<0>, C4<0>, C4<0>;
v0x5b10b3e02820_0 .net/2u *"_ivl_742", 31 0, L_0x7c1d1eaa7958;  1 drivers
v0x5b10b3e028c0_0 .net *"_ivl_744", 0 0, L_0x5b10b3ec5dc0;  1 drivers
v0x5b10b3e02960_0 .net *"_ivl_747", 0 0, L_0x5b10b3ec5f00;  1 drivers
v0x5b10b3e02a00_0 .net/2u *"_ivl_748", 31 0, L_0x7c1d1eaa79a0;  1 drivers
v0x5b10b3e02aa0_0 .net *"_ivl_750", 31 0, L_0x5b10b3ec6010;  1 drivers
L_0x7c1d1eaa79e8 .functor BUFT 1, C4<01000000000000000000000000110011>, C4<0>, C4<0>, C4<0>;
v0x5b10b3e02b40_0 .net/2u *"_ivl_752", 31 0, L_0x7c1d1eaa79e8;  1 drivers
v0x5b10b3e02be0_0 .net *"_ivl_754", 0 0, L_0x5b10b3ec60d0;  1 drivers
v0x5b10b3e02c80_0 .net *"_ivl_757", 0 0, L_0x5b10b3ec6210;  1 drivers
v0x5b10b3e02d20_0 .net/2u *"_ivl_758", 31 0, L_0x7c1d1eaa7a30;  1 drivers
v0x5b10b3e02dc0_0 .net *"_ivl_760", 31 0, L_0x5b10b3ec6e50;  1 drivers
L_0x7c1d1eaa7a78 .functor BUFT 1, C4<00000000000000000001000000110011>, C4<0>, C4<0>, C4<0>;
v0x5b10b3e02e60_0 .net/2u *"_ivl_762", 31 0, L_0x7c1d1eaa7a78;  1 drivers
v0x5b10b3e02f00_0 .net *"_ivl_764", 0 0, L_0x5b10b3ec6660;  1 drivers
v0x5b10b3e02fa0_0 .net *"_ivl_767", 0 0, L_0x5b10b3ec67a0;  1 drivers
v0x5b10b3e03040_0 .net/2u *"_ivl_768", 31 0, L_0x7c1d1eaa7ac0;  1 drivers
v0x5b10b3e030e0_0 .net *"_ivl_77", 0 0, L_0x5b10b3eadd20;  1 drivers
v0x5b10b3e03180_0 .net *"_ivl_770", 31 0, L_0x5b10b3ec68b0;  1 drivers
L_0x7c1d1eaa7b08 .functor BUFT 1, C4<00000000000000000010000000110011>, C4<0>, C4<0>, C4<0>;
v0x5b10b3e03220_0 .net/2u *"_ivl_772", 31 0, L_0x7c1d1eaa7b08;  1 drivers
v0x5b10b3e032c0_0 .net *"_ivl_774", 0 0, L_0x5b10b3ec6970;  1 drivers
v0x5b10b3e03360_0 .net *"_ivl_777", 0 0, L_0x5b10b3ec6ab0;  1 drivers
v0x5b10b3e03400_0 .net/2u *"_ivl_778", 31 0, L_0x7c1d1eaa7b50;  1 drivers
v0x5b10b3e034a0_0 .net/2u *"_ivl_78", 31 0, L_0x7c1d1eaa5510;  1 drivers
v0x5b10b3e03540_0 .net *"_ivl_780", 31 0, L_0x5b10b3ec7730;  1 drivers
L_0x7c1d1eaa7b98 .functor BUFT 1, C4<00000000000000000011000000110011>, C4<0>, C4<0>, C4<0>;
v0x5b10b3e035e0_0 .net/2u *"_ivl_782", 31 0, L_0x7c1d1eaa7b98;  1 drivers
v0x5b10b3e03680_0 .net *"_ivl_784", 0 0, L_0x5b10b3ec6f10;  1 drivers
v0x5b10b3e03720_0 .net *"_ivl_787", 0 0, L_0x5b10b3ec7050;  1 drivers
v0x5b10b3e037c0_0 .net/2u *"_ivl_788", 31 0, L_0x7c1d1eaa7be0;  1 drivers
v0x5b10b3e03860_0 .net *"_ivl_790", 31 0, L_0x5b10b3ec7160;  1 drivers
L_0x7c1d1eaa7c28 .functor BUFT 1, C4<00000000000000000100000000110011>, C4<0>, C4<0>, C4<0>;
v0x5b10b3e03900_0 .net/2u *"_ivl_792", 31 0, L_0x7c1d1eaa7c28;  1 drivers
v0x5b10b3e039a0_0 .net *"_ivl_794", 0 0, L_0x5b10b3ec7220;  1 drivers
v0x5b10b3e03a40_0 .net *"_ivl_797", 0 0, L_0x5b10b3ec7360;  1 drivers
v0x5b10b3e03ae0_0 .net/2u *"_ivl_798", 31 0, L_0x7c1d1eaa7c70;  1 drivers
v0x5b10b3e03b80_0 .net/2u *"_ivl_8", 31 0, L_0x7c1d1eaa5120;  1 drivers
v0x5b10b3e03c20_0 .net *"_ivl_80", 31 0, L_0x5b10b3eae350;  1 drivers
v0x5b10b3e03cc0_0 .net *"_ivl_800", 31 0, L_0x5b10b3ec7ff0;  1 drivers
L_0x7c1d1eaa7cb8 .functor BUFT 1, C4<00000000000000000101000000110011>, C4<0>, C4<0>, C4<0>;
v0x5b10b3e03d60_0 .net/2u *"_ivl_802", 31 0, L_0x7c1d1eaa7cb8;  1 drivers
v0x5b10b3e03e00_0 .net *"_ivl_804", 0 0, L_0x5b10b3ec77f0;  1 drivers
v0x5b10b3e03ea0_0 .net *"_ivl_807", 0 0, L_0x5b10b3ec7930;  1 drivers
v0x5b10b3e03f40_0 .net/2u *"_ivl_808", 31 0, L_0x7c1d1eaa7d00;  1 drivers
v0x5b10b3e03fe0_0 .net *"_ivl_810", 31 0, L_0x5b10b3ec7a40;  1 drivers
L_0x7c1d1eaa7d48 .functor BUFT 1, C4<01000000000000000101000000110011>, C4<0>, C4<0>, C4<0>;
v0x5b10b3e04080_0 .net/2u *"_ivl_812", 31 0, L_0x7c1d1eaa7d48;  1 drivers
v0x5b10b3e04120_0 .net *"_ivl_814", 0 0, L_0x5b10b3ec7b00;  1 drivers
v0x5b10b3e041c0_0 .net *"_ivl_817", 0 0, L_0x5b10b3ec7c40;  1 drivers
v0x5b10b3e04260_0 .net/2u *"_ivl_818", 31 0, L_0x7c1d1eaa7d90;  1 drivers
L_0x7c1d1eaa5558 .functor BUFT 1, C4<01000000000000000101000000010011>, C4<0>, C4<0>, C4<0>;
v0x5b10b3e04300_0 .net/2u *"_ivl_82", 31 0, L_0x7c1d1eaa5558;  1 drivers
v0x5b10b3e043a0_0 .net *"_ivl_820", 31 0, L_0x5b10b3ec88e0;  1 drivers
L_0x7c1d1eaa7dd8 .functor BUFT 1, C4<00000000000000000110000000110011>, C4<0>, C4<0>, C4<0>;
v0x5b10b3e04440_0 .net/2u *"_ivl_822", 31 0, L_0x7c1d1eaa7dd8;  1 drivers
v0x5b10b3e044e0_0 .net *"_ivl_824", 0 0, L_0x5b10b3ec80b0;  1 drivers
v0x5b10b3e04580_0 .net *"_ivl_827", 0 0, L_0x5b10b3ec81f0;  1 drivers
v0x5b10b3e04620_0 .net/2u *"_ivl_828", 31 0, L_0x7c1d1eaa7e20;  1 drivers
v0x5b10b3e046c0_0 .net *"_ivl_830", 31 0, L_0x5b10b3ec8300;  1 drivers
L_0x7c1d1eaa7e68 .functor BUFT 1, C4<00000000000000000111000000110011>, C4<0>, C4<0>, C4<0>;
v0x5b10b3e04760_0 .net/2u *"_ivl_832", 31 0, L_0x7c1d1eaa7e68;  1 drivers
v0x5b10b3e04800_0 .net *"_ivl_834", 0 0, L_0x5b10b3ec83c0;  1 drivers
v0x5b10b3e048a0_0 .net *"_ivl_837", 0 0, L_0x5b10b3ec8500;  1 drivers
v0x5b10b3e04940_0 .net/2u *"_ivl_838", 31 0, L_0x7c1d1eaa7eb0;  1 drivers
v0x5b10b3e049e0_0 .net *"_ivl_84", 0 0, L_0x5b10b3eae4a0;  1 drivers
v0x5b10b3e04a80_0 .net *"_ivl_840", 31 0, L_0x5b10b3ec9200;  1 drivers
L_0x7c1d1eaa7ef8 .functor BUFT 1, C4<00000000000000000000000000000011>, C4<0>, C4<0>, C4<0>;
v0x5b10b3e04b20_0 .net/2u *"_ivl_842", 31 0, L_0x7c1d1eaa7ef8;  1 drivers
v0x5b10b3e04bc0_0 .net *"_ivl_844", 0 0, L_0x5b10b3ec89a0;  1 drivers
v0x5b10b3e04c60_0 .net *"_ivl_847", 0 0, L_0x5b10b3ec8ae0;  1 drivers
v0x5b10b3e04d00_0 .net/2u *"_ivl_848", 31 0, L_0x7c1d1eaa7f40;  1 drivers
v0x5b10b3e04da0_0 .net *"_ivl_850", 31 0, L_0x5b10b3ec8bf0;  1 drivers
L_0x7c1d1eaa7f88 .functor BUFT 1, C4<00000000000000000001000000000011>, C4<0>, C4<0>, C4<0>;
v0x5b10b3e04e40_0 .net/2u *"_ivl_852", 31 0, L_0x7c1d1eaa7f88;  1 drivers
v0x5b10b3e04ee0_0 .net *"_ivl_854", 0 0, L_0x5b10b3ec8cb0;  1 drivers
v0x5b10b3e04f80_0 .net *"_ivl_857", 0 0, L_0x5b10b3ec8df0;  1 drivers
v0x5b10b3e05020_0 .net/2u *"_ivl_858", 31 0, L_0x7c1d1eaa7fd0;  1 drivers
v0x5b10b3e050c0_0 .net *"_ivl_860", 31 0, L_0x5b10b3ec9b00;  1 drivers
L_0x7c1d1eaa8018 .functor BUFT 1, C4<00000000000000000010000000000011>, C4<0>, C4<0>, C4<0>;
v0x5b10b3e05160_0 .net/2u *"_ivl_862", 31 0, L_0x7c1d1eaa8018;  1 drivers
v0x5b10b3e05200_0 .net *"_ivl_864", 0 0, L_0x5b10b3ec92c0;  1 drivers
v0x5b10b3e052a0_0 .net *"_ivl_867", 0 0, L_0x5b10b3ec9400;  1 drivers
v0x5b10b3e05340_0 .net/2u *"_ivl_868", 31 0, L_0x7c1d1eaa8060;  1 drivers
v0x5b10b3e053e0_0 .net *"_ivl_87", 0 0, L_0x5b10b3eae5e0;  1 drivers
v0x5b10b3e05480_0 .net *"_ivl_870", 31 0, L_0x5b10b3ec9510;  1 drivers
L_0x7c1d1eaa80a8 .functor BUFT 1, C4<00000000000000000100000000000011>, C4<0>, C4<0>, C4<0>;
v0x5b10b3e05520_0 .net/2u *"_ivl_872", 31 0, L_0x7c1d1eaa80a8;  1 drivers
v0x5b10b3e055c0_0 .net *"_ivl_874", 0 0, L_0x5b10b3ec95d0;  1 drivers
v0x5b10b3e05660_0 .net *"_ivl_877", 0 0, L_0x5b10b3ec9e80;  1 drivers
v0x5b10b3e05700_0 .net/2u *"_ivl_878", 31 0, L_0x7c1d1eaa80f0;  1 drivers
v0x5b10b3e057a0_0 .net/2u *"_ivl_88", 31 0, L_0x7c1d1eaa55a0;  1 drivers
v0x5b10b3e05840_0 .net *"_ivl_880", 31 0, L_0x5b10b3ec9f90;  1 drivers
L_0x7c1d1eaa8138 .functor BUFT 1, C4<00000000000000000101000000000011>, C4<0>, C4<0>, C4<0>;
v0x5b10b3e058e0_0 .net/2u *"_ivl_882", 31 0, L_0x7c1d1eaa8138;  1 drivers
v0x5b10b3e05980_0 .net *"_ivl_884", 0 0, L_0x5b10b3eca050;  1 drivers
v0x5b10b3e05a20_0 .net *"_ivl_887", 0 0, L_0x5b10b3ec9760;  1 drivers
v0x5b10b3e05ac0_0 .net/2u *"_ivl_888", 31 0, L_0x7c1d1eaa8180;  1 drivers
v0x5b10b3e05b60_0 .net *"_ivl_890", 31 0, L_0x5b10b3ea2220;  1 drivers
L_0x7c1d1eaa81c8 .functor BUFT 1, C4<00000000000000000110000000000011>, C4<0>, C4<0>, C4<0>;
v0x5b10b3e05c00_0 .net/2u *"_ivl_892", 31 0, L_0x7c1d1eaa81c8;  1 drivers
v0x5b10b3e05ca0_0 .net *"_ivl_894", 0 0, L_0x5b10b3ea28b0;  1 drivers
v0x5b10b3e05d40_0 .net *"_ivl_897", 0 0, L_0x5b10b3ea1ee0;  1 drivers
v0x5b10b3e05de0_0 .net/2u *"_ivl_898", 31 0, L_0x7c1d1eaa8210;  1 drivers
v0x5b10b3e05e80_0 .net *"_ivl_90", 31 0, L_0x5b10b3eae6f0;  1 drivers
v0x5b10b3e05f20_0 .net *"_ivl_900", 31 0, L_0x5b10b3ea1ff0;  1 drivers
L_0x7c1d1eaa8258 .functor BUFT 1, C4<00000010000000000000000000110011>, C4<0>, C4<0>, C4<0>;
v0x5b10b3e05fc0_0 .net/2u *"_ivl_902", 31 0, L_0x7c1d1eaa8258;  1 drivers
v0x5b10b3e06060_0 .net *"_ivl_904", 0 0, L_0x5b10b3ea20b0;  1 drivers
v0x5b10b3e06100_0 .net *"_ivl_907", 0 0, L_0x5b10b3ea2a40;  1 drivers
v0x5b10b3e061a0_0 .net/2u *"_ivl_908", 31 0, L_0x7c1d1eaa82a0;  1 drivers
v0x5b10b3e06240_0 .net *"_ivl_910", 31 0, L_0x5b10b3ea2b50;  1 drivers
L_0x7c1d1eaa82e8 .functor BUFT 1, C4<00000010000000000001000000110011>, C4<0>, C4<0>, C4<0>;
v0x5b10b3e062e0_0 .net/2u *"_ivl_912", 31 0, L_0x7c1d1eaa82e8;  1 drivers
v0x5b10b3e06380_0 .net *"_ivl_914", 0 0, L_0x5b10b3ea22e0;  1 drivers
v0x5b10b3e06420_0 .net *"_ivl_917", 0 0, L_0x5b10b3ea2700;  1 drivers
v0x5b10b3e064c0_0 .net/2u *"_ivl_918", 31 0, L_0x7c1d1eaa8330;  1 drivers
L_0x7c1d1eaa55e8 .functor BUFT 1, C4<00000000000000000000000000110111>, C4<0>, C4<0>, C4<0>;
v0x5b10b3e06560_0 .net/2u *"_ivl_92", 31 0, L_0x7c1d1eaa55e8;  1 drivers
v0x5b10b3e06600_0 .net *"_ivl_920", 31 0, L_0x5b10b3ea2810;  1 drivers
L_0x7c1d1eaa8378 .functor BUFT 1, C4<00000010000000000010000000110011>, C4<0>, C4<0>, C4<0>;
v0x5b10b3e066a0_0 .net/2u *"_ivl_922", 31 0, L_0x7c1d1eaa8378;  1 drivers
v0x5b10b3e06740_0 .net *"_ivl_924", 0 0, L_0x5b10b3ecc170;  1 drivers
v0x5b10b3e067e0_0 .net *"_ivl_927", 0 0, L_0x5b10b3ecc2b0;  1 drivers
v0x5b10b3e06880_0 .net/2u *"_ivl_928", 31 0, L_0x7c1d1eaa83c0;  1 drivers
v0x5b10b3e06920_0 .net *"_ivl_930", 31 0, L_0x5b10b3ecc3c0;  1 drivers
L_0x7c1d1eaa8408 .functor BUFT 1, C4<00000010000000000011000000110011>, C4<0>, C4<0>, C4<0>;
v0x5b10b3e069c0_0 .net/2u *"_ivl_932", 31 0, L_0x7c1d1eaa8408;  1 drivers
v0x5b10b3e06a60_0 .net *"_ivl_934", 0 0, L_0x5b10b3ecc480;  1 drivers
v0x5b10b3e06b00_0 .net *"_ivl_937", 0 0, L_0x5b10b3ecc5c0;  1 drivers
v0x5b10b3e06ba0_0 .net/2u *"_ivl_938", 31 0, L_0x7c1d1eaa8450;  1 drivers
v0x5b10b3e06c40_0 .net *"_ivl_94", 0 0, L_0x5b10b3eae850;  1 drivers
v0x5b10b3e06ce0_0 .net *"_ivl_940", 31 0, L_0x5b10b3ecc6d0;  1 drivers
L_0x7c1d1eaa8498 .functor BUFT 1, C4<00000010000000000100000000110011>, C4<0>, C4<0>, C4<0>;
v0x5b10b3e06d80_0 .net/2u *"_ivl_942", 31 0, L_0x7c1d1eaa8498;  1 drivers
v0x5b10b3e06e20_0 .net *"_ivl_944", 0 0, L_0x5b10b3ecc7b0;  1 drivers
v0x5b10b3e06ec0_0 .net *"_ivl_947", 0 0, L_0x5b10b3ecc8f0;  1 drivers
v0x5b10b3e06f60_0 .net/2u *"_ivl_948", 31 0, L_0x7c1d1eaa84e0;  1 drivers
v0x5b10b3e07000_0 .net *"_ivl_950", 31 0, L_0x5b10b3ecca00;  1 drivers
L_0x7c1d1eaa8528 .functor BUFT 1, C4<00000010000000000101000000110011>, C4<0>, C4<0>, C4<0>;
v0x5b10b3e070a0_0 .net/2u *"_ivl_952", 31 0, L_0x7c1d1eaa8528;  1 drivers
v0x5b10b3e07140_0 .net *"_ivl_954", 0 0, L_0x5b10b3eccac0;  1 drivers
v0x5b10b3e071e0_0 .net *"_ivl_957", 0 0, L_0x5b10b3eccc00;  1 drivers
v0x5b10b3e07280_0 .net/2u *"_ivl_958", 31 0, L_0x7c1d1eaa8570;  1 drivers
v0x5b10b3e07320_0 .net *"_ivl_960", 31 0, L_0x5b10b3eccd10;  1 drivers
L_0x7c1d1eaa85b8 .functor BUFT 1, C4<00000010000000000110000000110011>, C4<0>, C4<0>, C4<0>;
v0x5b10b3e073c0_0 .net/2u *"_ivl_962", 31 0, L_0x7c1d1eaa85b8;  1 drivers
v0x5b10b3e07460_0 .net *"_ivl_964", 0 0, L_0x5b10b3ecd100;  1 drivers
v0x5b10b3e07500_0 .net *"_ivl_967", 0 0, L_0x5b10b3ecd240;  1 drivers
v0x5b10b3e075a0_0 .net/2u *"_ivl_968", 31 0, L_0x7c1d1eaa8600;  1 drivers
v0x5b10b3e07640_0 .net *"_ivl_97", 0 0, L_0x5b10b3eae990;  1 drivers
v0x5b10b3e076e0_0 .net *"_ivl_970", 31 0, L_0x5b10b3ecd350;  1 drivers
L_0x7c1d1eaa8648 .functor BUFT 1, C4<00000010000000000111000000110011>, C4<0>, C4<0>, C4<0>;
v0x5b10b3e07780_0 .net/2u *"_ivl_972", 31 0, L_0x7c1d1eaa8648;  1 drivers
v0x5b10b3e07820_0 .net *"_ivl_974", 0 0, L_0x5b10b3ecd410;  1 drivers
v0x5b10b3e078c0_0 .net *"_ivl_977", 0 0, L_0x5b10b3ecd550;  1 drivers
v0x5b10b3e07960_0 .net/2u *"_ivl_978", 31 0, L_0x7c1d1eaa8690;  1 drivers
v0x5b10b3e07a00_0 .net/2u *"_ivl_98", 31 0, L_0x7c1d1eaa5630;  1 drivers
v0x5b10b3e07aa0_0 .net *"_ivl_980", 31 0, L_0x5b10b3ecd660;  1 drivers
L_0x7c1d1eaa86d8 .functor BUFT 1, C4<00000000000000000001000001110011>, C4<0>, C4<0>, C4<0>;
v0x5b10b3e07b40_0 .net/2u *"_ivl_982", 31 0, L_0x7c1d1eaa86d8;  1 drivers
v0x5b10b3e07be0_0 .net *"_ivl_984", 0 0, L_0x5b10b3ecda80;  1 drivers
v0x5b10b3e07c80_0 .net *"_ivl_987", 0 0, L_0x5b10b3ecdbc0;  1 drivers
v0x5b10b3e07d20_0 .net/2u *"_ivl_988", 31 0, L_0x7c1d1eaa8720;  1 drivers
v0x5b10b3e07dc0_0 .net *"_ivl_990", 31 0, L_0x5b10b3ecdcd0;  1 drivers
L_0x7c1d1eaa8768 .functor BUFT 1, C4<00000000000000000010000001110011>, C4<0>, C4<0>, C4<0>;
v0x5b10b3e07e60_0 .net/2u *"_ivl_992", 31 0, L_0x7c1d1eaa8768;  1 drivers
v0x5b10b3e07f00_0 .net *"_ivl_994", 0 0, L_0x5b10b3ecdd90;  1 drivers
v0x5b10b3e07fa0_0 .net *"_ivl_997", 0 0, L_0x5b10b3ecded0;  1 drivers
v0x5b10b3e08040_0 .net/2u *"_ivl_998", 31 0, L_0x7c1d1eaa87b0;  1 drivers
v0x5b10b3e080e0_0 .net "branch_o", 0 0, L_0x5b10b3ed92a0;  alias, 1 drivers
v0x5b10b3e08180_0 .net "csr_o", 0 0, L_0x5b10b3eddd60;  alias, 1 drivers
v0x5b10b3e08220_0 .net "div_o", 0 0, L_0x5b10b3edb570;  alias, 1 drivers
v0x5b10b3e082c0_0 .net "enable_muldiv_i", 0 0, L_0x7c1d1eaaab20;  alias, 1 drivers
v0x5b10b3e08360_0 .net "exec_o", 0 0, L_0x5b10b3ec06c0;  alias, 1 drivers
v0x5b10b3e08400_0 .net "fetch_fault_i", 0 0, L_0x5b10b3edde20;  1 drivers
v0x5b10b3e084a0_0 .net "invalid_o", 0 0, L_0x5b10b3ec25a0;  alias, 1 drivers
v0x5b10b3e08540_0 .net "invalid_w", 0 0, L_0x5b10b3ec2530;  1 drivers
v0x5b10b3e085e0_0 .net "lsu_o", 0 0, L_0x5b10b3ed8c40;  alias, 1 drivers
v0x5b10b3e08680_0 .net "mul_o", 0 0, L_0x5b10b3eda440;  alias, 1 drivers
v0x5b10b3e08720_0 .net "opcode_i", 31 0, L_0x5b10b3e78930;  alias, 1 drivers
v0x5b10b3e087c0_0 .net "rd_valid_o", 0 0, L_0x5b10b3ecf170;  alias, 1 drivers
v0x5b10b3e08860_0 .net "valid_i", 0 0, L_0x5b10b3e773e0;  alias, 1 drivers
L_0x5b10b3eacb70 .cmp/eq 32, L_0x5b10b3eacab0, L_0x7c1d1eaa50d8;
L_0x5b10b3eacd70 .cmp/eq 32, L_0x5b10b3eaccb0, L_0x7c1d1eaa5168;
L_0x5b10b3ead080 .cmp/eq 32, L_0x5b10b3eacfc0, L_0x7c1d1eaa51f8;
L_0x5b10b3ead390 .cmp/eq 32, L_0x5b10b3ead2d0, L_0x7c1d1eaa5288;
L_0x5b10b3ead6f0 .cmp/eq 32, L_0x5b10b3ead5e0, L_0x7c1d1eaa5318;
L_0x5b10b3eada60 .cmp/eq 32, L_0x5b10b3ead940, L_0x7c1d1eaa53a8;
L_0x5b10b3eadd90 .cmp/eq 32, L_0x5b10b3eadc60, L_0x7c1d1eaa5438;
L_0x5b10b3eae120 .cmp/eq 32, L_0x5b10b3eadfe0, L_0x7c1d1eaa54c8;
L_0x5b10b3eae4a0 .cmp/eq 32, L_0x5b10b3eae350, L_0x7c1d1eaa5558;
L_0x5b10b3eae850 .cmp/eq 32, L_0x5b10b3eae6f0, L_0x7c1d1eaa55e8;
L_0x5b10b3eae7b0 .cmp/eq 32, L_0x5b10b3eaea50, L_0x7c1d1eaa5678;
L_0x5b10b3eaeef0 .cmp/eq 32, L_0x5b10b3eaed70, L_0x7c1d1eaa5708;
L_0x5b10b3eaf340 .cmp/eq 32, L_0x5b10b3eaf1b0, L_0x7c1d1eaa5798;
L_0x5b10b3eaf730 .cmp/eq 32, L_0x5b10b3eaf590, L_0x7c1d1eaa5828;
L_0x5b10b3eafb40 .cmp/eq 32, L_0x5b10b3eaf990, L_0x7c1d1eaa58b8;
L_0x5b10b3eaff50 .cmp/eq 32, L_0x5b10b3eafd90, L_0x7c1d1eaa5948;
L_0x5b10b3eb0400 .cmp/eq 32, L_0x5b10b3eb0230, L_0x7c1d1eaa59d8;
L_0x5b10b3eb0830 .cmp/eq 32, L_0x5b10b3eb0650, L_0x7c1d1eaa5a68;
L_0x5b10b3eb0710 .cmp/eq 32, L_0x5b10b3eb0b20, L_0x7c1d1eaa5af8;
L_0x5b10b3eb1070 .cmp/eq 32, L_0x5b10b3eb0e70, L_0x7c1d1eaa5b88;
L_0x5b10b3eb0970 .cmp/eq 32, L_0x5b10b3eb1370, L_0x7c1d1eaa5c18;
L_0x5b10b3eb1950 .cmp/eq 32, L_0x5b10b3eb1730, L_0x7c1d1eaa5ca8;
L_0x5b10b3eb1e90 .cmp/eq 32, L_0x5b10b3eb1c60, L_0x7c1d1eaa5d38;
L_0x5b10b3eb2320 .cmp/eq 32, L_0x5b10b3eb20e0, L_0x7c1d1eaa5dc8;
L_0x5b10b3eb2890 .cmp/eq 32, L_0x5b10b3eb2640, L_0x7c1d1eaa5e58;
L_0x5b10b3eb2d40 .cmp/eq 32, L_0x5b10b3eb2ae0, L_0x7c1d1eaa5ee8;
L_0x5b10b3eb32e0 .cmp/eq 32, L_0x5b10b3eb3070, L_0x7c1d1eaa5f78;
L_0x5b10b3eb37b0 .cmp/eq 32, L_0x5b10b3eb3530, L_0x7c1d1eaa6008;
L_0x5b10b3eb3d80 .cmp/eq 32, L_0x5b10b3eb3af0, L_0x7c1d1eaa6098;
L_0x5b10b3eb4270 .cmp/eq 32, L_0x5b10b3eb3fd0, L_0x7c1d1eaa6128;
L_0x5b10b3eb4870 .cmp/eq 32, L_0x5b10b3eb45c0, L_0x7c1d1eaa61b8;
L_0x5b10b3eb4d80 .cmp/eq 32, L_0x5b10b3eb4ac0, L_0x7c1d1eaa6248;
L_0x5b10b3eb53b0 .cmp/eq 32, L_0x5b10b3eb50e0, L_0x7c1d1eaa62d8;
L_0x5b10b3eb58e0 .cmp/eq 32, L_0x5b10b3eb5600, L_0x7c1d1eaa6368;
L_0x5b10b3eb5f40 .cmp/eq 32, L_0x5b10b3eb5c50, L_0x7c1d1eaa63f8;
L_0x5b10b3eb6490 .cmp/eq 32, L_0x5b10b3eb6190, L_0x7c1d1eaa6488;
L_0x5b10b3eb6a10 .cmp/eq 32, L_0x5b10b3eb6700, L_0x7c1d1eaa6518;
L_0x5b10b3eb6f80 .cmp/eq 32, L_0x5b10b3eb6c60, L_0x7c1d1eaa65a8;
L_0x5b10b3eb7640 .cmp/eq 32, L_0x5b10b3eb7310, L_0x7c1d1eaa6638;
L_0x5b10b3eb7bd0 .cmp/eq 32, L_0x5b10b3eb7890, L_0x7c1d1eaa66c8;
L_0x5b10b3eb8270 .cmp/eq 32, L_0x5b10b3eb7f70, L_0x7c1d1eaa6758;
L_0x5b10b3eb87d0 .cmp/eq 32, L_0x5b10b3eb8470, L_0x7c1d1eaa67e8;
L_0x5b10b3eb8ef0 .cmp/eq 32, L_0x5b10b3eb8b80, L_0x7c1d1eaa6878;
L_0x5b10b3eb94c0 .cmp/eq 32, L_0x5b10b3eb9140, L_0x7c1d1eaa6908;
L_0x5b10b3eb9c10 .cmp/eq 32, L_0x5b10b3eb9880, L_0x7c1d1eaa6998;
L_0x5b10b3eba200 .cmp/eq 32, L_0x5b10b3eb9e60, L_0x7c1d1eaa6a28;
L_0x5b10b3eba980 .cmp/eq 32, L_0x5b10b3eba5d0, L_0x7c1d1eaa6ab8;
L_0x5b10b3ebaf90 .cmp/eq 32, L_0x5b10b3ebabd0, L_0x7c1d1eaa6b48;
L_0x5b10b3ebb740 .cmp/eq 32, L_0x5b10b3ebb370, L_0x7c1d1eaa6bd8;
L_0x5b10b3ebbd70 .cmp/eq 32, L_0x5b10b3ebb990, L_0x7c1d1eaa6c68;
L_0x5b10b3ebc550 .cmp/eq 32, L_0x5b10b3ebc160, L_0x7c1d1eaa6cf8;
L_0x5b10b3ebcba0 .cmp/eq 32, L_0x5b10b3ebc7a0, L_0x7c1d1eaa6d88;
L_0x5b10b3ebd470 .cmp/eq 32, L_0x5b10b3ebd3b0, L_0x7c1d1eaa6e18;
L_0x5b10b3ebdf10 .cmp/eq 32, L_0x5b10b3ebdae0, L_0x7c1d1eaa6ea8;
L_0x5b10b3ebe820 .cmp/eq 32, L_0x5b10b3ebe760, L_0x7c1d1eaa6f38;
L_0x5b10b3ebf320 .cmp/eq 32, L_0x5b10b3ebeec0, L_0x7c1d1eaa6fc8;
L_0x5b10b3ebfc70 .cmp/eq 32, L_0x5b10b3ebfbb0, L_0x7c1d1eaa7058;
L_0x5b10b3ec0fe0 .cmp/eq 32, L_0x5b10b3ec0340, L_0x7c1d1eaa70e8;
L_0x5b10b3ec1970 .cmp/eq 32, L_0x5b10b3ec18b0, L_0x7c1d1eaa7178;
L_0x5b10b3ec2b30 .cmp/eq 32, L_0x5b10b3ec2a70, L_0x7c1d1eaa7208;
L_0x5b10b3ec3340 .cmp/eq 32, L_0x5b10b3ec2e60, L_0x7c1d1eaa7298;
L_0x5b10b3ec2f20 .cmp/eq 32, L_0x5b10b3ec3590, L_0x7c1d1eaa7328;
L_0x5b10b3ec3650 .cmp/eq 32, L_0x5b10b3ec3ad0, L_0x7c1d1eaa73b8;
L_0x5b10b3ec3960 .cmp/eq 32, L_0x5b10b3ec38a0, L_0x7c1d1eaa7448;
L_0x5b10b3ec3b90 .cmp/eq 32, L_0x5b10b3ec4350, L_0x7c1d1eaa74d8;
L_0x5b10b3ec3ea0 .cmp/eq 32, L_0x5b10b3ec3de0, L_0x7c1d1eaa7568;
L_0x5b10b3ec4410 .cmp/eq 32, L_0x5b10b3ec4bb0, L_0x7c1d1eaa75f8;
L_0x5b10b3ec4720 .cmp/eq 32, L_0x5b10b3ec4660, L_0x7c1d1eaa7688;
L_0x5b10b3ec4c70 .cmp/eq 32, L_0x5b10b3ec5440, L_0x7c1d1eaa7718;
L_0x5b10b3ec4f80 .cmp/eq 32, L_0x5b10b3ec4ec0, L_0x7c1d1eaa77a8;
L_0x5b10b3ec5500 .cmp/eq 32, L_0x5b10b3ec5d00, L_0x7c1d1eaa7838;
L_0x5b10b3ec5810 .cmp/eq 32, L_0x5b10b3ec5750, L_0x7c1d1eaa78c8;
L_0x5b10b3ec5dc0 .cmp/eq 32, L_0x5b10b3ec65a0, L_0x7c1d1eaa7958;
L_0x5b10b3ec60d0 .cmp/eq 32, L_0x5b10b3ec6010, L_0x7c1d1eaa79e8;
L_0x5b10b3ec6660 .cmp/eq 32, L_0x5b10b3ec6e50, L_0x7c1d1eaa7a78;
L_0x5b10b3ec6970 .cmp/eq 32, L_0x5b10b3ec68b0, L_0x7c1d1eaa7b08;
L_0x5b10b3ec6f10 .cmp/eq 32, L_0x5b10b3ec7730, L_0x7c1d1eaa7b98;
L_0x5b10b3ec7220 .cmp/eq 32, L_0x5b10b3ec7160, L_0x7c1d1eaa7c28;
L_0x5b10b3ec77f0 .cmp/eq 32, L_0x5b10b3ec7ff0, L_0x7c1d1eaa7cb8;
L_0x5b10b3ec7b00 .cmp/eq 32, L_0x5b10b3ec7a40, L_0x7c1d1eaa7d48;
L_0x5b10b3ec80b0 .cmp/eq 32, L_0x5b10b3ec88e0, L_0x7c1d1eaa7dd8;
L_0x5b10b3ec83c0 .cmp/eq 32, L_0x5b10b3ec8300, L_0x7c1d1eaa7e68;
L_0x5b10b3ec89a0 .cmp/eq 32, L_0x5b10b3ec9200, L_0x7c1d1eaa7ef8;
L_0x5b10b3ec8cb0 .cmp/eq 32, L_0x5b10b3ec8bf0, L_0x7c1d1eaa7f88;
L_0x5b10b3ec92c0 .cmp/eq 32, L_0x5b10b3ec9b00, L_0x7c1d1eaa8018;
L_0x5b10b3ec95d0 .cmp/eq 32, L_0x5b10b3ec9510, L_0x7c1d1eaa80a8;
L_0x5b10b3eca050 .cmp/eq 32, L_0x5b10b3ec9f90, L_0x7c1d1eaa8138;
L_0x5b10b3ea28b0 .cmp/eq 32, L_0x5b10b3ea2220, L_0x7c1d1eaa81c8;
L_0x5b10b3ea20b0 .cmp/eq 32, L_0x5b10b3ea1ff0, L_0x7c1d1eaa8258;
L_0x5b10b3ea22e0 .cmp/eq 32, L_0x5b10b3ea2b50, L_0x7c1d1eaa82e8;
L_0x5b10b3ecc170 .cmp/eq 32, L_0x5b10b3ea2810, L_0x7c1d1eaa8378;
L_0x5b10b3ecc480 .cmp/eq 32, L_0x5b10b3ecc3c0, L_0x7c1d1eaa8408;
L_0x5b10b3ecc7b0 .cmp/eq 32, L_0x5b10b3ecc6d0, L_0x7c1d1eaa8498;
L_0x5b10b3eccac0 .cmp/eq 32, L_0x5b10b3ecca00, L_0x7c1d1eaa8528;
L_0x5b10b3ecd100 .cmp/eq 32, L_0x5b10b3eccd10, L_0x7c1d1eaa85b8;
L_0x5b10b3ecd410 .cmp/eq 32, L_0x5b10b3ecd350, L_0x7c1d1eaa8648;
L_0x5b10b3ecda80 .cmp/eq 32, L_0x5b10b3ecd660, L_0x7c1d1eaa86d8;
L_0x5b10b3ecdd90 .cmp/eq 32, L_0x5b10b3ecdcd0, L_0x7c1d1eaa8768;
L_0x5b10b3ece3e0 .cmp/eq 32, L_0x5b10b3ecdfe0, L_0x7c1d1eaa87f8;
L_0x5b10b3ece6f0 .cmp/eq 32, L_0x5b10b3ece630, L_0x7c1d1eaa8888;
L_0x5b10b3eced70 .cmp/eq 32, L_0x5b10b3ece940, L_0x7c1d1eaa8918;
L_0x5b10b3ecf030 .cmp/eq 32, L_0x5b10b3ecef70, L_0x7c1d1eaa89a8;
L_0x5b10b3ecf340 .cmp/eq 32, L_0x5b10b3ecf280, L_0x7c1d1eaa8a38;
L_0x5b10b3ecf890 .cmp/eq 32, L_0x5b10b3ecf7d0, L_0x7c1d1eaa8ac8;
L_0x5b10b3ed01e0 .cmp/eq 32, L_0x5b10b3ed0120, L_0x7c1d1eaa8b58;
L_0x5b10b3ed04f0 .cmp/eq 32, L_0x5b10b3ed0430, L_0x7c1d1eaa8be8;
L_0x5b10b3ed0880 .cmp/eq 32, L_0x5b10b3ed0740, L_0x7c1d1eaa8c78;
L_0x5b10b3ed0b90 .cmp/eq 32, L_0x5b10b3ed0ad0, L_0x7c1d1eaa8d08;
L_0x5b10b3ed1270 .cmp/eq 32, L_0x5b10b3ed0de0, L_0x7c1d1eaa8d98;
L_0x5b10b3ed1510 .cmp/eq 32, L_0x5b10b3ed1450, L_0x7c1d1eaa8e28;
L_0x5b10b3ed1820 .cmp/eq 32, L_0x5b10b3ed1760, L_0x7c1d1eaa8eb8;
L_0x5b10b3ed1eb0 .cmp/eq 32, L_0x5b10b3ed1df0, L_0x7c1d1eaa8f48;
L_0x5b10b3ed2840 .cmp/eq 32, L_0x5b10b3ed2780, L_0x7c1d1eaa8fd8;
L_0x5b10b3ed2b50 .cmp/eq 32, L_0x5b10b3ed2a90, L_0x7c1d1eaa9068;
L_0x5b10b3ed2f60 .cmp/eq 32, L_0x5b10b3ed2da0, L_0x7c1d1eaa90f8;
L_0x5b10b3ed3270 .cmp/eq 32, L_0x5b10b3ed31b0, L_0x7c1d1eaa9188;
L_0x5b10b3ed3580 .cmp/eq 32, L_0x5b10b3ed34c0, L_0x7c1d1eaa9218;
L_0x5b10b3ed3c30 .cmp/eq 32, L_0x5b10b3ed3b70, L_0x7c1d1eaa92a8;
L_0x5b10b3ed4650 .cmp/eq 32, L_0x5b10b3ed4590, L_0x7c1d1eaa9338;
L_0x5b10b3ed4960 .cmp/eq 32, L_0x5b10b3ed48a0, L_0x7c1d1eaa93c8;
L_0x5b10b3ed4c70 .cmp/eq 32, L_0x5b10b3ed4bb0, L_0x7c1d1eaa9458;
L_0x5b10b3ed4ff0 .cmp/eq 32, L_0x5b10b3ed4f30, L_0x7c1d1eaa94e8;
L_0x5b10b3ec0580 .cmp/eq 32, L_0x5b10b3ec04c0, L_0x7c1d1eaa9578;
L_0x5b10b3ec0890 .cmp/eq 32, L_0x5b10b3ec07d0, L_0x7c1d1eaa9608;
L_0x5b10b3ec0a90 .cmp/eq 32, L_0x5b10b3ec09d0, L_0x7c1d1eaa9698;
L_0x5b10b3ed5b30 .cmp/eq 32, L_0x5b10b3ed5a70, L_0x7c1d1eaa9728;
L_0x5b10b3ed7100 .cmp/eq 32, L_0x5b10b3ed79c0, L_0x7c1d1eaa97b8;
L_0x5b10b3ed7410 .cmp/eq 32, L_0x5b10b3ed7350, L_0x7c1d1eaa9848;
L_0x5b10b3ed7720 .cmp/eq 32, L_0x5b10b3ed7660, L_0x7c1d1eaa98d8;
L_0x5b10b3ed7b90 .cmp/eq 32, L_0x5b10b3ed7ad0, L_0x7c1d1eaa9968;
L_0x5b10b3ed8f40 .cmp/eq 32, L_0x5b10b3ed8200, L_0x7c1d1eaa99f8;
L_0x5b10b3ed86d0 .cmp/eq 32, L_0x5b10b3ed9190, L_0x7c1d1eaa9a88;
L_0x5b10b3ed8e10 .cmp/eq 32, L_0x5b10b3ed8d50, L_0x7c1d1eaa9b18;
L_0x5b10b3ed7de0 .cmp/eq 32, L_0x5b10b3ed7d20, L_0x7c1d1eaa9ba8;
L_0x5b10b3ed8810 .cmp/eq 32, L_0x5b10b3ed8030, L_0x7c1d1eaa9c38;
L_0x5b10b3ed8b20 .cmp/eq 32, L_0x5b10b3ed8a60, L_0x7c1d1eaa9cc8;
L_0x5b10b3ed98c0 .cmp/eq 32, L_0x5b10b3ed9800, L_0x7c1d1eaa9d58;
L_0x5b10b3ed9bd0 .cmp/eq 32, L_0x5b10b3ed9b10, L_0x7c1d1eaa9de8;
L_0x5b10b3ed9ee0 .cmp/eq 32, L_0x5b10b3ed9e20, L_0x7c1d1eaa9e78;
L_0x5b10b3eda1f0 .cmp/eq 32, L_0x5b10b3eda130, L_0x7c1d1eaa9f08;
L_0x5b10b3ed9470 .cmp/eq 32, L_0x5b10b3ed93b0, L_0x7c1d1eaa9f98;
L_0x5b10b3eda7a0 .cmp/eq 32, L_0x5b10b3ed95b0, L_0x7c1d1eaaa028;
L_0x5b10b3eda9f0 .cmp/eq 32, L_0x5b10b3eda930, L_0x7c1d1eaaa0b8;
L_0x5b10b3edad00 .cmp/eq 32, L_0x5b10b3edac40, L_0x7c1d1eaaa148;
L_0x5b10b3eda5c0 .cmp/eq 32, L_0x5b10b3eda500, L_0x7c1d1eaaa1d8;
L_0x5b10b3edb320 .cmp/eq 32, L_0x5b10b3eda700, L_0x7c1d1eaaa268;
L_0x5b10b3edaf50 .cmp/eq 32, L_0x5b10b3edae90, L_0x7c1d1eaaa2f8;
L_0x5b10b3edc350 .cmp/eq 32, L_0x5b10b3edb1a0, L_0x7c1d1eaaa388;
L_0x5b10b3edb6f0 .cmp/eq 32, L_0x5b10b3edb630, L_0x7c1d1eaaa418;
L_0x5b10b3edb9c0 .cmp/eq 32, L_0x5b10b3edb830, L_0x7c1d1eaaa4a8;
L_0x5b10b3edc190 .cmp/eq 32, L_0x5b10b3edc0d0, L_0x7c1d1eaaa538;
L_0x5b10b3edc5a0 .cmp/eq 32, L_0x5b10b3edc4e0, L_0x7c1d1eaaa5c8;
L_0x5b10b3edc8b0 .cmp/eq 32, L_0x5b10b3edc7f0, L_0x7c1d1eaaa658;
L_0x5b10b3edcbc0 .cmp/eq 32, L_0x5b10b3edcb00, L_0x7c1d1eaaa6e8;
L_0x5b10b3edbcd0 .cmp/eq 32, L_0x5b10b3edbc10, L_0x7c1d1eaaa778;
L_0x5b10b3edd230 .cmp/eq 32, L_0x5b10b3edbf20, L_0x7c1d1eaaa808;
L_0x5b10b3edd540 .cmp/eq 32, L_0x5b10b3edd480, L_0x7c1d1eaaa898;
L_0x5b10b3edd850 .cmp/eq 32, L_0x5b10b3edd790, L_0x7c1d1eaaa928;
L_0x5b10b3edced0 .cmp/eq 32, L_0x5b10b3edce10, L_0x7c1d1eaaa9b8;
L_0x5b10b3edde90 .cmp/eq 32, L_0x5b10b3edd120, L_0x7c1d1eaaaa48;
L_0x5b10b3edda50 .cmp/eq 32, L_0x5b10b3edd990, L_0x7c1d1eaaaad8;
S_0x5b10b3c28420 .scope module, "u_fifo" "fetch_fifo" 12 209, 12 279 0, S_0x5b10b3bee4e0;
 .timescale 0 0;
    .port_info 0 /INPUT 1 "clk_i";
    .port_info 1 /INPUT 1 "rst_i";
    .port_info 2 /INPUT 1 "flush_i";
    .port_info 3 /INPUT 1 "push_i";
    .port_info 4 /INPUT 32 "pc_in_i";
    .port_info 5 /INPUT 2 "pred_in_i";
    .port_info 6 /INPUT 64 "data_in_i";
    .port_info 7 /INPUT 2 "info0_in_i";
    .port_info 8 /INPUT 2 "info1_in_i";
    .port_info 9 /OUTPUT 1 "accept_o";
    .port_info 10 /OUTPUT 1 "valid0_o";
    .port_info 11 /OUTPUT 32 "pc0_out_o";
    .port_info 12 /OUTPUT 32 "data0_out_o";
    .port_info 13 /OUTPUT 2 "info0_out_o";
    .port_info 14 /INPUT 1 "pop0_i";
    .port_info 15 /OUTPUT 1 "valid1_o";
    .port_info 16 /OUTPUT 32 "pc1_out_o";
    .port_info 17 /OUTPUT 32 "data1_out_o";
    .port_info 18 /OUTPUT 2 "info1_out_o";
    .port_info 19 /INPUT 1 "pop1_i";
P_0x5b10b39591e0 .param/l "ADDR_W" 0 12 286, +C4<00000000000000000000000000000001>;
P_0x5b10b3959220 .param/l "COUNT_W" 1 12 324, +C4<000000000000000000000000000000010>;
P_0x5b10b3959260 .param/l "DEPTH" 0 12 285, +C4<00000000000000000000000000000010>;
P_0x5b10b39592a0 .param/l "OPC_INFO_W" 0 12 287, +C4<00000000000000000000000000000010>;
P_0x5b10b39592e0 .param/l "WIDTH" 0 12 284, +C4<00000000000000000000000001000000>;
L_0x5b10b3c7eee0 .functor AND 1, L_0x5b10b3ee0210, L_0x5b10b3e77760, C4<1>, C4<1>;
L_0x5b10b3693c70 .functor AND 1, L_0x5b10b3f07cd0, L_0x5b10b3e76de0, C4<1>, C4<1>;
L_0x5b10b3e76380 .functor AND 1, L_0x5b10b3f084f0, L_0x5b10b3e773e0, C4<1>, C4<1>;
L_0x5b10b3e763f0 .functor NOT 1, L_0x5b10b3e773e0, C4<0>, C4<0>, C4<0>;
L_0x5b10b3e76460 .functor AND 1, L_0x5b10b3693c70, L_0x5b10b3e763f0, C4<1>, C4<1>;
L_0x5b10b3e764d0 .functor NOT 1, L_0x5b10b3e76de0, C4<0>, C4<0>, C4<0>;
L_0x5b10b3e76580 .functor AND 1, L_0x5b10b3e76380, L_0x5b10b3e764d0, C4<1>, C4<1>;
L_0x5b10b3e76690 .functor OR 1, L_0x5b10b3e76460, L_0x5b10b3e76580, C4<0>, C4<0>;
L_0x5b10b3e767f0 .functor AND 1, L_0x5b10b3693c70, L_0x5b10b3e76380, C4<1>, C4<1>;
L_0x5b10b3e76860 .functor OR 1, L_0x5b10b3e76690, L_0x5b10b3e767f0, C4<0>, C4<0>;
L_0x5b10b3e76de0 .functor AND 1, L_0x5b10b3e76ac0, L_0x5b10b3e76c00, C4<1>, C4<1>;
L_0x5b10b3e773e0 .functor AND 1, L_0x5b10b3e77030, L_0x5b10b3e77160, C4<1>, C4<1>;
L_0x5b10b3e77a40 .functor BUFZ 2, L_0x5b10b3e78af0, C4<00>, C4<00>, C4<00>;
L_0x5b10b3e791e0 .functor BUFZ 2, L_0x5b10b3e78e00, C4<00>, C4<00>, C4<00>;
v0x5b10b3e08900_0 .net *"_ivl_10", 0 0, L_0x5b10b3e764d0;  1 drivers
v0x5b10b3e089a0_0 .net *"_ivl_100", 1 0, L_0x5b10b3e78af0;  1 drivers
v0x5b10b3e08a40_0 .net *"_ivl_102", 2 0, L_0x5b10b3e78b90;  1 drivers
L_0x7c1d1ea9f528 .functor BUFT 1, C4<00>, C4<0>, C4<0>, C4<0>;
v0x5b10b3e08ae0_0 .net *"_ivl_105", 1 0, L_0x7c1d1ea9f528;  1 drivers
v0x5b10b3e08b80_0 .net *"_ivl_108", 1 0, L_0x5b10b3e78e00;  1 drivers
v0x5b10b3e08c20_0 .net *"_ivl_110", 2 0, L_0x5b10b3e78ea0;  1 drivers
L_0x7c1d1ea9f570 .functor BUFT 1, C4<00>, C4<0>, C4<0>, C4<0>;
v0x5b10b3e08cc0_0 .net *"_ivl_113", 1 0, L_0x7c1d1ea9f570;  1 drivers
v0x5b10b3e08d60_0 .net *"_ivl_13", 0 0, L_0x5b10b3e76580;  1 drivers
v0x5b10b3e08e00_0 .net *"_ivl_15", 0 0, L_0x5b10b3e76690;  1 drivers
v0x5b10b3e08ea0_0 .net *"_ivl_17", 0 0, L_0x5b10b3e767f0;  1 drivers
v0x5b10b3e08f40_0 .net *"_ivl_20", 31 0, L_0x5b10b3e769d0;  1 drivers
L_0x7c1d1ea9f138 .functor BUFT 1, C4<000000000000000000000000000000>, C4<0>, C4<0>, C4<0>;
v0x5b10b3e08fe0_0 .net *"_ivl_23", 29 0, L_0x7c1d1ea9f138;  1 drivers
L_0x7c1d1ea9f180 .functor BUFT 1, C4<00000000000000000000000000000000>, C4<0>, C4<0>, C4<0>;
v0x5b10b3e09080_0 .net/2u *"_ivl_24", 31 0, L_0x7c1d1ea9f180;  1 drivers
v0x5b10b3e09120_0 .net *"_ivl_26", 0 0, L_0x5b10b3e76ac0;  1 drivers
v0x5b10b3e091c0_0 .net *"_ivl_28", 0 0, L_0x5b10b3e76c00;  1 drivers
v0x5b10b3e09260_0 .net *"_ivl_30", 2 0, L_0x5b10b3e76ca0;  1 drivers
L_0x7c1d1ea9f1c8 .functor BUFT 1, C4<00>, C4<0>, C4<0>, C4<0>;
v0x5b10b3e09300_0 .net *"_ivl_33", 1 0, L_0x7c1d1ea9f1c8;  1 drivers
v0x5b10b3e093a0_0 .net *"_ivl_36", 31 0, L_0x5b10b3e76ef0;  1 drivers
L_0x7c1d1ea9f210 .functor BUFT 1, C4<000000000000000000000000000000>, C4<0>, C4<0>, C4<0>;
v0x5b10b3e09440_0 .net *"_ivl_39", 29 0, L_0x7c1d1ea9f210;  1 drivers
L_0x7c1d1ea9f258 .functor BUFT 1, C4<00000000000000000000000000000000>, C4<0>, C4<0>, C4<0>;
v0x5b10b3e094e0_0 .net/2u *"_ivl_40", 31 0, L_0x7c1d1ea9f258;  1 drivers
v0x5b10b3e09580_0 .net *"_ivl_42", 0 0, L_0x5b10b3e77030;  1 drivers
v0x5b10b3e09620_0 .net *"_ivl_44", 0 0, L_0x5b10b3e77160;  1 drivers
v0x5b10b3e096c0_0 .net *"_ivl_46", 2 0, L_0x5b10b3e77200;  1 drivers
L_0x7c1d1ea9f2a0 .functor BUFT 1, C4<00>, C4<0>, C4<0>, C4<0>;
v0x5b10b3e09760_0 .net *"_ivl_49", 1 0, L_0x7c1d1ea9f2a0;  1 drivers
v0x5b10b3e09800_0 .net *"_ivl_52", 31 0, L_0x5b10b3e77670;  1 drivers
L_0x7c1d1ea9f2e8 .functor BUFT 1, C4<000000000000000000000000000000>, C4<0>, C4<0>, C4<0>;
v0x5b10b3e098a0_0 .net *"_ivl_55", 29 0, L_0x7c1d1ea9f2e8;  1 drivers
L_0x7c1d1ea9f330 .functor BUFT 1, C4<00000000000000000000000000000010>, C4<0>, C4<0>, C4<0>;
v0x5b10b3e09940_0 .net/2u *"_ivl_56", 31 0, L_0x7c1d1ea9f330;  1 drivers
v0x5b10b3e099e0_0 .net *"_ivl_6", 0 0, L_0x5b10b3e763f0;  1 drivers
v0x5b10b3e09a80_0 .net *"_ivl_60", 31 0, L_0x5b10b3e77900;  1 drivers
v0x5b10b3e09b20_0 .net *"_ivl_62", 2 0, L_0x5b10b3e779a0;  1 drivers
L_0x7c1d1ea9f378 .functor BUFT 1, C4<00>, C4<0>, C4<0>, C4<0>;
v0x5b10b3e09bc0_0 .net *"_ivl_65", 1 0, L_0x7c1d1ea9f378;  1 drivers
v0x5b10b3e09c60_0 .net *"_ivl_67", 28 0, L_0x5b10b3e77b00;  1 drivers
L_0x7c1d1ea9f3c0 .functor BUFT 1, C4<000>, C4<0>, C4<0>, C4<0>;
v0x5b10b3e09d00_0 .net/2u *"_ivl_68", 2 0, L_0x7c1d1ea9f3c0;  1 drivers
v0x5b10b3e09da0_0 .net *"_ivl_72", 31 0, L_0x5b10b3e77db0;  1 drivers
v0x5b10b3e09e40_0 .net *"_ivl_74", 2 0, L_0x5b10b3e77e50;  1 drivers
L_0x7c1d1ea9f408 .functor BUFT 1, C4<00>, C4<0>, C4<0>, C4<0>;
v0x5b10b3e09ee0_0 .net *"_ivl_77", 1 0, L_0x7c1d1ea9f408;  1 drivers
v0x5b10b3e09f80_0 .net *"_ivl_79", 28 0, L_0x5b10b3e77fd0;  1 drivers
L_0x7c1d1ea9f450 .functor BUFT 1, C4<100>, C4<0>, C4<0>, C4<0>;
v0x5b10b3e0a020_0 .net/2u *"_ivl_80", 2 0, L_0x7c1d1ea9f450;  1 drivers
v0x5b10b3e0a0c0_0 .net *"_ivl_84", 63 0, L_0x5b10b3e782a0;  1 drivers
v0x5b10b3e0a160_0 .net *"_ivl_86", 2 0, L_0x5b10b3e78340;  1 drivers
L_0x7c1d1ea9f498 .functor BUFT 1, C4<00>, C4<0>, C4<0>, C4<0>;
v0x5b10b3e0a200_0 .net *"_ivl_89", 1 0, L_0x7c1d1ea9f498;  1 drivers
v0x5b10b3e0a2a0_0 .net *"_ivl_9", 0 0, L_0x5b10b3e76460;  1 drivers
v0x5b10b3e0a340_0 .net *"_ivl_92", 63 0, L_0x5b10b3e78690;  1 drivers
v0x5b10b3e0a3e0_0 .net *"_ivl_94", 2 0, L_0x5b10b3e787f0;  1 drivers
L_0x7c1d1ea9f4e0 .functor BUFT 1, C4<00>, C4<0>, C4<0>, C4<0>;
v0x5b10b3e0a480_0 .net *"_ivl_97", 1 0, L_0x7c1d1ea9f4e0;  1 drivers
v0x5b10b3e0a520_0 .net "accept_o", 0 0, L_0x5b10b3e77760;  alias, 1 drivers
v0x5b10b3e0a5c0_0 .net "clk_i", 0 0, v0x5b10b3e64cc0_0;  alias, 1 drivers
v0x5b10b3e0a660_0 .var "count_q", 1 0;
v0x5b10b3e0a700_0 .net "data0_out_o", 31 0, L_0x5b10b3e78200;  alias, 1 drivers
v0x5b10b3e0a7a0_0 .net "data1_out_o", 31 0, L_0x5b10b3e78930;  alias, 1 drivers
v0x5b10b3e0a840_0 .net "data_in_i", 63 0, L_0x5b10b3e79370;  1 drivers
v0x5b10b3e0a8e0_0 .net "flush_i", 0 0, L_0x5b10b3ef8880;  alias, 1 drivers
v0x5b10b3e0a980_0 .var/i "i", 31 0;
v0x5b10b3e0aa20_0 .net "info0_in_i", 1 0, L_0x5b10b3e794b0;  1 drivers
v0x5b10b3e0aac0_0 .net "info0_out_o", 1 0, L_0x5b10b3e77a40;  1 drivers
v0x5b10b3e0ab60 .array "info0_q", 0 1, 1 0;
v0x5b10b3e0ac00_0 .net "info1_in_i", 1 0, L_0x5b10b3e79550;  1 drivers
v0x5b10b3e0aca0_0 .net "info1_out_o", 1 0, L_0x5b10b3e791e0;  1 drivers
v0x5b10b3e0ad40 .array "info1_q", 0 1, 1 0;
v0x5b10b3e0ade0_0 .net "pc0_out_o", 31 0, L_0x5b10b3e77bf0;  alias, 1 drivers
v0x5b10b3e0ae80_0 .net "pc1_out_o", 31 0, L_0x5b10b3e780c0;  alias, 1 drivers
v0x5b10b3e0af20_0 .net "pc_in_i", 31 0, L_0x5b10b3ee05b0;  alias, 1 drivers
v0x5b10b3e0afc0 .array "pc_q", 0 1, 31 0;
v0x5b10b3e0b060_0 .net "pop0_i", 0 0, L_0x5b10b3f07cd0;  alias, 1 drivers
v0x5b10b3e0b100_0 .net "pop1_i", 0 0, L_0x5b10b3f084f0;  alias, 1 drivers
v0x5b10b3e0b1a0_0 .net "pop1_w", 0 0, L_0x5b10b3693c70;  1 drivers
v0x5b10b3e0b240_0 .net "pop2_w", 0 0, L_0x5b10b3e76380;  1 drivers
v0x5b10b3e0b2e0_0 .net "pop_complete_w", 0 0, L_0x5b10b3e76860;  1 drivers
v0x5b10b3e0b380_0 .net "pred_in_i", 1 0, L_0x5b10b3ee0b70;  alias, 1 drivers
v0x5b10b3e0b420_0 .net "push_i", 0 0, L_0x5b10b3ee0210;  alias, 1 drivers
v0x5b10b3e0b4c0_0 .net "push_w", 0 0, L_0x5b10b3c7eee0;  1 drivers
v0x5b10b3e0b560 .array "ram_q", 0 1, 63 0;
v0x5b10b3e0b600_0 .var "rd_ptr_q", 0 0;
v0x5b10b3e0b6a0_0 .net "rst_i", 0 0, v0x5b10b3e65f10_0;  alias, 1 drivers
v0x5b10b3e0b740_0 .net "valid0_o", 0 0, L_0x5b10b3e76de0;  alias, 1 drivers
v0x5b10b3e0b7e0 .array "valid0_q", 0 1, 0 0;
v0x5b10b3e0b880_0 .net "valid1_o", 0 0, L_0x5b10b3e773e0;  alias, 1 drivers
v0x5b10b3e0b920 .array "valid1_q", 0 1, 0 0;
v0x5b10b3e0b9c0_0 .var "wr_ptr_q", 0 0;
L_0x5b10b3e769d0 .concat [ 2 30 0 0], v0x5b10b3e0a660_0, L_0x7c1d1ea9f138;
L_0x5b10b3e76ac0 .cmp/ne 32, L_0x5b10b3e769d0, L_0x7c1d1ea9f180;
L_0x5b10b3e76c00 .array/port v0x5b10b3e0b7e0, L_0x5b10b3e76ca0;
L_0x5b10b3e76ca0 .concat [ 1 2 0 0], v0x5b10b3e0b600_0, L_0x7c1d1ea9f1c8;
L_0x5b10b3e76ef0 .concat [ 2 30 0 0], v0x5b10b3e0a660_0, L_0x7c1d1ea9f210;
L_0x5b10b3e77030 .cmp/ne 32, L_0x5b10b3e76ef0, L_0x7c1d1ea9f258;
L_0x5b10b3e77160 .array/port v0x5b10b3e0b920, L_0x5b10b3e77200;
L_0x5b10b3e77200 .concat [ 1 2 0 0], v0x5b10b3e0b600_0, L_0x7c1d1ea9f2a0;
L_0x5b10b3e77670 .concat [ 2 30 0 0], v0x5b10b3e0a660_0, L_0x7c1d1ea9f2e8;
L_0x5b10b3e77760 .cmp/ne 32, L_0x5b10b3e77670, L_0x7c1d1ea9f330;
L_0x5b10b3e77900 .array/port v0x5b10b3e0afc0, L_0x5b10b3e779a0;
L_0x5b10b3e779a0 .concat [ 1 2 0 0], v0x5b10b3e0b600_0, L_0x7c1d1ea9f378;
L_0x5b10b3e77b00 .part L_0x5b10b3e77900, 3, 29;
L_0x5b10b3e77bf0 .concat [ 3 29 0 0], L_0x7c1d1ea9f3c0, L_0x5b10b3e77b00;
L_0x5b10b3e77db0 .array/port v0x5b10b3e0afc0, L_0x5b10b3e77e50;
L_0x5b10b3e77e50 .concat [ 1 2 0 0], v0x5b10b3e0b600_0, L_0x7c1d1ea9f408;
L_0x5b10b3e77fd0 .part L_0x5b10b3e77db0, 3, 29;
L_0x5b10b3e780c0 .concat [ 3 29 0 0], L_0x7c1d1ea9f450, L_0x5b10b3e77fd0;
L_0x5b10b3e782a0 .array/port v0x5b10b3e0b560, L_0x5b10b3e78340;
L_0x5b10b3e78340 .concat [ 1 2 0 0], v0x5b10b3e0b600_0, L_0x7c1d1ea9f498;
L_0x5b10b3e78200 .part L_0x5b10b3e782a0, 0, 32;
L_0x5b10b3e78690 .array/port v0x5b10b3e0b560, L_0x5b10b3e787f0;
L_0x5b10b3e787f0 .concat [ 1 2 0 0], v0x5b10b3e0b600_0, L_0x7c1d1ea9f4e0;
L_0x5b10b3e78930 .part L_0x5b10b3e78690, 32, 32;
L_0x5b10b3e78af0 .array/port v0x5b10b3e0ab60, L_0x5b10b3e78b90;
L_0x5b10b3e78b90 .concat [ 1 2 0 0], v0x5b10b3e0b600_0, L_0x7c1d1ea9f528;
L_0x5b10b3e78e00 .array/port v0x5b10b3e0ad40, L_0x5b10b3e78ea0;
L_0x5b10b3e78ea0 .concat [ 1 2 0 0], v0x5b10b3e0b600_0, L_0x7c1d1ea9f570;
S_0x5b10b3c1d770 .scope module, "u_fetch" "biriscv_fetch" 11 212, 14 26 0, S_0x5b10b3ca9220;
 .timescale 0 0;
    .port_info 0 /INPUT 1 "clk_i";
    .port_info 1 /INPUT 1 "rst_i";
    .port_info 2 /INPUT 1 "fetch_accept_i";
    .port_info 3 /INPUT 1 "icache_accept_i";
    .port_info 4 /INPUT 1 "icache_valid_i";
    .port_info 5 /INPUT 1 "icache_error_i";
    .port_info 6 /INPUT 64 "icache_inst_i";
    .port_info 7 /INPUT 1 "icache_page_fault_i";
    .port_info 8 /INPUT 1 "fetch_invalidate_i";
    .port_info 9 /INPUT 1 "branch_request_i";
    .port_info 10 /INPUT 32 "branch_pc_i";
    .port_info 11 /INPUT 2 "branch_priv_i";
    .port_info 12 /INPUT 32 "next_pc_f_i";
    .port_info 13 /INPUT 2 "next_taken_f_i";
    .port_info 14 /OUTPUT 1 "fetch_valid_o";
    .port_info 15 /OUTPUT 64 "fetch_instr_o";
    .port_info 16 /OUTPUT 2 "fetch_pred_branch_o";
    .port_info 17 /OUTPUT 1 "fetch_fault_fetch_o";
    .port_info 18 /OUTPUT 1 "fetch_fault_page_o";
    .port_info 19 /OUTPUT 32 "fetch_pc_o";
    .port_info 20 /OUTPUT 1 "icache_rd_o";
    .port_info 21 /OUTPUT 1 "icache_flush_o";
    .port_info 22 /OUTPUT 1 "icache_invalidate_o";
    .port_info 23 /OUTPUT 32 "icache_pc_o";
    .port_info 24 /OUTPUT 2 "icache_priv_o";
    .port_info 25 /OUTPUT 32 "pc_f_o";
    .port_info 26 /OUTPUT 1 "pc_accept_o";
P_0x5b10b3601f30 .param/l "SUPPORT_MMU" 0 14 31, +C4<00000000000000000000000000000000>;
L_0x5b10b3edf780 .functor OR 1, L_0x5b10b3edf6e0, L_0x5b10b3ee0040, C4<0>, C4<0>;
L_0x5b10b3edf8e0 .functor OR 1, L_0x5b10b3edf780, L_0x5b10b3edf840, C4<0>, C4<0>;
L_0x5b10b3edf9a0 .functor AND 1, v0x5b10b3e0ebc0_0, L_0x5b10b3e77760, C4<1>, C4<1>;
L_0x5b10b3edfb00 .functor AND 1, L_0x5b10b3edf9a0, L_0x5b10b3edfa10, C4<1>, C4<1>;
L_0x7c1d1eaaabb0 .functor BUFT 1, C4<11>, C4<0>, C4<0>, C4<0>;
L_0x5b10b3edfda0 .functor BUFZ 2, L_0x7c1d1eaaabb0, C4<00>, C4<00>, C4<00>;
L_0x5b10b3edfe10 .functor OR 1, v0x5b10b3d2f930_0, v0x5b10b3e0fe10_0, C4<0>, C4<0>;
L_0x5b10b3ee0040 .functor AND 1, v0x5b10b3e0fb90_0, L_0x5b10b3edff10, C4<1>, C4<1>;
L_0x5b10b3ee00b0 .functor OR 1, L_0x5b10b3ee1800, v0x5b10b3e108b0_0, C4<0>, C4<0>;
L_0x5b10b3ee0210 .functor AND 1, L_0x5b10b3ee00b0, L_0x5b10b3ee0170, C4<1>, C4<1>;
L_0x5b10b3ee0820 .functor BUFZ 32, L_0x5b10b3edf530, C4<00000000000000000000000000000000>, C4<00000000000000000000000000000000>, C4<00000000000000000000000000000000>;
L_0x5b10b3ee1290 .functor NOT 1, L_0x5b10b3edf8e0, C4<0>, C4<0>, C4<0>;
v0x5b10b3e0e080_0 .net *"_ivl_1", 0 0, L_0x5b10b3edf6e0;  1 drivers
v0x5b10b3e0e120_0 .net *"_ivl_11", 0 0, L_0x5b10b3edfa10;  1 drivers
v0x5b10b3e0e1c0_0 .net *"_ivl_15", 28 0, L_0x5b10b3edfbc0;  1 drivers
L_0x7c1d1eaaabf8 .functor BUFT 1, C4<000>, C4<0>, C4<0>, C4<0>;
v0x5b10b3e0e260_0 .net/2u *"_ivl_16", 2 0, L_0x7c1d1eaaabf8;  1 drivers
v0x5b10b3e0e300_0 .net *"_ivl_27", 0 0, L_0x5b10b3edff10;  1 drivers
v0x5b10b3e0e3a0_0 .net *"_ivl_3", 0 0, L_0x5b10b3edf780;  1 drivers
v0x5b10b3e0e440_0 .net *"_ivl_31", 0 0, L_0x5b10b3ee00b0;  1 drivers
v0x5b10b3e0e4e0_0 .net *"_ivl_33", 0 0, L_0x5b10b3ee0170;  1 drivers
v0x5b10b3e0e580_0 .net *"_ivl_37", 31 0, L_0x5b10b3ee0280;  1 drivers
v0x5b10b3e0e620_0 .net *"_ivl_39", 28 0, L_0x5b10b3ee0370;  1 drivers
L_0x7c1d1eaaac88 .functor BUFT 1, C4<000>, C4<0>, C4<0>, C4<0>;
v0x5b10b3e0e6c0_0 .net/2u *"_ivl_40", 2 0, L_0x7c1d1eaaac88;  1 drivers
v0x5b10b3e0e760_0 .net *"_ivl_42", 31 0, L_0x5b10b3ee0410;  1 drivers
v0x5b10b3e0e800_0 .net *"_ivl_47", 63 0, L_0x5b10b3ee0730;  1 drivers
v0x5b10b3e0e8a0_0 .net *"_ivl_5", 0 0, L_0x5b10b3edf840;  1 drivers
v0x5b10b3e0e940_0 .net *"_ivl_51", 1 0, L_0x5b10b3ee0a50;  1 drivers
v0x5b10b3e0e9e0_0 .net *"_ivl_55", 0 0, L_0x5b10b3ee0d30;  1 drivers
v0x5b10b3e0ea80_0 .net *"_ivl_59", 0 0, L_0x5b10b3ee1020;  1 drivers
v0x5b10b3e0eb20_0 .net *"_ivl_8", 0 0, L_0x5b10b3edf9a0;  1 drivers
v0x5b10b3e0ebc0_0 .var "active_q", 0 0;
v0x5b10b3e0ec60_0 .net "branch_pc_i", 31 0, L_0x5b10b3ef8470;  alias, 1 drivers
v0x5b10b3e0ed00_0 .var "branch_pc_q", 31 0;
v0x5b10b3e0eda0_0 .net "branch_pc_w", 31 0, L_0x5b10b3edf2c0;  1 drivers
v0x5b10b3e0ee40_0 .net "branch_priv_i", 1 0, L_0x5b10b3ef88f0;  alias, 1 drivers
L_0x7c1d1eaaab68 .functor BUFT 1, C4<11>, C4<0>, C4<0>, C4<0>;
v0x5b10b3e0eee0_0 .net "branch_priv_w", 1 0, L_0x7c1d1eaaab68;  1 drivers
v0x5b10b3e0ef80_0 .var "branch_q", 0 0;
v0x5b10b3e0f020_0 .net "branch_request_i", 0 0, L_0x5b10b3ef8880;  alias, 1 drivers
v0x5b10b3e0f0c0_0 .net "branch_w", 0 0, L_0x5b10b3edf0a0;  1 drivers
v0x5b10b3e0f160_0 .net "clk_i", 0 0, v0x5b10b3e64cc0_0;  alias, 1 drivers
v0x5b10b3e0f200_0 .net "fetch_accept_i", 0 0, L_0x5b10b3e77760;  alias, 1 drivers
v0x5b10b3e0f2a0_0 .net "fetch_fault_fetch_o", 0 0, L_0x5b10b3ee0ef0;  alias, 1 drivers
v0x5b10b3e0f340_0 .net "fetch_fault_page_o", 0 0, L_0x5b10b3ee1160;  alias, 1 drivers
v0x5b10b3e0f3e0_0 .net "fetch_instr_o", 63 0, L_0x5b10b3ee0890;  alias, 1 drivers
v0x5b10b3e0f480_0 .net "fetch_invalidate_i", 0 0, v0x5b10b3d2f930_0;  alias, 1 drivers
v0x5b10b3e0f730_0 .net "fetch_pc_o", 31 0, L_0x5b10b3ee05b0;  alias, 1 drivers
v0x5b10b3e0f7d0_0 .net "fetch_pred_branch_o", 1 0, L_0x5b10b3ee0b70;  alias, 1 drivers
v0x5b10b3e0f870_0 .net "fetch_resp_drop_w", 0 0, L_0x5b10b3edf670;  1 drivers
v0x5b10b3e0f910_0 .net "fetch_valid_o", 0 0, L_0x5b10b3ee0210;  alias, 1 drivers
v0x5b10b3e0f9b0_0 .net "icache_accept_i", 0 0, L_0x5b10b3ee1700;  alias, 1 drivers
v0x5b10b3e0fa50_0 .net "icache_busy_w", 0 0, L_0x5b10b3ee0040;  1 drivers
v0x5b10b3e0faf0_0 .net "icache_error_i", 0 0, L_0x5b10b3ee1870;  alias, 1 drivers
v0x5b10b3e0fb90_0 .var "icache_fetch_q", 0 0;
v0x5b10b3e0fc30_0 .net "icache_flush_o", 0 0, L_0x5b10b3edfe10;  alias, 1 drivers
v0x5b10b3e0fcd0_0 .net "icache_inst_i", 63 0, L_0x5b10b3ee1970;  alias, 1 drivers
v0x5b10b3e0fd70_0 .net "icache_invalidate_o", 0 0, L_0x7c1d1eaaac40;  alias, 1 drivers
v0x5b10b3e0fe10_0 .var "icache_invalidate_q", 0 0;
v0x5b10b3e0feb0_0 .net "icache_page_fault_i", 0 0, L_0x7c1d1eaaacd0;  alias, 1 drivers
v0x5b10b3e0ff50_0 .net "icache_pc_o", 31 0, L_0x5b10b3edfcb0;  alias, 1 drivers
v0x5b10b3e0fff0_0 .net "icache_pc_w", 31 0, L_0x5b10b3edf530;  1 drivers
v0x5b10b3e10090_0 .net "icache_priv_o", 1 0, L_0x5b10b3edfda0;  alias, 1 drivers
v0x5b10b3e10130_0 .net "icache_priv_w", 1 0, L_0x7c1d1eaaabb0;  1 drivers
v0x5b10b3e101d0_0 .net "icache_rd_o", 0 0, L_0x5b10b3edfb00;  alias, 1 drivers
v0x5b10b3e10270_0 .net "icache_valid_i", 0 0, L_0x5b10b3ee1800;  alias, 1 drivers
v0x5b10b3e10310_0 .net "next_pc_f_i", 31 0, L_0x5b10b3e76120;  alias, 1 drivers
v0x5b10b3e103b0_0 .net "next_taken_f_i", 1 0, L_0x7c1d1ea9f0a8;  alias, 1 drivers
v0x5b10b3e10450_0 .net "pc_accept_o", 0 0, L_0x5b10b3ee1290;  alias, 1 drivers
v0x5b10b3e104f0_0 .var "pc_d_q", 31 0;
v0x5b10b3e10590_0 .net "pc_f_o", 31 0, L_0x5b10b3ee0820;  alias, 1 drivers
v0x5b10b3e10630_0 .var "pc_f_q", 31 0;
v0x5b10b3e106d0_0 .var "pred_d_q", 1 0;
v0x5b10b3e10770_0 .net "rst_i", 0 0, v0x5b10b3e65f10_0;  alias, 1 drivers
v0x5b10b3e10810_0 .var "skid_buffer_q", 99 0;
v0x5b10b3e108b0_0 .var "skid_valid_q", 0 0;
v0x5b10b3e10950_0 .var "stall_q", 0 0;
v0x5b10b3e109f0_0 .net "stall_w", 0 0, L_0x5b10b3edf8e0;  1 drivers
L_0x5b10b3edf6e0 .reduce/nor L_0x5b10b3e77760;
L_0x5b10b3edf840 .reduce/nor L_0x5b10b3ee1700;
L_0x5b10b3edfa10 .reduce/nor L_0x5b10b3ee0040;
L_0x5b10b3edfbc0 .part L_0x5b10b3edf530, 3, 29;
L_0x5b10b3edfcb0 .concat [ 3 29 0 0], L_0x7c1d1eaaabf8, L_0x5b10b3edfbc0;
L_0x5b10b3edff10 .reduce/nor L_0x5b10b3ee1800;
L_0x5b10b3ee0170 .reduce/nor L_0x5b10b3edf670;
L_0x5b10b3ee0280 .part v0x5b10b3e10810_0, 64, 32;
L_0x5b10b3ee0370 .part v0x5b10b3e104f0_0, 3, 29;
L_0x5b10b3ee0410 .concat [ 3 29 0 0], L_0x7c1d1eaaac88, L_0x5b10b3ee0370;
L_0x5b10b3ee05b0 .functor MUXZ 32, L_0x5b10b3ee0410, L_0x5b10b3ee0280, v0x5b10b3e108b0_0, C4<>;
L_0x5b10b3ee0730 .part v0x5b10b3e10810_0, 0, 64;
L_0x5b10b3ee0890 .functor MUXZ 64, L_0x5b10b3ee1970, L_0x5b10b3ee0730, v0x5b10b3e108b0_0, C4<>;
L_0x5b10b3ee0a50 .part v0x5b10b3e10810_0, 96, 2;
L_0x5b10b3ee0b70 .functor MUXZ 2, v0x5b10b3e106d0_0, L_0x5b10b3ee0a50, v0x5b10b3e108b0_0, C4<>;
L_0x5b10b3ee0d30 .part v0x5b10b3e10810_0, 98, 1;
L_0x5b10b3ee0ef0 .functor MUXZ 1, L_0x5b10b3ee1870, L_0x5b10b3ee0d30, v0x5b10b3e108b0_0, C4<>;
L_0x5b10b3ee1020 .part v0x5b10b3e10810_0, 99, 1;
L_0x5b10b3ee1160 .functor MUXZ 1, L_0x7c1d1eaaacd0, L_0x5b10b3ee1020, v0x5b10b3e108b0_0, C4<>;
S_0x5b10b3e0dae0 .scope generate, "genblk2" "genblk2" 14 91, 14 91 0, S_0x5b10b3c1d770;
 .timescale 0 0;
L_0x5b10b3edf0a0 .functor OR 1, v0x5b10b3e0ef80_0, L_0x5b10b3ef8880, C4<0>, C4<0>;
L_0x5b10b3edf1b0 .functor AND 1, v0x5b10b3e0ef80_0, L_0x5b10b3edf110, C4<1>, C4<1>;
v0x5b10b3e0dc70_0 .net *"_ivl_3", 0 0, L_0x5b10b3edf110;  1 drivers
v0x5b10b3e0dd10_0 .net *"_ivl_4", 0 0, L_0x5b10b3edf1b0;  1 drivers
L_0x5b10b3edf110 .reduce/nor L_0x5b10b3ef8880;
L_0x5b10b3edf2c0 .functor MUXZ 32, L_0x5b10b3ef8470, v0x5b10b3e0ed00_0, L_0x5b10b3edf1b0, C4<>;
S_0x5b10b3e0ddb0 .scope generate, "genblk4" "genblk4" 14 211, 14 211 0, S_0x5b10b3c1d770;
 .timescale 0 0;
L_0x5b10b3edf3b0 .functor NOT 1, v0x5b10b3e10950_0, C4<0>, C4<0>, C4<0>;
L_0x5b10b3edf420 .functor AND 1, L_0x5b10b3edf0a0, L_0x5b10b3edf3b0, C4<1>, C4<1>;
L_0x5b10b3edf670 .functor BUFZ 1, L_0x5b10b3edf0a0, C4<0>, C4<0>, C4<0>;
v0x5b10b3e0df40_0 .net *"_ivl_0", 0 0, L_0x5b10b3edf3b0;  1 drivers
v0x5b10b3e0dfe0_0 .net *"_ivl_2", 0 0, L_0x5b10b3edf420;  1 drivers
L_0x5b10b3edf530 .functor MUXZ 32, v0x5b10b3e10630_0, L_0x5b10b3edf2c0, L_0x5b10b3edf420, C4<>;
S_0x5b10b3e10a90 .scope module, "u_npc" "biriscv_npc" 11 132, 15 26 0, S_0x5b10b3ca9220;
 .timescale 0 0;
    .port_info 0 /INPUT 1 "clk_i";
    .port_info 1 /INPUT 1 "rst_i";
    .port_info 2 /INPUT 1 "invalidate_i";
    .port_info 3 /INPUT 1 "branch_request_i";
    .port_info 4 /INPUT 1 "branch_is_taken_i";
    .port_info 5 /INPUT 1 "branch_is_not_taken_i";
    .port_info 6 /INPUT 32 "branch_source_i";
    .port_info 7 /INPUT 1 "branch_is_call_i";
    .port_info 8 /INPUT 1 "branch_is_ret_i";
    .port_info 9 /INPUT 1 "branch_is_jmp_i";
    .port_info 10 /INPUT 32 "branch_pc_i";
    .port_info 11 /INPUT 32 "pc_f_i";
    .port_info 12 /INPUT 1 "pc_accept_i";
    .port_info 13 /OUTPUT 32 "next_pc_f_o";
    .port_info 14 /OUTPUT 2 "next_taken_f_o";
P_0x5b10b3e10c20 .param/l "BHT_ENABLE" 0 15 38, +C4<00000000000000000000000000000001>;
P_0x5b10b3e10c60 .param/l "GSHARE_ENABLE" 0 15 37, +C4<00000000000000000000000000000000>;
P_0x5b10b3e10ca0 .param/l "NUM_BHT_ENTRIES" 0 15 34, +C4<00000000000000000000001000000000>;
P_0x5b10b3e10ce0 .param/l "NUM_BHT_ENTRIES_W" 0 15 35, +C4<00000000000000000000000000001001>;
P_0x5b10b3e10d20 .param/l "NUM_BTB_ENTRIES" 0 15 32, +C4<00000000000000000000000000100000>;
P_0x5b10b3e10d60 .param/l "NUM_BTB_ENTRIES_W" 0 15 33, +C4<00000000000000000000000000000101>;
P_0x5b10b3e10da0 .param/l "NUM_RAS_ENTRIES" 0 15 39, +C4<00000000000000000000000000001000>;
P_0x5b10b3e10de0 .param/l "NUM_RAS_ENTRIES_W" 0 15 40, +C4<00000000000000000000000000000011>;
P_0x5b10b3e10e20 .param/l "RAS_ENABLE" 0 15 36, +C4<00000000000000000000000000000001>;
P_0x5b10b3e10e60 .param/l "RAS_INVALID" 1 15 68, C4<00000000000000000000000000000001>;
P_0x5b10b3e10ea0 .param/l "SUPPORT_BRANCH_PREDICTION" 0 15 31, +C4<00000000000000000000000000000000>;
v0x5b10b3e11470_0 .net "branch_is_call_i", 0 0, L_0x5b10b3f03b50;  alias, 1 drivers
v0x5b10b3e11510_0 .net "branch_is_jmp_i", 0 0, L_0x5b10b3f04130;  alias, 1 drivers
v0x5b10b3e115b0_0 .net "branch_is_not_taken_i", 0 0, L_0x5b10b3f03a50;  alias, 1 drivers
v0x5b10b3e11650_0 .net "branch_is_ret_i", 0 0, L_0x5b10b3f03f30;  alias, 1 drivers
v0x5b10b3e116f0_0 .net "branch_is_taken_i", 0 0, L_0x5b10b3f03730;  alias, 1 drivers
v0x5b10b3e11790_0 .net "branch_pc_i", 31 0, L_0x5b10b3f043b0;  alias, 1 drivers
v0x5b10b3e11830_0 .net "branch_request_i", 0 0, L_0x5b10b3f03420;  alias, 1 drivers
v0x5b10b3e118d0_0 .net "branch_source_i", 31 0, L_0x5b10b3f03690;  alias, 1 drivers
v0x5b10b3e11970_0 .net "clk_i", 0 0, v0x5b10b3e64cc0_0;  alias, 1 drivers
L_0x7c1d1ea9f0f0 .functor BUFT 1, C4<0>, C4<0>, C4<0>, C4<0>;
v0x5b10b3e11a10_0 .net "invalidate_i", 0 0, L_0x7c1d1ea9f0f0;  1 drivers
v0x5b10b3e11ab0_0 .net "next_pc_f_o", 31 0, L_0x5b10b3e76120;  alias, 1 drivers
v0x5b10b3e11b50_0 .net "next_taken_f_o", 1 0, L_0x7c1d1ea9f0a8;  alias, 1 drivers
v0x5b10b3e11bf0_0 .net "pc_accept_i", 0 0, L_0x5b10b3ee1290;  alias, 1 drivers
v0x5b10b3e11c90_0 .net "pc_f_i", 31 0, L_0x5b10b3ee0820;  alias, 1 drivers
v0x5b10b3e11d30_0 .net "rst_i", 0 0, v0x5b10b3e65f10_0;  alias, 1 drivers
L_0x5b10b3e65fb0 .part L_0x5b10b3ee0820, 3, 29;
S_0x5b10b3e11060 .scope generate, "NO_BRANCH_PREDICTION" "NO_BRANCH_PREDICTION" 15 74, 15 74 0, S_0x5b10b3e10a90;
 .timescale 0 0;
v0x5b10b3e111f0_0 .net *"_ivl_0", 28 0, L_0x5b10b3e65fb0;  1 drivers
L_0x7c1d1ea9f018 .functor BUFT 1, C4<000>, C4<0>, C4<0>, C4<0>;
v0x5b10b3e11290_0 .net/2u *"_ivl_1", 2 0, L_0x7c1d1ea9f018;  1 drivers
v0x5b10b3e11330_0 .net *"_ivl_3", 31 0, L_0x5b10b3e66070;  1 drivers
L_0x7c1d1ea9f060 .functor BUFT 1, C4<00000000000000000000000000001000>, C4<0>, C4<0>, C4<0>;
v0x5b10b3e113d0_0 .net/2u *"_ivl_5", 31 0, L_0x7c1d1ea9f060;  1 drivers
L_0x5b10b3e66070 .concat [ 3 29 0 0], L_0x7c1d1ea9f018, L_0x5b10b3e65fb0;
L_0x5b10b3e76120 .arith/sum 32, L_0x5b10b3e66070, L_0x7c1d1ea9f060;
S_0x5b10b3e14850 .scope module, "u_issue" "biriscv_issue" 5 545, 16 26 0, S_0x5b10b3bef750;
 .timescale 0 0;
    .port_info 0 /INPUT 1 "clk_i";
    .port_info 1 /INPUT 1 "rst_i";
    .port_info 2 /INPUT 1 "fetch0_valid_i";
    .port_info 3 /INPUT 32 "fetch0_instr_i";
    .port_info 4 /INPUT 32 "fetch0_pc_i";
    .port_info 5 /INPUT 1 "fetch0_fault_fetch_i";
    .port_info 6 /INPUT 1 "fetch0_fault_page_i";
    .port_info 7 /INPUT 1 "fetch0_instr_exec_i";
    .port_info 8 /INPUT 1 "fetch0_instr_lsu_i";
    .port_info 9 /INPUT 1 "fetch0_instr_branch_i";
    .port_info 10 /INPUT 1 "fetch0_instr_mul_i";
    .port_info 11 /INPUT 1 "fetch0_instr_div_i";
    .port_info 12 /INPUT 1 "fetch0_instr_csr_i";
    .port_info 13 /INPUT 1 "fetch0_instr_rd_valid_i";
    .port_info 14 /INPUT 1 "fetch0_instr_invalid_i";
    .port_info 15 /INPUT 1 "fetch1_valid_i";
    .port_info 16 /INPUT 32 "fetch1_instr_i";
    .port_info 17 /INPUT 32 "fetch1_pc_i";
    .port_info 18 /INPUT 1 "fetch1_fault_fetch_i";
    .port_info 19 /INPUT 1 "fetch1_fault_page_i";
    .port_info 20 /INPUT 1 "fetch1_instr_exec_i";
    .port_info 21 /INPUT 1 "fetch1_instr_lsu_i";
    .port_info 22 /INPUT 1 "fetch1_instr_branch_i";
    .port_info 23 /INPUT 1 "fetch1_instr_mul_i";
    .port_info 24 /INPUT 1 "fetch1_instr_div_i";
    .port_info 25 /INPUT 1 "fetch1_instr_csr_i";
    .port_info 26 /INPUT 1 "fetch1_instr_rd_valid_i";
    .port_info 27 /INPUT 1 "fetch1_instr_invalid_i";
    .port_info 28 /INPUT 1 "branch_exec0_request_i";
    .port_info 29 /INPUT 1 "branch_exec0_is_taken_i";
    .port_info 30 /INPUT 1 "branch_exec0_is_not_taken_i";
    .port_info 31 /INPUT 32 "branch_exec0_source_i";
    .port_info 32 /INPUT 1 "branch_exec0_is_call_i";
    .port_info 33 /INPUT 1 "branch_exec0_is_ret_i";
    .port_info 34 /INPUT 1 "branch_exec0_is_jmp_i";
    .port_info 35 /INPUT 32 "branch_exec0_pc_i";
    .port_info 36 /INPUT 1 "branch_d_exec0_request_i";
    .port_info 37 /INPUT 32 "branch_d_exec0_pc_i";
    .port_info 38 /INPUT 2 "branch_d_exec0_priv_i";
    .port_info 39 /INPUT 1 "branch_exec1_request_i";
    .port_info 40 /INPUT 1 "branch_exec1_is_taken_i";
    .port_info 41 /INPUT 1 "branch_exec1_is_not_taken_i";
    .port_info 42 /INPUT 32 "branch_exec1_source_i";
    .port_info 43 /INPUT 1 "branch_exec1_is_call_i";
    .port_info 44 /INPUT 1 "branch_exec1_is_ret_i";
    .port_info 45 /INPUT 1 "branch_exec1_is_jmp_i";
    .port_info 46 /INPUT 32 "branch_exec1_pc_i";
    .port_info 47 /INPUT 1 "branch_d_exec1_request_i";
    .port_info 48 /INPUT 32 "branch_d_exec1_pc_i";
    .port_info 49 /INPUT 2 "branch_d_exec1_priv_i";
    .port_info 50 /INPUT 1 "branch_csr_request_i";
    .port_info 51 /INPUT 32 "branch_csr_pc_i";
    .port_info 52 /INPUT 2 "branch_csr_priv_i";
    .port_info 53 /INPUT 32 "writeback_exec0_value_i";
    .port_info 54 /INPUT 32 "writeback_exec1_value_i";
    .port_info 55 /INPUT 1 "writeback_mem_valid_i";
    .port_info 56 /INPUT 32 "writeback_mem_value_i";
    .port_info 57 /INPUT 6 "writeback_mem_exception_i";
    .port_info 58 /INPUT 32 "writeback_mul_value_i";
    .port_info 59 /INPUT 1 "writeback_div_valid_i";
    .port_info 60 /INPUT 32 "writeback_div_value_i";
    .port_info 61 /INPUT 32 "csr_result_e1_value_i";
    .port_info 62 /INPUT 1 "csr_result_e1_write_i";
    .port_info 63 /INPUT 32 "csr_result_e1_wdata_i";
    .port_info 64 /INPUT 6 "csr_result_e1_exception_i";
    .port_info 65 /INPUT 1 "lsu_stall_i";
    .port_info 66 /INPUT 1 "take_interrupt_i";
    .port_info 67 /OUTPUT 1 "fetch0_accept_o";
    .port_info 68 /OUTPUT 1 "fetch1_accept_o";
    .port_info 69 /OUTPUT 1 "branch_request_o";
    .port_info 70 /OUTPUT 32 "branch_pc_o";
    .port_info 71 /OUTPUT 2 "branch_priv_o";
    .port_info 72 /OUTPUT 1 "branch_info_request_o";
    .port_info 73 /OUTPUT 1 "branch_info_is_taken_o";
    .port_info 74 /OUTPUT 1 "branch_info_is_not_taken_o";
    .port_info 75 /OUTPUT 32 "branch_info_source_o";
    .port_info 76 /OUTPUT 1 "branch_info_is_call_o";
    .port_info 77 /OUTPUT 1 "branch_info_is_ret_o";
    .port_info 78 /OUTPUT 1 "branch_info_is_jmp_o";
    .port_info 79 /OUTPUT 32 "branch_info_pc_o";
    .port_info 80 /OUTPUT 1 "exec0_opcode_valid_o";
    .port_info 81 /OUTPUT 1 "exec1_opcode_valid_o";
    .port_info 82 /OUTPUT 1 "lsu_opcode_valid_o";
    .port_info 83 /OUTPUT 1 "csr_opcode_valid_o";
    .port_info 84 /OUTPUT 1 "mul_opcode_valid_o";
    .port_info 85 /OUTPUT 1 "div_opcode_valid_o";
    .port_info 86 /OUTPUT 32 "opcode0_opcode_o";
    .port_info 87 /OUTPUT 32 "opcode0_pc_o";
    .port_info 88 /OUTPUT 1 "opcode0_invalid_o";
    .port_info 89 /OUTPUT 5 "opcode0_rd_idx_o";
    .port_info 90 /OUTPUT 5 "opcode0_ra_idx_o";
    .port_info 91 /OUTPUT 5 "opcode0_rb_idx_o";
    .port_info 92 /OUTPUT 32 "opcode0_ra_operand_o";
    .port_info 93 /OUTPUT 32 "opcode0_rb_operand_o";
    .port_info 94 /OUTPUT 32 "opcode1_opcode_o";
    .port_info 95 /OUTPUT 32 "opcode1_pc_o";
    .port_info 96 /OUTPUT 1 "opcode1_invalid_o";
    .port_info 97 /OUTPUT 5 "opcode1_rd_idx_o";
    .port_info 98 /OUTPUT 5 "opcode1_ra_idx_o";
    .port_info 99 /OUTPUT 5 "opcode1_rb_idx_o";
    .port_info 100 /OUTPUT 32 "opcode1_ra_operand_o";
    .port_info 101 /OUTPUT 32 "opcode1_rb_operand_o";
    .port_info 102 /OUTPUT 32 "lsu_opcode_opcode_o";
    .port_info 103 /OUTPUT 32 "lsu_opcode_pc_o";
    .port_info 104 /OUTPUT 1 "lsu_opcode_invalid_o";
    .port_info 105 /OUTPUT 5 "lsu_opcode_rd_idx_o";
    .port_info 106 /OUTPUT 5 "lsu_opcode_ra_idx_o";
    .port_info 107 /OUTPUT 5 "lsu_opcode_rb_idx_o";
    .port_info 108 /OUTPUT 32 "lsu_opcode_ra_operand_o";
    .port_info 109 /OUTPUT 32 "lsu_opcode_rb_operand_o";
    .port_info 110 /OUTPUT 32 "mul_opcode_opcode_o";
    .port_info 111 /OUTPUT 32 "mul_opcode_pc_o";
    .port_info 112 /OUTPUT 1 "mul_opcode_invalid_o";
    .port_info 113 /OUTPUT 5 "mul_opcode_rd_idx_o";
    .port_info 114 /OUTPUT 5 "mul_opcode_ra_idx_o";
    .port_info 115 /OUTPUT 5 "mul_opcode_rb_idx_o";
    .port_info 116 /OUTPUT 32 "mul_opcode_ra_operand_o";
    .port_info 117 /OUTPUT 32 "mul_opcode_rb_operand_o";
    .port_info 118 /OUTPUT 32 "csr_opcode_opcode_o";
    .port_info 119 /OUTPUT 32 "csr_opcode_pc_o";
    .port_info 120 /OUTPUT 1 "csr_opcode_invalid_o";
    .port_info 121 /OUTPUT 5 "csr_opcode_rd_idx_o";
    .port_info 122 /OUTPUT 5 "csr_opcode_ra_idx_o";
    .port_info 123 /OUTPUT 5 "csr_opcode_rb_idx_o";
    .port_info 124 /OUTPUT 32 "csr_opcode_ra_operand_o";
    .port_info 125 /OUTPUT 32 "csr_opcode_rb_operand_o";
    .port_info 126 /OUTPUT 1 "csr_writeback_write_o";
    .port_info 127 /OUTPUT 12 "csr_writeback_waddr_o";
    .port_info 128 /OUTPUT 32 "csr_writeback_wdata_o";
    .port_info 129 /OUTPUT 6 "csr_writeback_exception_o";
    .port_info 130 /OUTPUT 32 "csr_writeback_exception_pc_o";
    .port_info 131 /OUTPUT 32 "csr_writeback_exception_addr_o";
    .port_info 132 /OUTPUT 1 "exec0_hold_o";
    .port_info 133 /OUTPUT 1 "exec1_hold_o";
    .port_info 134 /OUTPUT 1 "mul_hold_o";
    .port_info 135 /OUTPUT 1 "interrupt_inhibit_o";
P_0x5b10b36700c0 .param/l "SUPPORT_DUAL_ISSUE" 0 16 32, +C4<00000000000000000000000000000001>;
P_0x5b10b3670100 .param/l "SUPPORT_LOAD_BYPASS" 0 16 33, +C4<00000000000000000000000000000001>;
P_0x5b10b3670140 .param/l "SUPPORT_MULDIV" 0 16 31, +C4<00000000000000000000000000000001>;
P_0x5b10b3670180 .param/l "SUPPORT_MUL_BYPASS" 0 16 34, +C4<00000000000000000000000000000001>;
P_0x5b10b36701c0 .param/l "SUPPORT_REGFILE_XILINX" 0 16 35, +C4<00000000000000000000000000000000>;
L_0x5b10b3ef8880 .functor OR 1, L_0x5b10b3ef3fd0, v0x5b10b3e35b80_0, C4<0>, C4<0>;
L_0x5b10b3ef9100 .functor BUFZ 1, L_0x5b10b3ecf170, C4<0>, C4<0>, C4<0>;
L_0x5b10b3ef9550 .functor BUFZ 1, L_0x5b10b3ec06c0, C4<0>, C4<0>, C4<0>;
L_0x5b10b3ef95c0 .functor BUFZ 1, L_0x5b10b3ed8c40, C4<0>, C4<0>, C4<0>;
L_0x5b10b3ef9630 .functor BUFZ 1, L_0x5b10b3ed92a0, C4<0>, C4<0>, C4<0>;
L_0x5b10b3ef96a0 .functor BUFZ 1, L_0x5b10b3eda440, C4<0>, C4<0>, C4<0>;
L_0x5b10b3ef9710 .functor BUFZ 1, L_0x5b10b3edb570, C4<0>, C4<0>, C4<0>;
L_0x5b10b3ef9780 .functor BUFZ 1, L_0x5b10b3eddd60, C4<0>, C4<0>, C4<0>;
L_0x5b10b3ef9840 .functor BUFZ 1, L_0x5b10b3ec25a0, C4<0>, C4<0>, C4<0>;
L_0x5b10b3ef9d10 .functor OR 1, L_0x5b10b3efda20, L_0x5b10b3efdac0, C4<0>, C4<0>;
L_0x5b10b3efe000 .functor BUFZ 1, L_0x5b10b3f08600, C4<0>, C4<0>, C4<0>;
L_0x5b10b3efe070 .functor BUFZ 1, L_0x5b10b3f08600, C4<0>, C4<0>, C4<0>;
L_0x5b10b3f02760 .functor OR 1, L_0x5b10b3f02500, L_0x5b10b3f025a0, C4<0>, C4<0>;
L_0x5b10b3f026e0 .functor BUFZ 1, L_0x5b10b3f08600, C4<0>, C4<0>, C4<0>;
L_0x5b10b3efe380 .functor OR 6, v0x5b10b3e18ea0_0, v0x5b10b3e21260_0, C4<000000>, C4<000000>;
L_0x5b10b3f03420 .functor BUFZ 1, v0x5b10b3e35b80_0, C4<0>, C4<0>, C4<0>;
L_0x5b10b3f035b0 .functor AND 1, L_0x5b10b3eff0c0, L_0x5b10b3f0eab0, C4<1>, C4<1>;
L_0x5b10b3f03620 .functor AND 1, L_0x5b10b3efa540, L_0x5b10b3f0df00, C4<1>, C4<1>;
L_0x5b10b3f03730 .functor OR 1, L_0x5b10b3f035b0, L_0x5b10b3f03620, C4<0>, C4<0>;
L_0x5b10b3f037a0 .functor AND 1, L_0x5b10b3eff0c0, L_0x5b10b3f0ebb0, C4<1>, C4<1>;
L_0x5b10b3f03950 .functor AND 1, L_0x5b10b3efa540, L_0x5b10b3f0df70, C4<1>, C4<1>;
L_0x5b10b3f03a50 .functor OR 1, L_0x5b10b3f037a0, L_0x5b10b3f03950, C4<0>, C4<0>;
L_0x5b10b3f038a0 .functor AND 1, L_0x5b10b3eff0c0, v0x5b10b3d33040_0, C4<1>, C4<1>;
L_0x5b10b3f03c10 .functor AND 1, L_0x5b10b3efa540, v0x5b10b3ccfd40_0, C4<1>, C4<1>;
L_0x5b10b3f03b50 .functor OR 1, L_0x5b10b3f038a0, L_0x5b10b3f03c10, C4<0>, C4<0>;
L_0x5b10b3f03de0 .functor AND 1, L_0x5b10b3eff0c0, v0x5b10b3d03e00_0, C4<1>, C4<1>;
L_0x5b10b3f03c80 .functor AND 1, L_0x5b10b3efa540, v0x5b10b3c53fb0_0, C4<1>, C4<1>;
L_0x5b10b3f03f30 .functor OR 1, L_0x5b10b3f03de0, L_0x5b10b3f03c80, C4<0>, C4<0>;
L_0x5b10b3f03e50 .functor AND 1, L_0x5b10b3eff0c0, v0x5b10b3d2c880_0, C4<1>, C4<1>;
L_0x5b10b3f03ec0 .functor AND 1, L_0x5b10b3efa540, v0x5b10b3d6c9b0_0, C4<1>, C4<1>;
L_0x5b10b3f04130 .functor OR 1, L_0x5b10b3f03e50, L_0x5b10b3f03ec0, C4<0>, C4<0>;
L_0x5b10b3f04230 .functor AND 1, L_0x5b10b3eff0c0, L_0x5b10b3f0ea40, C4<1>, C4<1>;
L_0x5b10b3f04030 .functor AND 1, L_0x5b10b3eff0c0, L_0x5b10b3f0ea40, C4<1>, C4<1>;
L_0x5b10b3f04650 .functor OR 1, L_0x5b10b3efc490, L_0x5b10b3f01040, C4<0>, C4<0>;
L_0x5b10b3f04870 .functor OR 1, L_0x5b10b3ef9550, L_0x5b10b3ef9630, C4<0>, C4<0>;
L_0x5b10b3f048e0 .functor OR 1, L_0x5b10b3f04870, L_0x5b10b3ef95c0, C4<0>, C4<0>;
L_0x5b10b3f04750 .functor OR 1, L_0x5b10b3f048e0, L_0x5b10b3ef96a0, C4<0>, C4<0>;
L_0x7c1d1eaad790 .functor BUFT 1, C4<1>, C4<0>, C4<0>, C4<0>;
L_0x5b10b3f04a80 .functor AND 1, L_0x7c1d1eaad790, L_0x5b10b3f04750, C4<1>, C4<1>;
L_0x5b10b3f04950 .functor OR 1, L_0x5b10b3ef8c10, L_0x5b10b3ef8d00, C4<0>, C4<0>;
L_0x5b10b3f04cd0 .functor OR 1, L_0x5b10b3f04950, L_0x5b10b3ef8f20, C4<0>, C4<0>;
L_0x5b10b3f04b90 .functor AND 1, L_0x5b10b3f04cd0, L_0x5b10b3ef9550, C4<1>, C4<1>;
L_0x5b10b3f04c50 .functor OR 1, L_0x5b10b3ef8c10, L_0x5b10b3ef8d00, C4<0>, C4<0>;
L_0x5b10b3f04f40 .functor OR 1, L_0x5b10b3f04c50, L_0x5b10b3ef8f20, C4<0>, C4<0>;
L_0x5b10b3f05000 .functor AND 1, L_0x5b10b3f04f40, L_0x5b10b3ef9630, C4<1>, C4<1>;
L_0x5b10b3f04de0 .functor OR 1, L_0x5b10b3f04b90, L_0x5b10b3f05000, C4<0>, C4<0>;
L_0x5b10b3f05230 .functor OR 1, L_0x5b10b3ef8c10, L_0x5b10b3ef8f20, C4<0>, C4<0>;
L_0x5b10b3f05540 .functor AND 1, L_0x5b10b3f05230, L_0x5b10b3ef95c0, C4<1>, C4<1>;
L_0x5b10b3f055b0 .functor OR 1, L_0x5b10b3f04de0, L_0x5b10b3f05540, C4<0>, C4<0>;
L_0x5b10b3f053c0 .functor OR 1, L_0x5b10b3ef8c10, L_0x5b10b3ef8d00, C4<0>, C4<0>;
L_0x5b10b3f054c0 .functor AND 1, L_0x5b10b3f053c0, L_0x5b10b3ef96a0, C4<1>, C4<1>;
L_0x5b10b3f057c0 .functor OR 1, L_0x5b10b3f055b0, L_0x5b10b3f054c0, C4<0>, C4<0>;
L_0x5b10b3f058d0 .functor AND 1, L_0x5b10b3f04a80, L_0x5b10b3f057c0, C4<1>, C4<1>;
L_0x5b10b3f05620 .functor NOT 1, v0x5b10b3d03570_0, C4<0>, C4<0>, C4<0>;
L_0x5b10b3f05720 .functor AND 1, L_0x5b10b3f058d0, L_0x5b10b3f05620, C4<1>, C4<1>;
L_0x5b10b3f05b20 .functor NOT 1, L_0x5b10b3f05da0, C4<0>, C4<0>, C4<0>;
L_0x5b10b3f044a0 .functor AND 1, L_0x5b10b3f059e0, L_0x5b10b3f05b20, C4<1>, C4<1>;
L_0x5b10b3f05be0 .functor BUFZ 1, v0x5b10b3e3bfd0_0, C4<0>, C4<0>, C4<0>;
L_0x7c1d1eaad7d8 .functor BUFT 1, C4<1>, C4<0>, C4<0>, C4<0>;
L_0x5b10b3f06190 .functor AND 1, L_0x7c1d1eaad7d8, L_0x5b10b3f05c50, C4<1>, C4<1>;
L_0x5b10b3f06430 .functor AND 1, L_0x7c1d1eaad7d8, v0x5b10b3e3bfd0_0, C4<1>, C4<1>;
L_0x5b10b3f06530 .functor OR 1, v0x5b10b3e30da0_0, L_0x5b10b3ef9060, C4<0>, C4<0>;
L_0x5b10b3f06790 .functor BUFZ 1, v0x5b10b3e3c9a0_0, C4<0>, C4<0>, C4<0>;
L_0x5b10b3f06890 .functor AND 1, v0x5b10b3e37820_0, v0x5b10b3e37680_0, C4<1>, C4<1>;
L_0x5b10b3f06b00 .functor NOT 1, v0x5b10b3d03570_0, C4<0>, C4<0>, C4<0>;
L_0x5b10b3f06b70 .functor AND 1, L_0x5b10b3f06890, L_0x5b10b3f06b00, C4<1>, C4<1>;
L_0x5b10b3f06e40 .functor AND 1, v0x5b10b3e37340_0, v0x5b10b3e371c0_0, C4<1>, C4<1>;
L_0x5b10b3f06eb0 .functor NOT 1, L_0x5b10b3f06b70, C4<0>, C4<0>, C4<0>;
L_0x5b10b3f07190 .functor AND 1, L_0x5b10b3f06e40, L_0x5b10b3f06eb0, C4<1>, C4<1>;
L_0x5b10b3f072a0 .functor NOT 1, v0x5b10b3d03570_0, C4<0>, C4<0>, C4<0>;
L_0x5b10b3f07540 .functor AND 1, L_0x5b10b3f07190, L_0x5b10b3f072a0, C4<1>, C4<1>;
L_0x5b10b3f07650 .functor AND 1, v0x5b10b3e3ade0_0, v0x5b10b3e371c0_0, C4<1>, C4<1>;
L_0x5b10b3f07950 .functor OR 1, L_0x5b10b3f07650, v0x5b10b3e3ae80_0, C4<0>, C4<0>;
L_0x5b10b3f07a10 .functor NOT 1, v0x5b10b3d03570_0, C4<0>, C4<0>, C4<0>;
L_0x5b10b3f07cd0 .functor AND 1, L_0x5b10b3f07950, L_0x5b10b3f07a10, C4<1>, C4<1>;
L_0x5b10b3f07de0 .functor AND 1, v0x5b10b3e3ae80_0, v0x5b10b3e371c0_0, C4<1>, C4<1>;
L_0x5b10b3f08100 .functor OR 1, L_0x5b10b3f07de0, v0x5b10b3e37680_0, C4<0>, C4<0>;
L_0x5b10b3f08210 .functor NOT 1, v0x5b10b3d03570_0, C4<0>, C4<0>, C4<0>;
L_0x5b10b3f084f0 .functor AND 1, L_0x5b10b3f08100, L_0x5b10b3f08210, C4<1>, C4<1>;
L_0x5b10b3f08600 .functor OR 1, L_0x5b10b3efc2d0, L_0x5b10b3f00e80, C4<0>, C4<0>;
L_0x5b10b3f09d30 .functor BUFZ 32, v0x5b10b3e3ba70_0, C4<00000000000000000000000000000000>, C4<00000000000000000000000000000000>, C4<00000000000000000000000000000000>;
L_0x5b10b3f09df0 .functor BUFZ 32, v0x5b10b3e3bb10_0, C4<00000000000000000000000000000000>, C4<00000000000000000000000000000000>, C4<00000000000000000000000000000000>;
L_0x5b10b3f0a0f0 .functor BUFZ 5, v0x5b10b3e3bf10_0, C4<00000>, C4<00000>, C4<00000>;
L_0x5b10b3f0a160 .functor BUFZ 5, v0x5b10b3e3bbb0_0, C4<00000>, C4<00000>, C4<00000>;
L_0x5b10b3f0a500 .functor BUFZ 5, v0x5b10b3e3bd50_0, C4<00000>, C4<00000>, C4<00000>;
L_0x5b10b3f0aa20 .functor BUFZ 32, v0x5b10b3e3c3b0_0, C4<00000000000000000000000000000000>, C4<00000000000000000000000000000000>, C4<00000000000000000000000000000000>;
L_0x5b10b3f0ad50 .functor BUFZ 32, v0x5b10b3e3c480_0, C4<00000000000000000000000000000000>, C4<00000000000000000000000000000000>, C4<00000000000000000000000000000000>;
L_0x5b10b3f0adc0 .functor BUFZ 5, v0x5b10b3e3c8b0_0, C4<00000>, C4<00000>, C4<00000>;
L_0x5b10b3f0b100 .functor BUFZ 5, v0x5b10b3e3c550_0, C4<00000>, C4<00000>, C4<00000>;
L_0x5b10b3f0b170 .functor BUFZ 5, v0x5b10b3e3c6f0_0, C4<00000>, C4<00000>, C4<00000>;
L_0x5b10b3f0c310 .functor NOT 1, L_0x5b10b3f0c880, C4<0>, C4<0>, C4<0>;
L_0x5b10b3f0c5f0 .functor AND 1, v0x5b10b3e3bfd0_0, L_0x5b10b3f0c310, C4<1>, C4<1>;
L_0x5b10b3f0c660 .functor BUFZ 32, v0x5b10b3e3ba70_0, C4<00000000000000000000000000000000>, C4<00000000000000000000000000000000>, C4<00000000000000000000000000000000>;
L_0x5b10b3f0c6d0 .functor BUFZ 32, v0x5b10b3e3bb10_0, C4<00000000000000000000000000000000>, C4<00000000000000000000000000000000>, C4<00000000000000000000000000000000>;
L_0x5b10b3f0c740 .functor BUFZ 5, v0x5b10b3e3bf10_0, C4<00000>, C4<00000>, C4<00000>;
L_0x5b10b3f0ce30 .functor BUFZ 5, v0x5b10b3e3bbb0_0, C4<00000>, C4<00000>, C4<00000>;
L_0x5b10b3f0d1c0 .functor BUFZ 5, v0x5b10b3e3bd50_0, C4<00000>, C4<00000>, C4<00000>;
L_0x5b10b3f0d2c0 .functor BUFZ 32, v0x5b10b3e34170_0, C4<00000000000000000000000000000000>, C4<00000000000000000000000000000000>, C4<00000000000000000000000000000000>;
L_0x5b10b3f0d770 .functor BUFZ 32, v0x5b10b3e34390_0, C4<00000000000000000000000000000000>, C4<00000000000000000000000000000000>, C4<00000000000000000000000000000000>;
L_0x5b10b3f0d8f0 .functor AND 1, v0x5b10b3e3bfd0_0, L_0x5b10b3ef9170, C4<1>, C4<1>;
v0x5b10b3e2ae90_0 .net *"_ivl_101", 0 0, L_0x5b10b3efe490;  1 drivers
L_0x7c1d1eaada60 .functor BUFT 1, C4<011100>, C4<0>, C4<0>, C4<0>;
v0x5b10b3e2af90_0 .net/2u *"_ivl_102", 5 0, L_0x7c1d1eaada60;  1 drivers
L_0x7c1d1eaadaa8 .functor BUFT 1, C4<000000>, C4<0>, C4<0>, C4<0>;
v0x5b10b3e2b070_0 .net/2u *"_ivl_104", 5 0, L_0x7c1d1eaadaa8;  1 drivers
v0x5b10b3e2b160_0 .net *"_ivl_106", 5 0, L_0x5b10b3efe180;  1 drivers
v0x5b10b3e2b240_0 .net *"_ivl_113", 0 0, L_0x5b10b3f02500;  1 drivers
v0x5b10b3e2b320_0 .net *"_ivl_115", 0 0, L_0x5b10b3f025a0;  1 drivers
v0x5b10b3e2b400_0 .net *"_ivl_135", 0 0, L_0x5b10b3f02a40;  1 drivers
v0x5b10b3e2b4c0_0 .net *"_ivl_139", 0 0, L_0x5b10b3f02fd0;  1 drivers
v0x5b10b3e2b580_0 .net *"_ivl_144", 0 0, L_0x5b10b3f035b0;  1 drivers
v0x5b10b3e2b660_0 .net *"_ivl_146", 0 0, L_0x5b10b3f03620;  1 drivers
v0x5b10b3e2b740_0 .net *"_ivl_150", 0 0, L_0x5b10b3f037a0;  1 drivers
v0x5b10b3e2b820_0 .net *"_ivl_152", 0 0, L_0x5b10b3f03950;  1 drivers
v0x5b10b3e2b900_0 .net *"_ivl_156", 0 0, L_0x5b10b3f038a0;  1 drivers
v0x5b10b3e2b9e0_0 .net *"_ivl_158", 0 0, L_0x5b10b3f03c10;  1 drivers
v0x5b10b3e2bac0_0 .net *"_ivl_162", 0 0, L_0x5b10b3f03de0;  1 drivers
v0x5b10b3e2bba0_0 .net *"_ivl_164", 0 0, L_0x5b10b3f03c80;  1 drivers
v0x5b10b3e2bc80_0 .net *"_ivl_168", 0 0, L_0x5b10b3f03e50;  1 drivers
v0x5b10b3e2bd60_0 .net *"_ivl_170", 0 0, L_0x5b10b3f03ec0;  1 drivers
v0x5b10b3e2be40_0 .net *"_ivl_174", 0 0, L_0x5b10b3f04230;  1 drivers
v0x5b10b3e2bf20_0 .net *"_ivl_178", 0 0, L_0x5b10b3f04030;  1 drivers
v0x5b10b3e2c000_0 .net *"_ivl_184", 0 0, L_0x5b10b3f04870;  1 drivers
v0x5b10b3e2c0e0_0 .net *"_ivl_186", 0 0, L_0x5b10b3f048e0;  1 drivers
v0x5b10b3e2c1c0_0 .net *"_ivl_191", 0 0, L_0x5b10b3f04a80;  1 drivers
v0x5b10b3e2c280_0 .net *"_ivl_192", 0 0, L_0x5b10b3f04950;  1 drivers
v0x5b10b3e2c360_0 .net *"_ivl_194", 0 0, L_0x5b10b3f04cd0;  1 drivers
v0x5b10b3e2c440_0 .net *"_ivl_197", 0 0, L_0x5b10b3f04b90;  1 drivers
v0x5b10b3e2c500_0 .net *"_ivl_198", 0 0, L_0x5b10b3f04c50;  1 drivers
v0x5b10b3e2c5e0_0 .net *"_ivl_200", 0 0, L_0x5b10b3f04f40;  1 drivers
v0x5b10b3e2c6c0_0 .net *"_ivl_203", 0 0, L_0x5b10b3f05000;  1 drivers
v0x5b10b3e2c780_0 .net *"_ivl_205", 0 0, L_0x5b10b3f04de0;  1 drivers
v0x5b10b3e2c840_0 .net *"_ivl_206", 0 0, L_0x5b10b3f05230;  1 drivers
v0x5b10b3e2c920_0 .net *"_ivl_209", 0 0, L_0x5b10b3f05540;  1 drivers
v0x5b10b3e2c9e0_0 .net *"_ivl_211", 0 0, L_0x5b10b3f055b0;  1 drivers
v0x5b10b3e2caa0_0 .net *"_ivl_212", 0 0, L_0x5b10b3f053c0;  1 drivers
v0x5b10b3e2cb80_0 .net *"_ivl_215", 0 0, L_0x5b10b3f054c0;  1 drivers
v0x5b10b3e2cc40_0 .net *"_ivl_217", 0 0, L_0x5b10b3f057c0;  1 drivers
v0x5b10b3e2cd00_0 .net *"_ivl_219", 0 0, L_0x5b10b3f058d0;  1 drivers
v0x5b10b3e2cdc0_0 .net *"_ivl_220", 0 0, L_0x5b10b3f05620;  1 drivers
v0x5b10b3e2cea0_0 .net *"_ivl_224", 0 0, L_0x5b10b3f059e0;  1 drivers
v0x5b10b3e2cf80_0 .net *"_ivl_227", 0 0, L_0x5b10b3f05da0;  1 drivers
v0x5b10b3e2d060_0 .net *"_ivl_228", 0 0, L_0x5b10b3f05b20;  1 drivers
v0x5b10b3e2d140_0 .net *"_ivl_234", 0 0, L_0x5b10b3f05c50;  1 drivers
v0x5b10b3e2d220_0 .net *"_ivl_244", 0 0, L_0x5b10b3f06890;  1 drivers
v0x5b10b3e2d300_0 .net *"_ivl_246", 0 0, L_0x5b10b3f06b00;  1 drivers
v0x5b10b3e2d3e0_0 .net *"_ivl_250", 0 0, L_0x5b10b3f06e40;  1 drivers
v0x5b10b3e2d4c0_0 .net *"_ivl_252", 0 0, L_0x5b10b3f06eb0;  1 drivers
v0x5b10b3e2d5a0_0 .net *"_ivl_254", 0 0, L_0x5b10b3f07190;  1 drivers
v0x5b10b3e2d680_0 .net *"_ivl_256", 0 0, L_0x5b10b3f072a0;  1 drivers
v0x5b10b3e2d760_0 .net *"_ivl_260", 0 0, L_0x5b10b3f07650;  1 drivers
v0x5b10b3e2d840_0 .net *"_ivl_262", 0 0, L_0x5b10b3f07950;  1 drivers
v0x5b10b3e2d920_0 .net *"_ivl_264", 0 0, L_0x5b10b3f07a10;  1 drivers
v0x5b10b3e2da00_0 .net *"_ivl_268", 0 0, L_0x5b10b3f07de0;  1 drivers
v0x5b10b3e2dae0_0 .net *"_ivl_270", 0 0, L_0x5b10b3f08100;  1 drivers
v0x5b10b3e2dbc0_0 .net *"_ivl_272", 0 0, L_0x5b10b3f08210;  1 drivers
v0x5b10b3e2dca0_0 .net *"_ivl_343", 0 0, L_0x5b10b3f0c880;  1 drivers
v0x5b10b3e2dd80_0 .net *"_ivl_344", 0 0, L_0x5b10b3f0c310;  1 drivers
v0x5b10b3e2de60_0 .net *"_ivl_57", 0 0, L_0x5b10b3ef98b0;  1 drivers
L_0x7c1d1eaad868 .functor BUFT 1, C4<010001>, C4<0>, C4<0>, C4<0>;
v0x5b10b3e2df40_0 .net/2u *"_ivl_58", 5 0, L_0x7c1d1eaad868;  1 drivers
v0x5b10b3e2e020_0 .net *"_ivl_61", 0 0, L_0x5b10b3ef9950;  1 drivers
L_0x7c1d1eaad8b0 .functor BUFT 1, C4<011100>, C4<0>, C4<0>, C4<0>;
v0x5b10b3e2e100_0 .net/2u *"_ivl_62", 5 0, L_0x7c1d1eaad8b0;  1 drivers
L_0x7c1d1eaad8f8 .functor BUFT 1, C4<000000>, C4<0>, C4<0>, C4<0>;
v0x5b10b3e2e1e0_0 .net/2u *"_ivl_64", 5 0, L_0x7c1d1eaad8f8;  1 drivers
v0x5b10b3e2e2c0_0 .net *"_ivl_66", 5 0, L_0x5b10b3ef9ae0;  1 drivers
v0x5b10b3e2e3a0_0 .net *"_ivl_73", 0 0, L_0x5b10b3efda20;  1 drivers
v0x5b10b3e2e480_0 .net *"_ivl_75", 0 0, L_0x5b10b3efdac0;  1 drivers
v0x5b10b3e2e560_0 .net *"_ivl_97", 0 0, L_0x5b10b3efe3f0;  1 drivers
L_0x7c1d1eaada18 .functor BUFT 1, C4<010001>, C4<0>, C4<0>, C4<0>;
v0x5b10b3e2ea50_0 .net/2u *"_ivl_98", 5 0, L_0x7c1d1eaada18;  1 drivers
v0x5b10b3e2eb30_0 .net "branch_csr_pc_i", 31 0, L_0x5b10b3ef4610;  alias, 1 drivers
v0x5b10b3e2ebf0_0 .net "branch_csr_priv_i", 1 0, L_0x5b10b3ef48a0;  alias, 1 drivers
v0x5b10b3e2ecc0_0 .net "branch_csr_request_i", 0 0, L_0x5b10b3ef3fd0;  alias, 1 drivers
v0x5b10b3e2ed90_0 .net "branch_d_exec0_pc_i", 31 0, L_0x5b10b3f0e6e0;  alias, 1 drivers
v0x5b10b3e2ee60_0 .net "branch_d_exec0_priv_i", 1 0, L_0x7c1d1eaadd78;  alias, 1 drivers
v0x5b10b3e2ef00_0 .net "branch_d_exec0_request_i", 0 0, L_0x5b10b3f0e670;  alias, 1 drivers
v0x5b10b3e2efd0_0 .net "branch_d_exec1_pc_i", 31 0, L_0x5b10b3f0f320;  alias, 1 drivers
v0x5b10b3e2f0a0_0 .net "branch_d_exec1_priv_i", 1 0, L_0x7c1d1eaaddc0;  alias, 1 drivers
v0x5b10b3e2f170_0 .net "branch_d_exec1_request_i", 0 0, L_0x5b10b3f0f2b0;  alias, 1 drivers
v0x5b10b3e2f210_0 .net "branch_exec0_is_call_i", 0 0, v0x5b10b3ccfd40_0;  alias, 1 drivers
v0x5b10b3e2f2e0_0 .net "branch_exec0_is_jmp_i", 0 0, v0x5b10b3d6c9b0_0;  alias, 1 drivers
v0x5b10b3e2f3b0_0 .net "branch_exec0_is_not_taken_i", 0 0, L_0x5b10b3f0df70;  alias, 1 drivers
v0x5b10b3e2f480_0 .net "branch_exec0_is_ret_i", 0 0, v0x5b10b3c53fb0_0;  alias, 1 drivers
v0x5b10b3e2f550_0 .net "branch_exec0_is_taken_i", 0 0, L_0x5b10b3f0df00;  alias, 1 drivers
v0x5b10b3e2f620_0 .net "branch_exec0_pc_i", 31 0, v0x5b10b3c8e570_0;  alias, 1 drivers
v0x5b10b3e2f6f0_0 .net "branch_exec0_request_i", 0 0, L_0x5b10b3f0de90;  alias, 1 drivers
v0x5b10b3e2f7c0_0 .net "branch_exec0_source_i", 31 0, v0x5b10b3c8e4d0_0;  alias, 1 drivers
v0x5b10b3e2f890_0 .net "branch_exec1_is_call_i", 0 0, v0x5b10b3d33040_0;  alias, 1 drivers
v0x5b10b3e2f960_0 .net "branch_exec1_is_jmp_i", 0 0, v0x5b10b3d2c880_0;  alias, 1 drivers
v0x5b10b3e2fa00_0 .net "branch_exec1_is_not_taken_i", 0 0, L_0x5b10b3f0ebb0;  alias, 1 drivers
v0x5b10b3e2fad0_0 .net "branch_exec1_is_ret_i", 0 0, v0x5b10b3d03e00_0;  alias, 1 drivers
v0x5b10b3e2fb70_0 .net "branch_exec1_is_taken_i", 0 0, L_0x5b10b3f0eab0;  alias, 1 drivers
v0x5b10b3e2fc40_0 .net "branch_exec1_pc_i", 31 0, v0x5b10b3d0ff60_0;  alias, 1 drivers
v0x5b10b3e2fce0_0 .net "branch_exec1_request_i", 0 0, L_0x5b10b3f0ea40;  alias, 1 drivers
v0x5b10b3e2fdb0_0 .net "branch_exec1_source_i", 31 0, v0x5b10b3d10400_0;  alias, 1 drivers
v0x5b10b3e2fe50_0 .net "branch_info_is_call_o", 0 0, L_0x5b10b3f03b50;  alias, 1 drivers
v0x5b10b3e2fef0_0 .net "branch_info_is_jmp_o", 0 0, L_0x5b10b3f04130;  alias, 1 drivers
v0x5b10b3e2ffe0_0 .net "branch_info_is_not_taken_o", 0 0, L_0x5b10b3f03a50;  alias, 1 drivers
v0x5b10b3e300d0_0 .net "branch_info_is_ret_o", 0 0, L_0x5b10b3f03f30;  alias, 1 drivers
v0x5b10b3e301c0_0 .net "branch_info_is_taken_o", 0 0, L_0x5b10b3f03730;  alias, 1 drivers
v0x5b10b3e302b0_0 .net "branch_info_pc_o", 31 0, L_0x5b10b3f043b0;  alias, 1 drivers
v0x5b10b3e303a0_0 .net "branch_info_request_o", 0 0, L_0x5b10b3f03420;  alias, 1 drivers
v0x5b10b3e30490_0 .net "branch_info_source_o", 31 0, L_0x5b10b3f03690;  alias, 1 drivers
v0x5b10b3e30580_0 .net "branch_pc_o", 31 0, L_0x5b10b3ef8470;  alias, 1 drivers
v0x5b10b3e30620_0 .net "branch_priv_o", 1 0, L_0x5b10b3ef88f0;  alias, 1 drivers
v0x5b10b3e306c0_0 .net "branch_request_o", 0 0, L_0x5b10b3ef8880;  alias, 1 drivers
v0x5b10b3e30760_0 .net "clk_i", 0 0, v0x5b10b3e64cc0_0;  alias, 1 drivers
v0x5b10b3e30800_0 .net "csr_opcode_invalid_o", 0 0, L_0x5b10b3f0d8f0;  alias, 1 drivers
v0x5b10b3e308a0_0 .net "csr_opcode_opcode_o", 31 0, L_0x5b10b3f0c660;  alias, 1 drivers
v0x5b10b3e30940_0 .net "csr_opcode_pc_o", 31 0, L_0x5b10b3f0c6d0;  alias, 1 drivers
v0x5b10b3e309e0_0 .net "csr_opcode_ra_idx_o", 4 0, L_0x5b10b3f0ce30;  alias, 1 drivers
v0x5b10b3e30a80_0 .net "csr_opcode_ra_operand_o", 31 0, L_0x5b10b3f0d2c0;  alias, 1 drivers
v0x5b10b3e30b20_0 .net "csr_opcode_rb_idx_o", 4 0, L_0x5b10b3f0d1c0;  alias, 1 drivers
v0x5b10b3e30bc0_0 .net "csr_opcode_rb_operand_o", 31 0, L_0x5b10b3f0d770;  alias, 1 drivers
v0x5b10b3e30c60_0 .net "csr_opcode_rd_idx_o", 4 0, L_0x5b10b3f0c740;  alias, 1 drivers
v0x5b10b3e30d00_0 .net "csr_opcode_valid_o", 0 0, L_0x5b10b3f0c5f0;  alias, 1 drivers
v0x5b10b3e30da0_0 .var "csr_pending_q", 0 0;
v0x5b10b3e30e40_0 .net "csr_result_e1_exception_i", 5 0, L_0x5b10b3ef43b0;  alias, 1 drivers
v0x5b10b3e30ee0_0 .net "csr_result_e1_value_i", 31 0, L_0x5b10b3ef4220;  alias, 1 drivers
v0x5b10b3e30f80_0 .net "csr_result_e1_wdata_i", 31 0, L_0x5b10b3ef3170;  alias, 1 drivers
v0x5b10b3e31020_0 .net "csr_result_e1_write_i", 0 0, L_0x5b10b3ef3100;  alias, 1 drivers
v0x5b10b3e310c0_0 .net "csr_writeback_exception_addr_o", 31 0, L_0x5b10b3f03070;  alias, 1 drivers
v0x5b10b3e311b0_0 .net "csr_writeback_exception_o", 5 0, L_0x5b10b3efe380;  alias, 1 drivers
v0x5b10b3e312a0_0 .net "csr_writeback_exception_pc_o", 31 0, L_0x5b10b3f02d50;  alias, 1 drivers
v0x5b10b3e31390_0 .net "csr_writeback_waddr_o", 11 0, L_0x5b10b3efd740;  alias, 1 drivers
v0x5b10b3e314a0_0 .net "csr_writeback_wdata_o", 31 0, L_0x5b10b3efd7e0;  alias, 1 drivers
v0x5b10b3e31560_0 .net "csr_writeback_write_o", 0 0, v0x5b10b3e18720_0;  alias, 1 drivers
v0x5b10b3e31650_0 .net "div_opcode_valid_o", 0 0, L_0x5b10b3f06430;  alias, 1 drivers
v0x5b10b3e316f0_0 .var "div_pending_q", 0 0;
v0x5b10b3e31790_0 .net "dual_issue_ok_w", 0 0, L_0x5b10b3f05720;  1 drivers
v0x5b10b3e31850_0 .net "dual_issue_w", 0 0, L_0x5b10b3f06b70;  1 drivers
v0x5b10b3e31910_0 .net "e1_stall_w", 0 0, L_0x5b10b3f08600;  1 drivers
v0x5b10b3e31a00_0 .net "enable_dual_issue_w", 0 0, L_0x7c1d1eaad790;  1 drivers
L_0x7c1d1eaad820 .functor BUFT 1, C4<1>, C4<0>, C4<0>, C4<0>;
v0x5b10b3e322d0_0 .net "enable_mul_bypass_w", 0 0, L_0x7c1d1eaad820;  1 drivers
v0x5b10b3e32390_0 .net "enable_muldiv_w", 0 0, L_0x7c1d1eaad7d8;  1 drivers
v0x5b10b3e32450_0 .net "exec0_hold_o", 0 0, L_0x5b10b3efe000;  alias, 1 drivers
v0x5b10b3e324f0_0 .net "exec0_opcode_valid_o", 0 0, L_0x5b10b3f05be0;  alias, 1 drivers
v0x5b10b3e32590_0 .net "exec1_hold_o", 0 0, L_0x5b10b3f026e0;  alias, 1 drivers
v0x5b10b3e32630_0 .net "exec1_opcode_valid_o", 0 0, L_0x5b10b3f06790;  alias, 1 drivers
v0x5b10b3e326d0_0 .net "fetch0_accept_o", 0 0, L_0x5b10b3f07cd0;  alias, 1 drivers
v0x5b10b3e32770_0 .net "fetch0_fault_fetch_i", 0 0, L_0x5b10b3e79690;  alias, 1 drivers
v0x5b10b3e32860_0 .net "fetch0_fault_page_i", 0 0, L_0x5b10b3e795f0;  alias, 1 drivers
v0x5b10b3e32950_0 .net "fetch0_instr_branch_i", 0 0, L_0x5b10b3ea6c60;  alias, 1 drivers
v0x5b10b3e329f0_0 .net "fetch0_instr_csr_i", 0 0, L_0x5b10b3eab770;  alias, 1 drivers
v0x5b10b3e32a90_0 .net "fetch0_instr_div_i", 0 0, L_0x5b10b3ea8f80;  alias, 1 drivers
v0x5b10b3e32b30_0 .net "fetch0_instr_exec_i", 0 0, L_0x5b10b3e8e5e0;  alias, 1 drivers
v0x5b10b3e32bd0_0 .net "fetch0_instr_i", 31 0, L_0x5b10b3e78200;  alias, 1 drivers
v0x5b10b3e32c70_0 .net "fetch0_instr_invalid_i", 0 0, L_0x5b10b3e90580;  alias, 1 drivers
v0x5b10b3e32d10_0 .net "fetch0_instr_lsu_i", 0 0, L_0x5b10b3ea66a0;  alias, 1 drivers
v0x5b10b3e32db0_0 .net "fetch0_instr_mul_i", 0 0, L_0x5b10b3ea7e00;  alias, 1 drivers
v0x5b10b3e32e50_0 .net "fetch0_instr_rd_valid_i", 0 0, L_0x5b10b3e9c0c0;  alias, 1 drivers
v0x5b10b3e32ef0_0 .net "fetch0_pc_i", 31 0, L_0x5b10b3e77bf0;  alias, 1 drivers
v0x5b10b3e32f90_0 .net "fetch0_valid_i", 0 0, L_0x5b10b3e76de0;  alias, 1 drivers
v0x5b10b3e33030_0 .net "fetch1_accept_o", 0 0, L_0x5b10b3f084f0;  alias, 1 drivers
v0x5b10b3e330d0_0 .net "fetch1_fault_fetch_i", 0 0, L_0x5b10b3e79930;  alias, 1 drivers
v0x5b10b3e33170_0 .net "fetch1_fault_page_i", 0 0, L_0x5b10b3e797c0;  alias, 1 drivers
v0x5b10b3e33210_0 .net "fetch1_instr_branch_i", 0 0, L_0x5b10b3ed92a0;  alias, 1 drivers
v0x5b10b3e332b0_0 .net "fetch1_instr_csr_i", 0 0, L_0x5b10b3eddd60;  alias, 1 drivers
v0x5b10b3e33350_0 .net "fetch1_instr_div_i", 0 0, L_0x5b10b3edb570;  alias, 1 drivers
v0x5b10b3e333f0_0 .net "fetch1_instr_exec_i", 0 0, L_0x5b10b3ec06c0;  alias, 1 drivers
v0x5b10b3e33490_0 .net "fetch1_instr_i", 31 0, L_0x5b10b3e78930;  alias, 1 drivers
v0x5b10b3e335c0_0 .net "fetch1_instr_invalid_i", 0 0, L_0x5b10b3ec25a0;  alias, 1 drivers
v0x5b10b3e33660_0 .net "fetch1_instr_lsu_i", 0 0, L_0x5b10b3ed8c40;  alias, 1 drivers
v0x5b10b3e33700_0 .net "fetch1_instr_mul_i", 0 0, L_0x5b10b3eda440;  alias, 1 drivers
v0x5b10b3e337a0_0 .net "fetch1_instr_rd_valid_i", 0 0, L_0x5b10b3ecf170;  alias, 1 drivers
v0x5b10b3e33840_0 .net "fetch1_pc_i", 31 0, L_0x5b10b3e780c0;  alias, 1 drivers
v0x5b10b3e338e0_0 .net "fetch1_valid_i", 0 0, L_0x5b10b3e773e0;  alias, 1 drivers
v0x5b10b3e33a10_0 .net "interrupt_inhibit_o", 0 0, L_0x5b10b3f06530;  alias, 1 drivers
v0x5b10b3e33ab0_0 .net "issue_a_branch_w", 0 0, L_0x5b10b3ef8df0;  1 drivers
v0x5b10b3e33b50_0 .net "issue_a_csr_w", 0 0, L_0x5b10b3ef9060;  1 drivers
v0x5b10b3e33c10_0 .net "issue_a_div_w", 0 0, L_0x5b10b3ef8fc0;  1 drivers
v0x5b10b3e33cd0_0 .net "issue_a_exec_w", 0 0, L_0x5b10b3ef8c10;  1 drivers
v0x5b10b3e33d90_0 .net "issue_a_fault_w", 5 0, L_0x5b10b3ef9c70;  1 drivers
v0x5b10b3e33e70_0 .net "issue_a_invalid_w", 0 0, L_0x5b10b3ef9170;  1 drivers
v0x5b10b3e33f30_0 .net "issue_a_lsu_w", 0 0, L_0x5b10b3ef8d00;  1 drivers
v0x5b10b3e33ff0_0 .net "issue_a_mul_w", 0 0, L_0x5b10b3ef8f20;  1 drivers
v0x5b10b3e340b0_0 .net "issue_a_ra_idx_w", 4 0, L_0x5b10b3ef8990;  1 drivers
v0x5b10b3e34170_0 .var "issue_a_ra_value_r", 31 0;
v0x5b10b3e34230_0 .net "issue_a_ra_value_w", 31 0, L_0x5b10b3f09ae0;  1 drivers
v0x5b10b3e342f0_0 .net "issue_a_rb_idx_w", 4 0, L_0x5b10b3ef8a30;  1 drivers
v0x5b10b3e34390_0 .var "issue_a_rb_value_r", 31 0;
v0x5b10b3e34450_0 .net "issue_a_rb_value_w", 31 0, L_0x5b10b3f099e0;  1 drivers
v0x5b10b3e34510_0 .net "issue_a_rd_idx_w", 4 0, L_0x5b10b3ef8ad0;  1 drivers
v0x5b10b3e345d0_0 .net "issue_a_sb_alloc_w", 0 0, L_0x5b10b3ef8b70;  1 drivers
v0x5b10b3e34690_0 .net "issue_b_branch_w", 0 0, L_0x5b10b3ef9630;  1 drivers
v0x5b10b3e34750_0 .net "issue_b_csr_w", 0 0, L_0x5b10b3ef9780;  1 drivers
v0x5b10b3e34810_0 .net "issue_b_div_w", 0 0, L_0x5b10b3ef9710;  1 drivers
v0x5b10b3e348d0_0 .net "issue_b_exec_w", 0 0, L_0x5b10b3ef9550;  1 drivers
v0x5b10b3e34990_0 .net "issue_b_fault_w", 5 0, L_0x5b10b3efe6d0;  1 drivers
v0x5b10b3e34a70_0 .net "issue_b_invalid_w", 0 0, L_0x5b10b3ef9840;  1 drivers
v0x5b10b3e34b30_0 .net "issue_b_lsu_w", 0 0, L_0x5b10b3ef95c0;  1 drivers
v0x5b10b3e34bf0_0 .net "issue_b_mul_w", 0 0, L_0x5b10b3ef96a0;  1 drivers
v0x5b10b3e34cb0_0 .net "issue_b_ra_idx_w", 4 0, L_0x5b10b3ef9210;  1 drivers
v0x5b10b3e34d70_0 .var "issue_b_ra_value_r", 31 0;
v0x5b10b3e34e30_0 .net "issue_b_ra_value_w", 31 0, L_0x5b10b3f09a50;  1 drivers
v0x5b10b3e34f20_0 .net "issue_b_rb_idx_w", 4 0, L_0x5b10b3ef9330;  1 drivers
v0x5b10b3e34ff0_0 .var "issue_b_rb_value_r", 31 0;
v0x5b10b3e350b0_0 .net "issue_b_rb_value_w", 31 0, L_0x5b10b3f09c70;  1 drivers
v0x5b10b3e351a0_0 .net "issue_b_rd_idx_w", 4 0, L_0x5b10b3ef9420;  1 drivers
v0x5b10b3e35260_0 .net "issue_b_sb_alloc_w", 0 0, L_0x5b10b3ef9100;  1 drivers
v0x5b10b3e35320_0 .net "lsu_opcode_invalid_o", 0 0, L_0x7c1d1eaadce8;  alias, 1 drivers
v0x5b10b3e353e0_0 .net "lsu_opcode_opcode_o", 31 0, L_0x5b10b3f091b0;  alias, 1 drivers
v0x5b10b3e354c0_0 .net "lsu_opcode_pc_o", 31 0, L_0x5b10b3f05e40;  alias, 1 drivers
v0x5b10b3e355a0_0 .net "lsu_opcode_ra_idx_o", 4 0, L_0x5b10b3f0bbe0;  alias, 1 drivers
v0x5b10b3e35680_0 .net "lsu_opcode_ra_operand_o", 31 0, L_0x5b10b3f0ba50;  alias, 1 drivers
v0x5b10b3e35760_0 .net "lsu_opcode_rb_idx_o", 4 0, L_0x5b10b3f0bc80;  alias, 1 drivers
v0x5b10b3e35840_0 .net "lsu_opcode_rb_operand_o", 31 0, L_0x5b10b3f0bed0;  alias, 1 drivers
v0x5b10b3e35920_0 .net "lsu_opcode_rd_idx_o", 4 0, L_0x5b10b3f05ee0;  alias, 1 drivers
v0x5b10b3e35a00_0 .net "lsu_opcode_valid_o", 0 0, L_0x5b10b3f044a0;  alias, 1 drivers
v0x5b10b3e35ac0_0 .net "lsu_stall_i", 0 0, L_0x5b10b3eebf50;  alias, 1 drivers
v0x5b10b3e35b80_0 .var "mispredicted_r", 0 0;
v0x5b10b3e35c40_0 .net "mul_hold_o", 0 0, L_0x5b10b3efe070;  alias, 1 drivers
v0x5b10b3e35d00_0 .net "mul_opcode_invalid_o", 0 0, L_0x7c1d1eaadd30;  alias, 1 drivers
v0x5b10b3e35dc0_0 .net "mul_opcode_opcode_o", 31 0, L_0x5b10b3f0bd20;  alias, 1 drivers
v0x5b10b3e35ea0_0 .net "mul_opcode_pc_o", 31 0, L_0x5b10b3f0c130;  alias, 1 drivers
v0x5b10b3e35f80_0 .net "mul_opcode_ra_idx_o", 4 0, L_0x5b10b3f0c550;  alias, 1 drivers
v0x5b10b3e36060_0 .net "mul_opcode_ra_operand_o", 31 0, L_0x5b10b3f0c270;  alias, 1 drivers
v0x5b10b3e36140_0 .net "mul_opcode_rb_idx_o", 4 0, L_0x5b10b3f0c1d0;  alias, 1 drivers
v0x5b10b3e36220_0 .net "mul_opcode_rb_operand_o", 31 0, L_0x5b10b3f0c7e0;  alias, 1 drivers
v0x5b10b3e36300_0 .net "mul_opcode_rd_idx_o", 4 0, L_0x5b10b3f0c090;  alias, 1 drivers
v0x5b10b3e363e0_0 .net "mul_opcode_valid_o", 0 0, L_0x5b10b3f06190;  alias, 1 drivers
v0x5b10b3e364a0_0 .net "opcode0_invalid_o", 0 0, L_0x7c1d1eaadc58;  alias, 1 drivers
v0x5b10b3e36540_0 .net "opcode0_opcode_o", 31 0, L_0x5b10b3f09d30;  alias, 1 drivers
v0x5b10b3e36600_0 .net "opcode0_pc_o", 31 0, L_0x5b10b3f09df0;  alias, 1 drivers
v0x5b10b3e36710_0 .net "opcode0_ra_idx_o", 4 0, L_0x5b10b3f0a160;  alias, 1 drivers
v0x5b10b3e36820_0 .net "opcode0_ra_operand_o", 31 0, v0x5b10b3e34170_0;  alias, 1 drivers
v0x5b10b3e368e0_0 .net "opcode0_rb_idx_o", 4 0, L_0x5b10b3f0a500;  alias, 1 drivers
v0x5b10b3e369f0_0 .net "opcode0_rb_operand_o", 31 0, v0x5b10b3e34390_0;  alias, 1 drivers
v0x5b10b3e36ab0_0 .net "opcode0_rd_idx_o", 4 0, L_0x5b10b3f0a0f0;  alias, 1 drivers
v0x5b10b3e36bc0_0 .net "opcode1_invalid_o", 0 0, L_0x7c1d1eaadca0;  alias, 1 drivers
v0x5b10b3e36c60_0 .net "opcode1_opcode_o", 31 0, L_0x5b10b3f0aa20;  alias, 1 drivers
v0x5b10b3e36d00_0 .net "opcode1_pc_o", 31 0, L_0x5b10b3f0ad50;  alias, 1 drivers
v0x5b10b3e36da0_0 .net "opcode1_ra_idx_o", 4 0, L_0x5b10b3f0b100;  alias, 1 drivers
v0x5b10b3e36e40_0 .net "opcode1_ra_operand_o", 31 0, v0x5b10b3e34d70_0;  alias, 1 drivers
v0x5b10b3e36f50_0 .net "opcode1_rb_idx_o", 4 0, L_0x5b10b3f0b170;  alias, 1 drivers
v0x5b10b3e37010_0 .net "opcode1_rb_operand_o", 31 0, v0x5b10b3e34ff0_0;  alias, 1 drivers
v0x5b10b3e37100_0 .net "opcode1_rd_idx_o", 4 0, L_0x5b10b3f0adc0;  alias, 1 drivers
v0x5b10b3e371c0_0 .var "opcode_a_accept_r", 0 0;
v0x5b10b3e37260_0 .var "opcode_a_fault_r", 1 0;
v0x5b10b3e37340_0 .var "opcode_a_issue_r", 0 0;
v0x5b10b3e37400_0 .var "opcode_a_pc_r", 31 0;
v0x5b10b3e374e0_0 .var "opcode_a_r", 31 0;
v0x5b10b3e375c0_0 .var "opcode_a_valid_r", 0 0;
v0x5b10b3e37680_0 .var "opcode_b_accept_r", 0 0;
v0x5b10b3e37740_0 .var "opcode_b_fault_r", 1 0;
v0x5b10b3e37820_0 .var "opcode_b_issue_r", 0 0;
v0x5b10b3e378e0_0 .var "opcode_b_pc_r", 31 0;
v0x5b10b3e379c0_0 .var "opcode_b_r", 31 0;
v0x5b10b3e37aa0_0 .var "opcode_b_valid_r", 0 0;
v0x5b10b3e37b60_0 .var "pc_x_q", 31 0;
v0x5b10b3e37c40_0 .net "pipe0_branch_e1_w", 0 0, L_0x5b10b3efa540;  1 drivers
v0x5b10b3e37ce0_0 .net "pipe0_csr_wb_w", 0 0, L_0x5b10b3efc7a0;  1 drivers
v0x5b10b3e37d80_0 .net "pipe0_exception_wb_w", 5 0, v0x5b10b3e18ea0_0;  1 drivers
v0x5b10b3e37e20_0 .net "pipe0_load_e1_w", 0 0, L_0x5b10b3efa0e0;  1 drivers
v0x5b10b3e37ef0_0 .net "pipe0_load_e2_w", 0 0, L_0x5b10b3efb170;  1 drivers
v0x5b10b3e37fc0_0 .net "pipe0_mul_e1_w", 0 0, L_0x5b10b3efa450;  1 drivers
v0x5b10b3e38090_0 .net "pipe0_mul_e2_w", 0 0, L_0x5b10b3efb260;  1 drivers
v0x5b10b3e38160_0 .net "pipe0_opc_wb_w", 31 0, L_0x5b10b3efd390;  1 drivers
v0x5b10b3e38230_0 .net "pipe0_opcode_e1_w", 31 0, L_0x5b10b3efaab0;  1 drivers
v0x5b10b3e38300_0 .net "pipe0_operand_ra_e1_w", 31 0, L_0x5b10b3efabc0;  1 drivers
v0x5b10b3e383d0_0 .net "pipe0_operand_rb_e1_w", 31 0, L_0x5b10b3efac80;  1 drivers
v0x5b10b3e31ad0_0 .net "pipe0_pc_e1_w", 31 0, L_0x5b10b3efa9f0;  1 drivers
v0x5b10b3e31ba0_0 .net "pipe0_pc_wb_w", 31 0, v0x5b10b3e1b150_0;  1 drivers
v0x5b10b3e31c70_0 .net "pipe0_ra_val_wb_w", 31 0, L_0x5b10b3efd5c0;  1 drivers
v0x5b10b3e31d40_0 .net "pipe0_rb_val_wb_w", 31 0, L_0x5b10b3efd680;  1 drivers
v0x5b10b3e31e10_0 .net "pipe0_rd_e1_w", 4 0, L_0x5b10b3efa8e0;  1 drivers
v0x5b10b3e31ee0_0 .net "pipe0_rd_e2_w", 4 0, L_0x5b10b3efb9f0;  1 drivers
v0x5b10b3e31fb0_0 .net "pipe0_rd_wb_w", 4 0, L_0x5b10b3efcc40;  1 drivers
v0x5b10b3e320a0_0 .net "pipe0_result_e2_w", 31 0, L_0x5b10b3efbb00;  1 drivers
v0x5b10b3e32140_0 .net "pipe0_result_wb_w", 31 0, v0x5b10b3e1b730_0;  1 drivers
v0x5b10b3e39480_0 .net "pipe0_squash_e1_e2_w", 0 0, L_0x5b10b3efc490;  1 drivers
v0x5b10b3e39520_0 .net "pipe0_stall_raw_w", 0 0, L_0x5b10b3efc2d0;  1 drivers
v0x5b10b3e395c0_0 .net "pipe0_store_e1_w", 0 0, L_0x5b10b3efa220;  1 drivers
v0x5b10b3e39660_0 .net "pipe0_valid_wb_w", 0 0, L_0x5b10b3efc670;  1 drivers
v0x5b10b3e39700_0 .net "pipe1_branch_e1_w", 0 0, L_0x5b10b3eff0c0;  1 drivers
v0x5b10b3e397d0_0 .net "pipe1_exception_wb_w", 5 0, v0x5b10b3e21260_0;  1 drivers
v0x5b10b3e398a0_0 .net "pipe1_load_e1_w", 0 0, L_0x5b10b3efec60;  1 drivers
v0x5b10b3e39970_0 .net "pipe1_load_e2_w", 0 0, L_0x5b10b3effd20;  1 drivers
v0x5b10b3e39a40_0 .net "pipe1_mul_e1_w", 0 0, L_0x5b10b3efefd0;  1 drivers
v0x5b10b3e39b10_0 .net "pipe1_mul_e2_w", 0 0, L_0x5b10b3effe10;  1 drivers
v0x5b10b3e39be0_0 .var "pipe1_mux_lsu_r", 0 0;
v0x5b10b3e39c80_0 .var "pipe1_mux_mul_r", 0 0;
v0x5b10b3e39d20_0 .net "pipe1_ok_w", 0 0, L_0x5b10b3f04750;  1 drivers
v0x5b10b3e39dc0_0 .net "pipe1_opc_wb_w", 31 0, L_0x5b10b3f01e70;  1 drivers
v0x5b10b3e39e90_0 .net "pipe1_opcode_e1_w", 31 0, L_0x5b10b3eff6e0;  1 drivers
v0x5b10b3e39f60_0 .net "pipe1_operand_ra_e1_w", 31 0, L_0x5b10b3eff7f0;  1 drivers
v0x5b10b3e3a030_0 .net "pipe1_operand_rb_e1_w", 31 0, L_0x5b10b3eff8b0;  1 drivers
v0x5b10b3e3a100_0 .net "pipe1_pc_e1_w", 31 0, L_0x5b10b3eff620;  1 drivers
v0x5b10b3e3a1d0_0 .net "pipe1_pc_wb_w", 31 0, v0x5b10b3e239b0_0;  1 drivers
v0x5b10b3e3a2a0_0 .net "pipe1_ra_val_wb_w", 31 0, L_0x5b10b3f020a0;  1 drivers
v0x5b10b3e3a370_0 .net "pipe1_rb_val_wb_w", 31 0, L_0x5b10b3f02160;  1 drivers
v0x5b10b3e3a440_0 .net "pipe1_rd_e1_w", 4 0, L_0x5b10b3eff510;  1 drivers
v0x5b10b3e3a510_0 .net "pipe1_rd_e2_w", 4 0, L_0x5b10b3f005a0;  1 drivers
v0x5b10b3e3a5e0_0 .net "pipe1_rd_wb_w", 4 0, L_0x5b10b3f01840;  1 drivers
v0x5b10b3e3a6d0_0 .net "pipe1_result_e2_w", 31 0, L_0x5b10b3f006b0;  1 drivers
v0x5b10b3e3a770_0 .net "pipe1_result_wb_w", 31 0, v0x5b10b3e240b0_0;  1 drivers
v0x5b10b3e3a860_0 .net "pipe1_squash_e1_e2_w", 0 0, L_0x5b10b3f01040;  1 drivers
v0x5b10b3e3a950_0 .net "pipe1_stall_raw_w", 0 0, L_0x5b10b3f00e80;  1 drivers
v0x5b10b3e3a9f0_0 .net "pipe1_store_e1_w", 0 0, L_0x5b10b3efeda0;  1 drivers
v0x5b10b3e3aa90_0 .net "pipe1_valid_wb_w", 0 0, L_0x5b10b3f01270;  1 drivers
v0x5b10b3e3ab60_0 .var "priv_x_q", 1 0;
v0x5b10b3e3ac00_0 .net "rst_i", 0 0, v0x5b10b3e65f10_0;  alias, 1 drivers
v0x5b10b3e3aca0_0 .var "scoreboard_r", 31 0;
v0x5b10b3e3ad40_0 .net "single_issue_w", 0 0, L_0x5b10b3f07540;  1 drivers
v0x5b10b3e3ade0_0 .var "slot0_valid_r", 0 0;
v0x5b10b3e3ae80_0 .var "slot1_valid_r", 0 0;
v0x5b10b3e3af20_0 .net "squash_w", 0 0, L_0x5b10b3f04650;  1 drivers
v0x5b10b3e3afc0_0 .net "take_interrupt_i", 0 0, v0x5b10b3d03570_0;  alias, 1 drivers
v0x5b10b3e3b090_0 .net "writeback_div_valid_i", 0 0, v0x5b10b3c76ef0_0;  alias, 1 drivers
v0x5b10b3e3b130_0 .net "writeback_div_value_i", 31 0, L_0x5b10b3ef8810;  alias, 1 drivers
v0x5b10b3e3b1d0_0 .net "writeback_exec0_value_i", 31 0, L_0x5b10b3f0de20;  alias, 1 drivers
v0x5b10b3e3b2c0_0 .net "writeback_exec1_value_i", 31 0, L_0x5b10b3f0e940;  alias, 1 drivers
v0x5b10b3e3b3b0_0 .net "writeback_mem_exception_i", 5 0, L_0x5b10b3ef0310;  alias, 1 drivers
v0x5b10b3e3b4a0_0 .net "writeback_mem_valid_i", 0 0, L_0x5b10b3eee2f0;  alias, 1 drivers
v0x5b10b3e3b590_0 .net "writeback_mem_value_i", 31 0, L_0x5b10b3eee6a0;  alias, 1 drivers
v0x5b10b3e3b6a0_0 .net "writeback_mul_value_i", 31 0, L_0x5b10b3ef64f0;  alias, 1 drivers
v0x5b10b3e3b7b0_0 .var "x2_pipe0_branch_taken_q", 0 0;
v0x5b10b3e3b850_0 .var "x2_pipe0_branch_target_q", 31 0;
v0x5b10b3e3b8f0_0 .var "x2_pipe0_ctrl_q", 9 0;
v0x5b10b3e3b9b0_0 .var "x2_pipe0_exception_q", 5 0;
v0x5b10b3e3ba70_0 .var "x2_pipe0_opcode_q", 31 0;
v0x5b10b3e3bb10_0 .var "x2_pipe0_pc_q", 31 0;
v0x5b10b3e3bbb0_0 .var "x2_pipe0_ra_idx_q", 4 0;
v0x5b10b3e3bc70_0 .var "x2_pipe0_ra_val_q", 31 0;
v0x5b10b3e3bd50_0 .var "x2_pipe0_rb_idx_q", 4 0;
v0x5b10b3e3be30_0 .var "x2_pipe0_rb_val_q", 31 0;
v0x5b10b3e3bf10_0 .var "x2_pipe0_rd_idx_q", 4 0;
v0x5b10b3e3bfd0_0 .var "x2_pipe0_valid_q", 0 0;
v0x5b10b3e3c0a0_0 .var "x2_pipe1_branch_taken_q", 0 0;
v0x5b10b3e3c170_0 .var "x2_pipe1_branch_target_q", 31 0;
v0x5b10b3e3c240_0 .var "x2_pipe1_ctrl_q", 9 0;
v0x5b10b3e3c2e0_0 .var "x2_pipe1_exception_q", 5 0;
v0x5b10b3e3c3b0_0 .var "x2_pipe1_opcode_q", 31 0;
v0x5b10b3e3c480_0 .var "x2_pipe1_pc_q", 31 0;
v0x5b10b3e3c550_0 .var "x2_pipe1_ra_idx_q", 4 0;
v0x5b10b3e3c610_0 .var "x2_pipe1_ra_val_q", 31 0;
v0x5b10b3e3c6f0_0 .var "x2_pipe1_rb_idx_q", 4 0;
v0x5b10b3e3c7d0_0 .var "x2_pipe1_rb_val_q", 31 0;
v0x5b10b3e3c8b0_0 .var "x2_pipe1_rd_idx_q", 4 0;
v0x5b10b3e3c9a0_0 .var "x2_pipe1_valid_q", 0 0;
E_0x5b10b363f4a0/0 .event edge, v0x5b10b3e3c610_0, v0x5b10b3e3c7d0_0, v0x5b10b3e1b330_0, v0x5b10b3e3c550_0;
E_0x5b10b363f4a0/1 .event edge, v0x5b10b3e1b650_0, v0x5b10b3e3c6f0_0, v0x5b10b3e23c50_0, v0x5b10b3e23fd0_0;
E_0x5b10b363f4a0/2 .event edge, v0x5b10b3e1b290_0, v0x5b10b3e1b3d0_0, v0x5b10b3e23b70_0, v0x5b10b3e23d30_0;
E_0x5b10b363f4a0/3 .event edge, v0x5b10b3e1b1f0_0, v0x5b10b3c3e5a0_0, v0x5b10b3e23a90_0, v0x5b10b3d0f7a0_0;
E_0x5b10b363f4a0 .event/or E_0x5b10b363f4a0/0, E_0x5b10b363f4a0/1, E_0x5b10b363f4a0/2, E_0x5b10b363f4a0/3;
E_0x5b10b3626560/0 .event edge, v0x5b10b3e3bc70_0, v0x5b10b3e3be30_0, v0x5b10b3e1b330_0, v0x5b10b3e3bbb0_0;
E_0x5b10b3626560/1 .event edge, v0x5b10b3e1b650_0, v0x5b10b3e3bd50_0, v0x5b10b3e23c50_0, v0x5b10b3e23fd0_0;
E_0x5b10b3626560/2 .event edge, v0x5b10b3e1b290_0, v0x5b10b3e1b3d0_0, v0x5b10b3e23b70_0, v0x5b10b3e23d30_0;
E_0x5b10b3626560/3 .event edge, v0x5b10b3e1b1f0_0, v0x5b10b3c3e5a0_0, v0x5b10b3e23a90_0, v0x5b10b3d0f7a0_0;
E_0x5b10b3626560 .event/or E_0x5b10b3626560/0, E_0x5b10b3626560/1, E_0x5b10b3626560/2, E_0x5b10b3626560/3;
E_0x5b10b3738000/0 .event edge, v0x5b10b3e19df0_0, v0x5b10b3e1a1b0_0, v0x5b10b3e1b1f0_0, v0x5b10b3e22020_0;
E_0x5b10b3738000/1 .event edge, v0x5b10b3e22440_0, v0x5b10b3e23a90_0, v0x5b10b3e1bd30_0, v0x5b10b3e246c0_0;
E_0x5b10b3738000/2 .event edge, v0x5b10b3e33ff0_0, v0x5b10b3e33c10_0, v0x5b10b3e33b50_0, v0x5b10b3e35ac0_0;
E_0x5b10b3738000/3 .event edge, v0x5b10b3e19cb0_0, v0x5b10b3e316f0_0, v0x5b10b3e30da0_0, v0x5b10b3e375c0_0;
E_0x5b10b3738000/4 .event edge, v0x5b10b3e2a240_0, v0x5b10b3e3aca0_0, v0x5b10b3e2a5a0_0, v0x5b10b3e34510_0;
E_0x5b10b3738000/5 .event edge, v0x5b10b3e371c0_0, v0x5b10b3e345d0_0, v0x5b10b3e31790_0, v0x5b10b3e37aa0_0;
E_0x5b10b3738000/6 .event edge, v0x5b10b3e2a3e0_0, v0x5b10b3e2a760_0, v0x5b10b3e351a0_0, v0x5b10b3e34b30_0;
E_0x5b10b3738000/7 .event edge, v0x5b10b3e34bf0_0, v0x5b10b3e37680_0, v0x5b10b3e35260_0;
E_0x5b10b3738000 .event/or E_0x5b10b3738000/0, E_0x5b10b3738000/1, E_0x5b10b3738000/2, E_0x5b10b3738000/3, E_0x5b10b3738000/4, E_0x5b10b3738000/5, E_0x5b10b3738000/6, E_0x5b10b3738000/7;
E_0x5b10b36244d0/0 .event edge, v0x5b10b3e3ade0_0, v0x5b10b3e08860_0, v0x5b10b3de61e0_0, v0x5b10b3e0ade0_0;
E_0x5b10b36244d0/1 .event edge, v0x5b10b3e0c510_0, v0x5b10b3e0c470_0, v0x5b10b3e08720_0, v0x5b10b3e0ae80_0;
E_0x5b10b36244d0/2 .event edge, v0x5b10b3e0cee0_0, v0x5b10b3e0ce40_0, v0x5b10b3e3ae80_0;
E_0x5b10b36244d0 .event/or E_0x5b10b36244d0/0, E_0x5b10b36244d0/1, E_0x5b10b36244d0/2;
E_0x5b10b3d2bb40/0 .event edge, v0x5b10b3d84f70_0, v0x5b10b3e3af20_0, v0x5b10b3de6320_0, v0x5b10b3e0ade0_0;
E_0x5b10b3d2bb40/1 .event edge, v0x5b10b3e37b60_0, v0x5b10b3e08860_0, v0x5b10b3e0ae80_0;
E_0x5b10b3d2bb40 .event/or E_0x5b10b3d2bb40/0, E_0x5b10b3d2bb40/1;
L_0x5b10b3ef8470 .functor MUXZ 32, v0x5b10b3e37b60_0, L_0x5b10b3ef4610, L_0x5b10b3ef3fd0, C4<>;
L_0x5b10b3ef88f0 .functor MUXZ 2, v0x5b10b3e3ab60_0, L_0x5b10b3ef48a0, L_0x5b10b3ef3fd0, C4<>;
L_0x5b10b3ef8990 .part v0x5b10b3e374e0_0, 15, 5;
L_0x5b10b3ef8a30 .part v0x5b10b3e374e0_0, 20, 5;
L_0x5b10b3ef8ad0 .part v0x5b10b3e374e0_0, 7, 5;
L_0x5b10b3ef8b70 .functor MUXZ 1, L_0x5b10b3ecf170, L_0x5b10b3e9c0c0, v0x5b10b3e3ade0_0, C4<>;
L_0x5b10b3ef8c10 .functor MUXZ 1, L_0x5b10b3ec06c0, L_0x5b10b3e8e5e0, v0x5b10b3e3ade0_0, C4<>;
L_0x5b10b3ef8d00 .functor MUXZ 1, L_0x5b10b3ed8c40, L_0x5b10b3ea66a0, v0x5b10b3e3ade0_0, C4<>;
L_0x5b10b3ef8df0 .functor MUXZ 1, L_0x5b10b3ed92a0, L_0x5b10b3ea6c60, v0x5b10b3e3ade0_0, C4<>;
L_0x5b10b3ef8f20 .functor MUXZ 1, L_0x5b10b3eda440, L_0x5b10b3ea7e00, v0x5b10b3e3ade0_0, C4<>;
L_0x5b10b3ef8fc0 .functor MUXZ 1, L_0x5b10b3edb570, L_0x5b10b3ea8f80, v0x5b10b3e3ade0_0, C4<>;
L_0x5b10b3ef9060 .functor MUXZ 1, L_0x5b10b3eddd60, L_0x5b10b3eab770, v0x5b10b3e3ade0_0, C4<>;
L_0x5b10b3ef9170 .functor MUXZ 1, L_0x5b10b3ec25a0, L_0x5b10b3e90580, v0x5b10b3e3ade0_0, C4<>;
L_0x5b10b3ef9210 .part v0x5b10b3e379c0_0, 15, 5;
L_0x5b10b3ef9330 .part v0x5b10b3e379c0_0, 20, 5;
L_0x5b10b3ef9420 .part v0x5b10b3e379c0_0, 7, 5;
L_0x5b10b3ef98b0 .part v0x5b10b3e37260_0, 0, 1;
L_0x5b10b3ef9950 .part v0x5b10b3e37260_0, 1, 1;
L_0x5b10b3ef9ae0 .functor MUXZ 6, L_0x7c1d1eaad8f8, L_0x7c1d1eaad8b0, L_0x5b10b3ef9950, C4<>;
L_0x5b10b3ef9c70 .functor MUXZ 6, L_0x5b10b3ef9ae0, L_0x7c1d1eaad868, L_0x5b10b3ef98b0, C4<>;
L_0x5b10b3efda20 .part v0x5b10b3e3b8f0_0, 1, 1;
L_0x5b10b3efdac0 .part v0x5b10b3e3b8f0_0, 2, 1;
L_0x5b10b3efdcc0 .part v0x5b10b3e3b8f0_0, 3, 1;
L_0x5b10b3efdd60 .part v0x5b10b3e3b8f0_0, 4, 1;
L_0x5b10b3efdb60 .part v0x5b10b3e3b8f0_0, 5, 1;
L_0x5b10b3efdf60 .part v0x5b10b3e3b8f0_0, 6, 1;
L_0x5b10b3efde90 .part v0x5b10b3e3b8f0_0, 7, 1;
L_0x5b10b3efe0e0 .part v0x5b10b3e3b8f0_0, 8, 1;
L_0x5b10b3efe3f0 .part v0x5b10b3e37740_0, 0, 1;
L_0x5b10b3efe490 .part v0x5b10b3e37740_0, 1, 1;
L_0x5b10b3efe180 .functor MUXZ 6, L_0x7c1d1eaadaa8, L_0x7c1d1eaada60, L_0x5b10b3efe490, C4<>;
L_0x5b10b3efe6d0 .functor MUXZ 6, L_0x5b10b3efe180, L_0x7c1d1eaada18, L_0x5b10b3efe3f0, C4<>;
L_0x5b10b3f02500 .part v0x5b10b3e3c240_0, 1, 1;
L_0x5b10b3f025a0 .part v0x5b10b3e3c240_0, 2, 1;
L_0x5b10b3f02870 .part v0x5b10b3e3c240_0, 5, 1;
L_0x5b10b3f02910 .part v0x5b10b3e3c240_0, 6, 1;
L_0x5b10b3f02640 .part v0x5b10b3e3c240_0, 7, 1;
L_0x5b10b3f02b70 .part v0x5b10b3e3c240_0, 8, 1;
L_0x5b10b3f02a40 .reduce/or v0x5b10b3e18ea0_0;
L_0x5b10b3f02d50 .functor MUXZ 32, v0x5b10b3e239b0_0, v0x5b10b3e1b150_0, L_0x5b10b3f02a40, C4<>;
L_0x5b10b3f02fd0 .reduce/or v0x5b10b3e18ea0_0;
L_0x5b10b3f03070 .functor MUXZ 32, v0x5b10b3e240b0_0, v0x5b10b3e1b730_0, L_0x5b10b3f02fd0, C4<>;
L_0x5b10b3f03690 .functor MUXZ 32, v0x5b10b3c8e4d0_0, v0x5b10b3d10400_0, L_0x5b10b3f04230, C4<>;
L_0x5b10b3f043b0 .functor MUXZ 32, v0x5b10b3c8e570_0, v0x5b10b3d0ff60_0, L_0x5b10b3f04030, C4<>;
L_0x5b10b3f059e0 .functor MUXZ 1, v0x5b10b3e3bfd0_0, v0x5b10b3e3c9a0_0, v0x5b10b3e39be0_0, C4<>;
L_0x5b10b3f05da0 .part v0x5b10b3e3b8f0_0, 8, 1;
L_0x5b10b3f05c50 .functor MUXZ 1, v0x5b10b3e3bfd0_0, v0x5b10b3e3c9a0_0, v0x5b10b3e39c80_0, C4<>;
L_0x5b10b3f091b0 .functor MUXZ 32, v0x5b10b3e3ba70_0, v0x5b10b3e3c3b0_0, v0x5b10b3e39be0_0, C4<>;
L_0x5b10b3f05e40 .functor MUXZ 32, v0x5b10b3e3bb10_0, v0x5b10b3e3c480_0, v0x5b10b3e39be0_0, C4<>;
L_0x5b10b3f05ee0 .functor MUXZ 5, v0x5b10b3e3bf10_0, v0x5b10b3e3c8b0_0, v0x5b10b3e39be0_0, C4<>;
L_0x5b10b3f0bbe0 .functor MUXZ 5, v0x5b10b3e3bbb0_0, v0x5b10b3e3c550_0, v0x5b10b3e39be0_0, C4<>;
L_0x5b10b3f0bc80 .functor MUXZ 5, v0x5b10b3e3bd50_0, v0x5b10b3e3c6f0_0, v0x5b10b3e39be0_0, C4<>;
L_0x5b10b3f0ba50 .functor MUXZ 32, v0x5b10b3e34170_0, v0x5b10b3e34d70_0, v0x5b10b3e39be0_0, C4<>;
L_0x5b10b3f0bed0 .functor MUXZ 32, v0x5b10b3e34390_0, v0x5b10b3e34ff0_0, v0x5b10b3e39be0_0, C4<>;
L_0x5b10b3f0bd20 .functor MUXZ 32, v0x5b10b3e3ba70_0, v0x5b10b3e3c3b0_0, v0x5b10b3e39c80_0, C4<>;
L_0x5b10b3f0c130 .functor MUXZ 32, v0x5b10b3e3bb10_0, v0x5b10b3e3c480_0, v0x5b10b3e39c80_0, C4<>;
L_0x5b10b3f0c090 .functor MUXZ 5, v0x5b10b3e3bf10_0, v0x5b10b3e3c8b0_0, v0x5b10b3e39c80_0, C4<>;
L_0x5b10b3f0c550 .functor MUXZ 5, v0x5b10b3e3bbb0_0, v0x5b10b3e3c550_0, v0x5b10b3e39c80_0, C4<>;
L_0x5b10b3f0c1d0 .functor MUXZ 5, v0x5b10b3e3bd50_0, v0x5b10b3e3c6f0_0, v0x5b10b3e39c80_0, C4<>;
L_0x5b10b3f0c270 .functor MUXZ 32, v0x5b10b3e34170_0, v0x5b10b3e34d70_0, v0x5b10b3e39c80_0, C4<>;
L_0x5b10b3f0c7e0 .functor MUXZ 32, v0x5b10b3e34390_0, v0x5b10b3e34ff0_0, v0x5b10b3e39c80_0, C4<>;
L_0x5b10b3f0c880 .part v0x5b10b3e3b8f0_0, 8, 1;
S_0x5b10b3e15c00 .scope module, "u_pipe0_ctrl" "biriscv_pipe_ctrl" 16 464, 17 25 0, S_0x5b10b3e14850;
 .timescale 0 0;
    .port_info 0 /INPUT 1 "clk_i";
    .port_info 1 /INPUT 1 "rst_i";
    .port_info 2 /INPUT 1 "issue_valid_i";
    .port_info 3 /INPUT 1 "issue_accept_i";
    .port_info 4 /INPUT 1 "issue_stall_i";
    .port_info 5 /INPUT 1 "issue_lsu_i";
    .port_info 6 /INPUT 1 "issue_csr_i";
    .port_info 7 /INPUT 1 "issue_div_i";
    .port_info 8 /INPUT 1 "issue_mul_i";
    .port_info 9 /INPUT 1 "issue_branch_i";
    .port_info 10 /INPUT 1 "issue_rd_valid_i";
    .port_info 11 /INPUT 5 "issue_rd_i";
    .port_info 12 /INPUT 6 "issue_exception_i";
    .port_info 13 /INPUT 1 "take_interrupt_i";
    .port_info 14 /INPUT 1 "issue_branch_taken_i";
    .port_info 15 /INPUT 32 "issue_branch_target_i";
    .port_info 16 /INPUT 32 "issue_pc_i";
    .port_info 17 /INPUT 32 "issue_opcode_i";
    .port_info 18 /INPUT 32 "issue_operand_ra_i";
    .port_info 19 /INPUT 32 "issue_operand_rb_i";
    .port_info 20 /INPUT 32 "alu_result_e1_i";
    .port_info 21 /INPUT 32 "csr_result_value_e1_i";
    .port_info 22 /INPUT 1 "csr_result_write_e1_i";
    .port_info 23 /INPUT 32 "csr_result_wdata_e1_i";
    .port_info 24 /INPUT 6 "csr_result_exception_e1_i";
    .port_info 25 /OUTPUT 1 "load_e1_o";
    .port_info 26 /OUTPUT 1 "store_e1_o";
    .port_info 27 /OUTPUT 1 "mul_e1_o";
    .port_info 28 /OUTPUT 1 "branch_e1_o";
    .port_info 29 /OUTPUT 5 "rd_e1_o";
    .port_info 30 /OUTPUT 32 "pc_e1_o";
    .port_info 31 /OUTPUT 32 "opcode_e1_o";
    .port_info 32 /OUTPUT 32 "operand_ra_e1_o";
    .port_info 33 /OUTPUT 32 "operand_rb_e1_o";
    .port_info 34 /INPUT 1 "mem_complete_i";
    .port_info 35 /INPUT 32 "mem_result_e2_i";
    .port_info 36 /INPUT 6 "mem_exception_e2_i";
    .port_info 37 /INPUT 32 "mul_result_e2_i";
    .port_info 38 /OUTPUT 1 "load_e2_o";
    .port_info 39 /OUTPUT 1 "mul_e2_o";
    .port_info 40 /OUTPUT 5 "rd_e2_o";
    .port_info 41 /OUTPUT 32 "result_e2_o";
    .port_info 42 /INPUT 1 "div_complete_i";
    .port_info 43 /INPUT 32 "div_result_i";
    .port_info 44 /OUTPUT 1 "valid_wb_o";
    .port_info 45 /OUTPUT 1 "csr_wb_o";
    .port_info 46 /OUTPUT 5 "rd_wb_o";
    .port_info 47 /OUTPUT 32 "result_wb_o";
    .port_info 48 /OUTPUT 32 "pc_wb_o";
    .port_info 49 /OUTPUT 32 "opcode_wb_o";
    .port_info 50 /OUTPUT 32 "operand_ra_wb_o";
    .port_info 51 /OUTPUT 32 "operand_rb_wb_o";
    .port_info 52 /OUTPUT 6 "exception_wb_o";
    .port_info 53 /OUTPUT 1 "csr_write_wb_o";
    .port_info 54 /OUTPUT 12 "csr_waddr_wb_o";
    .port_info 55 /OUTPUT 32 "csr_wdata_wb_o";
    .port_info 56 /OUTPUT 1 "stall_o";
    .port_info 57 /OUTPUT 1 "squash_e1_e2_o";
    .port_info 58 /INPUT 1 "squash_e1_e2_i";
    .port_info 59 /INPUT 1 "squash_wb_i";
P_0x5b10b3d8d790 .param/l "SUPPORT_LOAD_BYPASS" 0 17 30, +C4<00000000000000000000000000000001>;
P_0x5b10b3d8d7d0 .param/l "SUPPORT_MUL_BYPASS" 0 17 31, +C4<00000000000000000000000000000001>;
L_0x5b10b3ef92b0 .functor AND 1, v0x5b10b3e3b7b0_0, L_0x5b10b3ef9f00, C4<1>, C4<1>;
L_0x5b10b3efa8e0 .functor AND 5, L_0x5b10b3efa730, L_0x5b10b3efa7d0, C4<11111>, C4<11111>;
L_0x5b10b3efa9f0 .functor BUFZ 32, v0x5b10b3e1af70_0, C4<00000000000000000000000000000000>, C4<00000000000000000000000000000000>, C4<00000000000000000000000000000000>;
L_0x5b10b3efaab0 .functor BUFZ 32, v0x5b10b3e1a610_0, C4<00000000000000000000000000000000>, C4<00000000000000000000000000000000>, C4<00000000000000000000000000000000>;
L_0x5b10b3efabc0 .functor BUFZ 32, v0x5b10b3e1a930_0, C4<00000000000000000000000000000000>, C4<00000000000000000000000000000000>, C4<00000000000000000000000000000000>;
L_0x5b10b3efac80 .functor BUFZ 32, v0x5b10b3e1ac50_0, C4<00000000000000000000000000000000>, C4<00000000000000000000000000000000>, C4<00000000000000000000000000000000>;
L_0x5b10b3efad40 .functor NOT 1, L_0x5b10b3f08600, C4<0>, C4<0>, C4<0>;
L_0x5b10b3efadb0 .functor AND 1, v0x5b10b3e1c780_0, L_0x5b10b3efad40, C4<1>, C4<1>;
L_0x5b10b3efa870 .functor OR 1, L_0x5b10b3efaec0, L_0x5b10b3efaf60, C4<0>, C4<0>;
L_0x5b10b3efb480 .functor AND 1, L_0x5b10b3efadb0, L_0x5b10b3efb3e0, C4<1>, C4<1>;
L_0x5b10b3efb540 .functor NOT 1, L_0x5b10b3efc2d0, C4<0>, C4<0>, C4<0>;
L_0x5b10b3efb5b0 .functor AND 1, L_0x5b10b3efb480, L_0x5b10b3efb540, C4<1>, C4<1>;
L_0x5b10b3efb9f0 .functor AND 5, L_0x5b10b3efb730, L_0x5b10b3efb950, C4<11111>, C4<11111>;
L_0x5b10b3efbb00 .functor BUFZ 32, v0x5b10b3e1b570_0, C4<00000000000000000000000000000000>, C4<00000000000000000000000000000000>, C4<00000000000000000000000000000000>;
L_0x5b10b3efb6c0 .functor NOT 1, v0x5b10b3c76ef0_0, C4<0>, C4<0>, C4<0>;
L_0x5b10b3efbd10 .functor AND 1, L_0x5b10b3efbbc0, L_0x5b10b3efb6c0, C4<1>, C4<1>;
L_0x5b10b3efbc60 .functor OR 1, L_0x5b10b3efb8b0, L_0x5b10b3efbeb0, C4<0>, C4<0>;
L_0x5b10b3efc0b0 .functor NOT 1, L_0x5b10b3eee2f0, C4<0>, C4<0>, C4<0>;
L_0x5b10b3efc1c0 .functor AND 1, L_0x5b10b3efbc60, L_0x5b10b3efc0b0, C4<1>, C4<1>;
L_0x5b10b3efc2d0 .functor OR 1, L_0x5b10b3efbd10, L_0x5b10b3efc1c0, C4<0>, C4<0>;
L_0x5b10b3efc490 .functor OR 1, L_0x5b10b3efc120, v0x5b10b3e1ba30_0, C4<0>, C4<0>;
L_0x5b10b3efbf50 .functor NOT 1, L_0x5b10b3f08600, C4<0>, C4<0>, C4<0>;
L_0x5b10b3efc3e0 .functor AND 1, L_0x5b10b3efc500, L_0x5b10b3efbf50, C4<1>, C4<1>;
L_0x5b10b3efc730 .functor NOT 1, L_0x5b10b3f08600, C4<0>, C4<0>, C4<0>;
L_0x5b10b3efc670 .functor AND 1, v0x5b10b3e1c9c0_0, L_0x5b10b3efc730, C4<1>, C4<1>;
L_0x5b10b3efc9b0 .functor NOT 1, L_0x5b10b3f08600, C4<0>, C4<0>, C4<0>;
L_0x5b10b3efc7a0 .functor AND 1, L_0x5b10b3efc8c0, L_0x5b10b3efc9b0, C4<1>, C4<1>;
L_0x5b10b3efc5a0 .functor AND 1, L_0x5b10b3efc670, L_0x5b10b3efcba0, C4<1>, C4<1>;
L_0x5b10b3efca20 .functor NOT 1, L_0x5b10b3efc2d0, C4<0>, C4<0>, C4<0>;
L_0x5b10b3efca90 .functor AND 1, L_0x5b10b3efc5a0, L_0x5b10b3efca20, C4<1>, C4<1>;
L_0x5b10b3efcc40 .functor AND 5, L_0x5b10b3efcd20, L_0x5b10b3efd080, C4<11111>, C4<11111>;
L_0x5b10b3efd390 .functor BUFZ 32, v0x5b10b3e1a7f0_0, C4<00000000000000000000000000000000>, C4<00000000000000000000000000000000>, C4<00000000000000000000000000000000>;
L_0x5b10b3efd5c0 .functor BUFZ 32, v0x5b10b3e1ab10_0, C4<00000000000000000000000000000000>, C4<00000000000000000000000000000000>, C4<00000000000000000000000000000000>;
L_0x5b10b3efd680 .functor BUFZ 32, v0x5b10b3e1ae30_0, C4<00000000000000000000000000000000>, C4<00000000000000000000000000000000>, C4<00000000000000000000000000000000>;
L_0x5b10b3efd7e0 .functor BUFZ 32, v0x5b10b3e185e0_0, C4<00000000000000000000000000000000>, C4<00000000000000000000000000000000>, C4<00000000000000000000000000000000>;
v0x5b10b3e16530_0 .net *"_ivl_1", 1 0, L_0x5b10b3ef9a40;  1 drivers
v0x5b10b3e165d0_0 .net *"_ivl_101", 0 0, L_0x5b10b3efc8c0;  1 drivers
v0x5b10b3e16670_0 .net *"_ivl_102", 0 0, L_0x5b10b3efc9b0;  1 drivers
v0x5b10b3e16710_0 .net *"_ivl_107", 0 0, L_0x5b10b3efcba0;  1 drivers
v0x5b10b3e167b0_0 .net *"_ivl_109", 0 0, L_0x5b10b3efc5a0;  1 drivers
v0x5b10b3e16850_0 .net *"_ivl_110", 0 0, L_0x5b10b3efca20;  1 drivers
v0x5b10b3e168f0_0 .net *"_ivl_113", 0 0, L_0x5b10b3efca90;  1 drivers
v0x5b10b3e16990_0 .net *"_ivl_114", 4 0, L_0x5b10b3efcd20;  1 drivers
v0x5b10b3e16a30_0 .net *"_ivl_117", 4 0, L_0x5b10b3efd080;  1 drivers
L_0x7c1d1eaad940 .functor BUFT 1, C4<00>, C4<0>, C4<0>, C4<0>;
v0x5b10b3e16ad0_0 .net/2u *"_ivl_2", 1 0, L_0x7c1d1eaad940;  1 drivers
v0x5b10b3e16b70_0 .net *"_ivl_23", 0 0, L_0x5b10b3efa630;  1 drivers
v0x5b10b3e16c10_0 .net *"_ivl_24", 4 0, L_0x5b10b3efa730;  1 drivers
v0x5b10b3e16cb0_0 .net *"_ivl_27", 4 0, L_0x5b10b3efa7d0;  1 drivers
v0x5b10b3e16d50_0 .net *"_ivl_38", 0 0, L_0x5b10b3efad40;  1 drivers
v0x5b10b3e16df0_0 .net *"_ivl_4", 0 0, L_0x5b10b3ef9f00;  1 drivers
v0x5b10b3e16e90_0 .net *"_ivl_43", 0 0, L_0x5b10b3efaec0;  1 drivers
v0x5b10b3e16f30_0 .net *"_ivl_45", 0 0, L_0x5b10b3efaf60;  1 drivers
v0x5b10b3e16fd0_0 .net *"_ivl_53", 0 0, L_0x5b10b3efb3e0;  1 drivers
v0x5b10b3e17070_0 .net *"_ivl_55", 0 0, L_0x5b10b3efb480;  1 drivers
v0x5b10b3e17110_0 .net *"_ivl_56", 0 0, L_0x5b10b3efb540;  1 drivers
v0x5b10b3e171b0_0 .net *"_ivl_59", 0 0, L_0x5b10b3efb5b0;  1 drivers
v0x5b10b3e17250_0 .net *"_ivl_60", 4 0, L_0x5b10b3efb730;  1 drivers
v0x5b10b3e172f0_0 .net *"_ivl_63", 4 0, L_0x5b10b3efb950;  1 drivers
v0x5b10b3e17390_0 .net *"_ivl_69", 0 0, L_0x5b10b3efbbc0;  1 drivers
v0x5b10b3e17430_0 .net *"_ivl_70", 0 0, L_0x5b10b3efb6c0;  1 drivers
v0x5b10b3e174d0_0 .net *"_ivl_73", 0 0, L_0x5b10b3efbd10;  1 drivers
v0x5b10b3e17570_0 .net *"_ivl_75", 0 0, L_0x5b10b3efb8b0;  1 drivers
v0x5b10b3e17610_0 .net *"_ivl_77", 0 0, L_0x5b10b3efbeb0;  1 drivers
v0x5b10b3e176b0_0 .net *"_ivl_78", 0 0, L_0x5b10b3efbc60;  1 drivers
v0x5b10b3e17750_0 .net *"_ivl_80", 0 0, L_0x5b10b3efc0b0;  1 drivers
v0x5b10b3e177f0_0 .net *"_ivl_82", 0 0, L_0x5b10b3efc1c0;  1 drivers
v0x5b10b3e17890_0 .net *"_ivl_91", 0 0, L_0x5b10b3efc500;  1 drivers
v0x5b10b3e17930_0 .net *"_ivl_92", 0 0, L_0x5b10b3efbf50;  1 drivers
v0x5b10b3e17be0_0 .net *"_ivl_96", 0 0, L_0x5b10b3efc730;  1 drivers
v0x5b10b3e17c80_0 .net "alu_e1_w", 0 0, L_0x5b10b3efa040;  1 drivers
v0x5b10b3e17d20_0 .net "alu_result_e1_i", 31 0, L_0x5b10b3f0de20;  alias, 1 drivers
v0x5b10b3e17dc0_0 .net "branch_e1_o", 0 0, L_0x5b10b3efa540;  alias, 1 drivers
v0x5b10b3e17e60_0 .net "branch_misaligned_w", 0 0, L_0x5b10b3ef92b0;  1 drivers
v0x5b10b3e17f00_0 .net "clk_i", 0 0, v0x5b10b3e64cc0_0;  alias, 1 drivers
v0x5b10b3e17fa0_0 .net "complete_wb_w", 0 0, L_0x5b10b3efc3e0;  1 drivers
v0x5b10b3e18040_0 .net "csr_e1_w", 0 0, L_0x5b10b3efa310;  1 drivers
v0x5b10b3e180e0_0 .net "csr_result_exception_e1_i", 5 0, L_0x5b10b3ef43b0;  alias, 1 drivers
v0x5b10b3e18180_0 .net "csr_result_value_e1_i", 31 0, L_0x5b10b3ef4220;  alias, 1 drivers
v0x5b10b3e18220_0 .net "csr_result_wdata_e1_i", 31 0, L_0x5b10b3ef3170;  alias, 1 drivers
v0x5b10b3e182c0_0 .net "csr_result_write_e1_i", 0 0, L_0x5b10b3ef3100;  alias, 1 drivers
v0x5b10b3e18360_0 .net "csr_waddr_wb_o", 11 0, L_0x5b10b3efd740;  alias, 1 drivers
v0x5b10b3e18400_0 .net "csr_wb_o", 0 0, L_0x5b10b3efc7a0;  alias, 1 drivers
v0x5b10b3e184a0_0 .var "csr_wdata_e2_q", 31 0;
v0x5b10b3e18540_0 .net "csr_wdata_wb_o", 31 0, L_0x5b10b3efd7e0;  alias, 1 drivers
v0x5b10b3e185e0_0 .var "csr_wdata_wb_q", 31 0;
v0x5b10b3e18680_0 .var "csr_wr_e2_q", 0 0;
v0x5b10b3e18720_0 .var "csr_wr_wb_q", 0 0;
v0x5b10b3e187c0_0 .net "csr_write_wb_o", 0 0, v0x5b10b3e18720_0;  alias, 1 drivers
v0x5b10b3e18860_0 .var "ctrl_e1_q", 9 0;
v0x5b10b3e18900_0 .var "ctrl_e2_q", 9 0;
v0x5b10b3e189a0_0 .var "ctrl_wb_q", 9 0;
v0x5b10b3e18a40_0 .net "div_complete_i", 0 0, v0x5b10b3c76ef0_0;  alias, 1 drivers
v0x5b10b3e18ae0_0 .net "div_e1_w", 0 0, L_0x5b10b3efa3b0;  1 drivers
v0x5b10b3e18b80_0 .net "div_result_i", 31 0, L_0x5b10b3ef8810;  alias, 1 drivers
v0x5b10b3e18c20_0 .var "exception_e1_q", 5 0;
v0x5b10b3e18cc0_0 .var "exception_e2_q", 5 0;
v0x5b10b3e18d60_0 .var "exception_e2_r", 5 0;
v0x5b10b3e18e00_0 .net "exception_wb_o", 5 0, v0x5b10b3e18ea0_0;  alias, 1 drivers
v0x5b10b3e18ea0_0 .var "exception_wb_q", 5 0;
L_0x7c1d1eaad988 .functor BUFT 1, C4<1>, C4<0>, C4<0>, C4<0>;
v0x5b10b3e18f40_0 .net "issue_accept_i", 0 0, L_0x7c1d1eaad988;  1 drivers
v0x5b10b3e193f0_0 .net "issue_branch_i", 0 0, L_0x5b10b3efdf60;  1 drivers
v0x5b10b3e19490_0 .net "issue_branch_taken_i", 0 0, v0x5b10b3e3b7b0_0;  1 drivers
v0x5b10b3e19530_0 .net "issue_branch_target_i", 31 0, v0x5b10b3e3b850_0;  1 drivers
v0x5b10b3e195d0_0 .net "issue_csr_i", 0 0, L_0x5b10b3efdcc0;  1 drivers
v0x5b10b3e19670_0 .net "issue_div_i", 0 0, L_0x5b10b3efdd60;  1 drivers
v0x5b10b3e19710_0 .net "issue_exception_i", 5 0, v0x5b10b3e3b9b0_0;  1 drivers
v0x5b10b3e197b0_0 .net "issue_lsu_i", 0 0, L_0x5b10b3ef9d10;  1 drivers
v0x5b10b3e19850_0 .net "issue_mul_i", 0 0, L_0x5b10b3efdb60;  1 drivers
v0x5b10b3e198f0_0 .net "issue_opcode_i", 31 0, v0x5b10b3e3ba70_0;  1 drivers
v0x5b10b3e19990_0 .net "issue_operand_ra_i", 31 0, v0x5b10b3e34170_0;  alias, 1 drivers
v0x5b10b3e19a30_0 .net "issue_operand_rb_i", 31 0, v0x5b10b3e34390_0;  alias, 1 drivers
v0x5b10b3e19ad0_0 .net "issue_pc_i", 31 0, v0x5b10b3e3bb10_0;  1 drivers
v0x5b10b3e19b70_0 .net "issue_rd_i", 4 0, v0x5b10b3e3bf10_0;  1 drivers
v0x5b10b3e19c10_0 .net "issue_rd_valid_i", 0 0, L_0x5b10b3efde90;  1 drivers
v0x5b10b3e19cb0_0 .net "issue_stall_i", 0 0, L_0x5b10b3f08600;  alias, 1 drivers
v0x5b10b3e19d50_0 .net "issue_valid_i", 0 0, v0x5b10b3e3bfd0_0;  1 drivers
v0x5b10b3e19df0_0 .net "load_e1_o", 0 0, L_0x5b10b3efa0e0;  alias, 1 drivers
v0x5b10b3e19e90_0 .net "load_e2_o", 0 0, L_0x5b10b3efb170;  alias, 1 drivers
v0x5b10b3e19f30_0 .net "load_store_e2_w", 0 0, L_0x5b10b3efa870;  1 drivers
v0x5b10b3e19fd0_0 .net "mem_complete_i", 0 0, L_0x5b10b3eee2f0;  alias, 1 drivers
v0x5b10b3e1a070_0 .net "mem_exception_e2_i", 5 0, L_0x5b10b3ef0310;  alias, 1 drivers
v0x5b10b3e1a110_0 .net "mem_result_e2_i", 31 0, L_0x5b10b3eee6a0;  alias, 1 drivers
v0x5b10b3e1a1b0_0 .net "mul_e1_o", 0 0, L_0x5b10b3efa450;  alias, 1 drivers
v0x5b10b3e1a250_0 .net "mul_e2_o", 0 0, L_0x5b10b3efb260;  alias, 1 drivers
v0x5b10b3e1a2f0_0 .net "mul_result_e2_i", 31 0, L_0x5b10b3ef64f0;  alias, 1 drivers
v0x5b10b3e1a390_0 .var "npc_e1_q", 31 0;
v0x5b10b3e1a430_0 .var "npc_e2_q", 31 0;
v0x5b10b3e1a4d0_0 .var "npc_wb_q", 31 0;
v0x5b10b3e1a570_0 .net "opcode_e1_o", 31 0, L_0x5b10b3efaab0;  alias, 1 drivers
v0x5b10b3e1a610_0 .var "opcode_e1_q", 31 0;
v0x5b10b3e1a6b0_0 .var "opcode_e2_q", 31 0;
v0x5b10b3e1a750_0 .net "opcode_wb_o", 31 0, L_0x5b10b3efd390;  alias, 1 drivers
v0x5b10b3e1a7f0_0 .var "opcode_wb_q", 31 0;
v0x5b10b3e1a890_0 .net "operand_ra_e1_o", 31 0, L_0x5b10b3efabc0;  alias, 1 drivers
v0x5b10b3e1a930_0 .var "operand_ra_e1_q", 31 0;
v0x5b10b3e1a9d0_0 .var "operand_ra_e2_q", 31 0;
v0x5b10b3e1aa70_0 .net "operand_ra_wb_o", 31 0, L_0x5b10b3efd5c0;  alias, 1 drivers
v0x5b10b3e1ab10_0 .var "operand_ra_wb_q", 31 0;
v0x5b10b3e1abb0_0 .net "operand_rb_e1_o", 31 0, L_0x5b10b3efac80;  alias, 1 drivers
v0x5b10b3e1ac50_0 .var "operand_rb_e1_q", 31 0;
v0x5b10b3e1acf0_0 .var "operand_rb_e2_q", 31 0;
v0x5b10b3e1ad90_0 .net "operand_rb_wb_o", 31 0, L_0x5b10b3efd680;  alias, 1 drivers
v0x5b10b3e1ae30_0 .var "operand_rb_wb_q", 31 0;
v0x5b10b3e1aed0_0 .net "pc_e1_o", 31 0, L_0x5b10b3efa9f0;  alias, 1 drivers
v0x5b10b3e1af70_0 .var "pc_e1_q", 31 0;
v0x5b10b3e1b010_0 .var "pc_e2_q", 31 0;
v0x5b10b3e1b0b0_0 .net "pc_wb_o", 31 0, v0x5b10b3e1b150_0;  alias, 1 drivers
v0x5b10b3e1b150_0 .var "pc_wb_q", 31 0;
v0x5b10b3e1b1f0_0 .net "rd_e1_o", 4 0, L_0x5b10b3efa8e0;  alias, 1 drivers
v0x5b10b3e1b290_0 .net "rd_e2_o", 4 0, L_0x5b10b3efb9f0;  alias, 1 drivers
v0x5b10b3e1b330_0 .net "rd_wb_o", 4 0, L_0x5b10b3efcc40;  alias, 1 drivers
v0x5b10b3e1b3d0_0 .net "result_e2_o", 31 0, L_0x5b10b3efbb00;  alias, 1 drivers
v0x5b10b3e1b490_0 .var "result_e2_q", 31 0;
v0x5b10b3e1b570_0 .var "result_e2_r", 31 0;
v0x5b10b3e1b650_0 .net "result_wb_o", 31 0, v0x5b10b3e1b730_0;  alias, 1 drivers
v0x5b10b3e1b730_0 .var "result_wb_q", 31 0;
v0x5b10b3e1b810_0 .net "rst_i", 0 0, v0x5b10b3e65f10_0;  alias, 1 drivers
v0x5b10b3e1b8b0_0 .net "squash_e1_e2_i", 0 0, L_0x5b10b3f01040;  alias, 1 drivers
v0x5b10b3e1b970_0 .net "squash_e1_e2_o", 0 0, L_0x5b10b3efc490;  alias, 1 drivers
v0x5b10b3e1ba30_0 .var "squash_e1_e2_q", 0 0;
v0x5b10b3e1baf0_0 .net "squash_e1_e2_w", 0 0, L_0x5b10b3efc120;  1 drivers
L_0x7c1d1eaad9d0 .functor BUFT 1, C4<0>, C4<0>, C4<0>, C4<0>;
v0x5b10b3e1bbb0_0 .net "squash_wb_i", 0 0, L_0x7c1d1eaad9d0;  1 drivers
v0x5b10b3e1bc70_0 .net "stall_o", 0 0, L_0x5b10b3efc2d0;  alias, 1 drivers
v0x5b10b3e1bd30_0 .net "store_e1_o", 0 0, L_0x5b10b3efa220;  alias, 1 drivers
v0x5b10b3e1c600_0 .net "take_interrupt_i", 0 0, L_0x5b10b3efe0e0;  1 drivers
v0x5b10b3e1c6c0_0 .var "valid_e1_q", 0 0;
v0x5b10b3e1c780_0 .var "valid_e2_q", 0 0;
v0x5b10b3e1c840_0 .net "valid_e2_w", 0 0, L_0x5b10b3efadb0;  1 drivers
v0x5b10b3e1c900_0 .net "valid_wb_o", 0 0, L_0x5b10b3efc670;  alias, 1 drivers
v0x5b10b3e1c9c0_0 .var "valid_wb_q", 0 0;
E_0x5b10b3cf57a0/0 .event edge, v0x5b10b3e1c780_0, v0x5b10b3e18900_0, v0x5b10b3e19fd0_0, v0x5b10b3e1a070_0;
E_0x5b10b3cf57a0/1 .event edge, v0x5b10b3e18cc0_0;
E_0x5b10b3cf57a0 .event/or E_0x5b10b3cf57a0/0, E_0x5b10b3cf57a0/1;
E_0x5b10b3cf57e0/0 .event edge, v0x5b10b3e1b490_0, v0x5b10b3e1c840_0, v0x5b10b3e18900_0, v0x5b10b3e1a110_0;
E_0x5b10b3cf57e0/1 .event edge, v0x5b10b3e1a2f0_0;
E_0x5b10b3cf57e0 .event/or E_0x5b10b3cf57e0/0, E_0x5b10b3cf57e0/1;
L_0x5b10b3ef9a40 .part v0x5b10b3e3b850_0, 0, 2;
L_0x5b10b3ef9f00 .cmp/ne 2, L_0x5b10b3ef9a40, L_0x7c1d1eaad940;
L_0x5b10b3efa040 .part v0x5b10b3e18860_0, 0, 1;
L_0x5b10b3efa0e0 .part v0x5b10b3e18860_0, 1, 1;
L_0x5b10b3efa220 .part v0x5b10b3e18860_0, 2, 1;
L_0x5b10b3efa310 .part v0x5b10b3e18860_0, 3, 1;
L_0x5b10b3efa3b0 .part v0x5b10b3e18860_0, 4, 1;
L_0x5b10b3efa450 .part v0x5b10b3e18860_0, 5, 1;
L_0x5b10b3efa540 .part v0x5b10b3e18860_0, 6, 1;
L_0x5b10b3efa630 .part v0x5b10b3e18860_0, 7, 1;
LS_0x5b10b3efa730_0_0 .concat [ 1 1 1 1], L_0x5b10b3efa630, L_0x5b10b3efa630, L_0x5b10b3efa630, L_0x5b10b3efa630;
LS_0x5b10b3efa730_0_4 .concat [ 1 0 0 0], L_0x5b10b3efa630;
L_0x5b10b3efa730 .concat [ 4 1 0 0], LS_0x5b10b3efa730_0_0, LS_0x5b10b3efa730_0_4;
L_0x5b10b3efa7d0 .part v0x5b10b3e1a610_0, 7, 5;
L_0x5b10b3efaec0 .part v0x5b10b3e18900_0, 1, 1;
L_0x5b10b3efaf60 .part v0x5b10b3e18900_0, 2, 1;
L_0x5b10b3efb170 .part v0x5b10b3e18900_0, 1, 1;
L_0x5b10b3efb260 .part v0x5b10b3e18900_0, 5, 1;
L_0x5b10b3efb3e0 .part v0x5b10b3e18900_0, 7, 1;
LS_0x5b10b3efb730_0_0 .concat [ 1 1 1 1], L_0x5b10b3efb5b0, L_0x5b10b3efb5b0, L_0x5b10b3efb5b0, L_0x5b10b3efb5b0;
LS_0x5b10b3efb730_0_4 .concat [ 1 0 0 0], L_0x5b10b3efb5b0;
L_0x5b10b3efb730 .concat [ 4 1 0 0], LS_0x5b10b3efb730_0_0, LS_0x5b10b3efb730_0_4;
L_0x5b10b3efb950 .part v0x5b10b3e1a6b0_0, 7, 5;
L_0x5b10b3efbbc0 .part v0x5b10b3e18860_0, 4, 1;
L_0x5b10b3efb8b0 .part v0x5b10b3e18900_0, 1, 1;
L_0x5b10b3efbeb0 .part v0x5b10b3e18900_0, 2, 1;
L_0x5b10b3efc120 .reduce/or v0x5b10b3e18d60_0;
L_0x5b10b3efc500 .part v0x5b10b3e189a0_0, 9, 1;
L_0x5b10b3efc8c0 .part v0x5b10b3e189a0_0, 3, 1;
L_0x5b10b3efcba0 .part v0x5b10b3e189a0_0, 7, 1;
LS_0x5b10b3efcd20_0_0 .concat [ 1 1 1 1], L_0x5b10b3efca90, L_0x5b10b3efca90, L_0x5b10b3efca90, L_0x5b10b3efca90;
LS_0x5b10b3efcd20_0_4 .concat [ 1 0 0 0], L_0x5b10b3efca90;
L_0x5b10b3efcd20 .concat [ 4 1 0 0], LS_0x5b10b3efcd20_0_0, LS_0x5b10b3efcd20_0_4;
L_0x5b10b3efd080 .part v0x5b10b3e1a7f0_0, 7, 5;
L_0x5b10b3efd740 .part v0x5b10b3e1a7f0_0, 20, 12;
S_0x5b10b3e1d3f0 .scope module, "u_pipe1_ctrl" "biriscv_pipe_ctrl" 16 659, 17 25 0, S_0x5b10b3e14850;
 .timescale 0 0;
    .port_info 0 /INPUT 1 "clk_i";
    .port_info 1 /INPUT 1 "rst_i";
    .port_info 2 /INPUT 1 "issue_valid_i";
    .port_info 3 /INPUT 1 "issue_accept_i";
    .port_info 4 /INPUT 1 "issue_stall_i";
    .port_info 5 /INPUT 1 "issue_lsu_i";
    .port_info 6 /INPUT 1 "issue_csr_i";
    .port_info 7 /INPUT 1 "issue_div_i";
    .port_info 8 /INPUT 1 "issue_mul_i";
    .port_info 9 /INPUT 1 "issue_branch_i";
    .port_info 10 /INPUT 1 "issue_rd_valid_i";
    .port_info 11 /INPUT 5 "issue_rd_i";
    .port_info 12 /INPUT 6 "issue_exception_i";
    .port_info 13 /INPUT 1 "take_interrupt_i";
    .port_info 14 /INPUT 1 "issue_branch_taken_i";
    .port_info 15 /INPUT 32 "issue_branch_target_i";
    .port_info 16 /INPUT 32 "issue_pc_i";
    .port_info 17 /INPUT 32 "issue_opcode_i";
    .port_info 18 /INPUT 32 "issue_operand_ra_i";
    .port_info 19 /INPUT 32 "issue_operand_rb_i";
    .port_info 20 /INPUT 32 "alu_result_e1_i";
    .port_info 21 /INPUT 32 "csr_result_value_e1_i";
    .port_info 22 /INPUT 1 "csr_result_write_e1_i";
    .port_info 23 /INPUT 32 "csr_result_wdata_e1_i";
    .port_info 24 /INPUT 6 "csr_result_exception_e1_i";
    .port_info 25 /OUTPUT 1 "load_e1_o";
    .port_info 26 /OUTPUT 1 "store_e1_o";
    .port_info 27 /OUTPUT 1 "mul_e1_o";
    .port_info 28 /OUTPUT 1 "branch_e1_o";
    .port_info 29 /OUTPUT 5 "rd_e1_o";
    .port_info 30 /OUTPUT 32 "pc_e1_o";
    .port_info 31 /OUTPUT 32 "opcode_e1_o";
    .port_info 32 /OUTPUT 32 "operand_ra_e1_o";
    .port_info 33 /OUTPUT 32 "operand_rb_e1_o";
    .port_info 34 /INPUT 1 "mem_complete_i";
    .port_info 35 /INPUT 32 "mem_result_e2_i";
    .port_info 36 /INPUT 6 "mem_exception_e2_i";
    .port_info 37 /INPUT 32 "mul_result_e2_i";
    .port_info 38 /OUTPUT 1 "load_e2_o";
    .port_info 39 /OUTPUT 1 "mul_e2_o";
    .port_info 40 /OUTPUT 5 "rd_e2_o";
    .port_info 41 /OUTPUT 32 "result_e2_o";
    .port_info 42 /INPUT 1 "div_complete_i";
    .port_info 43 /INPUT 32 "div_result_i";
    .port_info 44 /OUTPUT 1 "valid_wb_o";
    .port_info 45 /OUTPUT 1 "csr_wb_o";
    .port_info 46 /OUTPUT 5 "rd_wb_o";
    .port_info 47 /OUTPUT 32 "result_wb_o";
    .port_info 48 /OUTPUT 32 "pc_wb_o";
    .port_info 49 /OUTPUT 32 "opcode_wb_o";
    .port_info 50 /OUTPUT 32 "operand_ra_wb_o";
    .port_info 51 /OUTPUT 32 "operand_rb_wb_o";
    .port_info 52 /OUTPUT 6 "exception_wb_o";
    .port_info 53 /OUTPUT 1 "csr_write_wb_o";
    .port_info 54 /OUTPUT 12 "csr_waddr_wb_o";
    .port_info 55 /OUTPUT 32 "csr_wdata_wb_o";
    .port_info 56 /OUTPUT 1 "stall_o";
    .port_info 57 /OUTPUT 1 "squash_e1_e2_o";
    .port_info 58 /INPUT 1 "squash_e1_e2_i";
    .port_info 59 /INPUT 1 "squash_wb_i";
P_0x5b10b3d03ae0 .param/l "SUPPORT_LOAD_BYPASS" 0 17 30, +C4<00000000000000000000000000000001>;
P_0x5b10b3d03b20 .param/l "SUPPORT_MUL_BYPASS" 0 17 31, +C4<00000000000000000000000000000001>;
L_0x5b10b3efeab0 .functor AND 1, v0x5b10b3e3c0a0_0, L_0x5b10b3efe970, C4<1>, C4<1>;
L_0x5b10b3eff510 .functor AND 5, L_0x5b10b3eff360, L_0x5b10b3eff400, C4<11111>, C4<11111>;
L_0x5b10b3eff620 .functor BUFZ 32, v0x5b10b3e23710_0, C4<00000000000000000000000000000000>, C4<00000000000000000000000000000000>, C4<00000000000000000000000000000000>;
L_0x5b10b3eff6e0 .functor BUFZ 32, v0x5b10b3e229f0_0, C4<00000000000000000000000000000000>, C4<00000000000000000000000000000000>, C4<00000000000000000000000000000000>;
L_0x5b10b3eff7f0 .functor BUFZ 32, v0x5b10b3e22e50_0, C4<00000000000000000000000000000000>, C4<00000000000000000000000000000000>, C4<00000000000000000000000000000000>;
L_0x5b10b3eff8b0 .functor BUFZ 32, v0x5b10b3e232b0_0, C4<00000000000000000000000000000000>, C4<00000000000000000000000000000000>, C4<00000000000000000000000000000000>;
L_0x5b10b3eff970 .functor NOT 1, L_0x5b10b3f08600, C4<0>, C4<0>, C4<0>;
L_0x5b10b3eff9e0 .functor AND 1, v0x5b10b3e25110_0, L_0x5b10b3eff970, C4<1>, C4<1>;
L_0x5b10b3eff4a0 .functor OR 1, L_0x5b10b3effaf0, L_0x5b10b3effb90, C4<0>, C4<0>;
L_0x5b10b3f00030 .functor AND 1, L_0x5b10b3eff9e0, L_0x5b10b3efff90, C4<1>, C4<1>;
L_0x5b10b3f000f0 .functor NOT 1, L_0x5b10b3f00e80, C4<0>, C4<0>, C4<0>;
L_0x5b10b3f00160 .functor AND 1, L_0x5b10b3f00030, L_0x5b10b3f000f0, C4<1>, C4<1>;
L_0x5b10b3f005a0 .functor AND 5, L_0x5b10b3f002e0, L_0x5b10b3f00500, C4<11111>, C4<11111>;
L_0x5b10b3f006b0 .functor BUFZ 32, v0x5b10b3e23ef0_0, C4<00000000000000000000000000000000>, C4<00000000000000000000000000000000>, C4<00000000000000000000000000000000>;
L_0x5b10b3f00270 .functor NOT 1, v0x5b10b3c76ef0_0, C4<0>, C4<0>, C4<0>;
L_0x5b10b3f008c0 .functor AND 1, L_0x5b10b3f00770, L_0x5b10b3f00270, C4<1>, C4<1>;
L_0x5b10b3f00810 .functor OR 1, L_0x5b10b3f00460, L_0x5b10b3f00a60, C4<0>, C4<0>;
L_0x5b10b3f00c60 .functor NOT 1, L_0x5b10b3eee2f0, C4<0>, C4<0>, C4<0>;
L_0x5b10b3f00d70 .functor AND 1, L_0x5b10b3f00810, L_0x5b10b3f00c60, C4<1>, C4<1>;
L_0x5b10b3f00e80 .functor OR 1, L_0x5b10b3f008c0, L_0x5b10b3f00d70, C4<0>, C4<0>;
L_0x5b10b3f01040 .functor OR 1, L_0x5b10b3f00cd0, v0x5b10b3e243d0_0, C4<0>, C4<0>;
L_0x5b10b3f00b00 .functor NOT 1, L_0x5b10b3f08600, C4<0>, C4<0>, C4<0>;
L_0x5b10b3f00f90 .functor AND 1, L_0x5b10b3f01100, L_0x5b10b3f00b00, C4<1>, C4<1>;
L_0x5b10b3f01380 .functor NOT 1, L_0x5b10b3f08600, C4<0>, C4<0>, C4<0>;
L_0x5b10b3f01270 .functor AND 1, v0x5b10b3e25350_0, L_0x5b10b3f01380, C4<1>, C4<1>;
L_0x5b10b3f01600 .functor NOT 1, L_0x5b10b3f08600, C4<0>, C4<0>, C4<0>;
L_0x5b10b3f013f0 .functor AND 1, L_0x5b10b3f01510, L_0x5b10b3f01600, C4<1>, C4<1>;
L_0x5b10b3f011a0 .functor AND 1, L_0x5b10b3f01270, L_0x5b10b3f017a0, C4<1>, C4<1>;
L_0x5b10b3f01670 .functor NOT 1, L_0x5b10b3f00e80, C4<0>, C4<0>, C4<0>;
L_0x5b10b3f016e0 .functor AND 1, L_0x5b10b3f011a0, L_0x5b10b3f01670, C4<1>, C4<1>;
L_0x5b10b3f01840 .functor AND 5, L_0x5b10b3f01920, L_0x5b10b3f01b60, C4<11111>, C4<11111>;
L_0x5b10b3f01e70 .functor BUFZ 32, v0x5b10b3e22c90_0, C4<00000000000000000000000000000000>, C4<00000000000000000000000000000000>, C4<00000000000000000000000000000000>;
L_0x5b10b3f020a0 .functor BUFZ 32, v0x5b10b3e230f0_0, C4<00000000000000000000000000000000>, C4<00000000000000000000000000000000>, C4<00000000000000000000000000000000>;
L_0x5b10b3f02160 .functor BUFZ 32, v0x5b10b3e23550_0, C4<00000000000000000000000000000000>, C4<00000000000000000000000000000000>, C4<00000000000000000000000000000000>;
L_0x5b10b3f02350 .functor BUFZ 1, v0x5b10b3e20800_0, C4<0>, C4<0>, C4<0>;
L_0x5b10b3f022c0 .functor BUFZ 32, v0x5b10b3e20660_0, C4<00000000000000000000000000000000>, C4<00000000000000000000000000000000>, C4<00000000000000000000000000000000>;
v0x5b10b3e1dce0_0 .net *"_ivl_1", 1 0, L_0x5b10b3efe880;  1 drivers
v0x5b10b3e1dde0_0 .net *"_ivl_101", 0 0, L_0x5b10b3f01510;  1 drivers
v0x5b10b3e1dec0_0 .net *"_ivl_102", 0 0, L_0x5b10b3f01600;  1 drivers
v0x5b10b3e1df80_0 .net *"_ivl_107", 0 0, L_0x5b10b3f017a0;  1 drivers
v0x5b10b3e1e060_0 .net *"_ivl_109", 0 0, L_0x5b10b3f011a0;  1 drivers
v0x5b10b3e1e170_0 .net *"_ivl_110", 0 0, L_0x5b10b3f01670;  1 drivers
v0x5b10b3e1e250_0 .net *"_ivl_113", 0 0, L_0x5b10b3f016e0;  1 drivers
v0x5b10b3e1e310_0 .net *"_ivl_114", 4 0, L_0x5b10b3f01920;  1 drivers
v0x5b10b3e1e3f0_0 .net *"_ivl_117", 4 0, L_0x5b10b3f01b60;  1 drivers
L_0x7c1d1eaadaf0 .functor BUFT 1, C4<00>, C4<0>, C4<0>, C4<0>;
v0x5b10b3e1e4d0_0 .net/2u *"_ivl_2", 1 0, L_0x7c1d1eaadaf0;  1 drivers
v0x5b10b3e1e5b0_0 .net *"_ivl_23", 0 0, L_0x5b10b3eff1b0;  1 drivers
v0x5b10b3e1e690_0 .net *"_ivl_24", 4 0, L_0x5b10b3eff360;  1 drivers
v0x5b10b3e1e770_0 .net *"_ivl_27", 4 0, L_0x5b10b3eff400;  1 drivers
v0x5b10b3e1e850_0 .net *"_ivl_38", 0 0, L_0x5b10b3eff970;  1 drivers
v0x5b10b3e1e930_0 .net *"_ivl_4", 0 0, L_0x5b10b3efe970;  1 drivers
v0x5b10b3e1e9f0_0 .net *"_ivl_43", 0 0, L_0x5b10b3effaf0;  1 drivers
v0x5b10b3e1ead0_0 .net *"_ivl_45", 0 0, L_0x5b10b3effb90;  1 drivers
v0x5b10b3e1ebb0_0 .net *"_ivl_53", 0 0, L_0x5b10b3efff90;  1 drivers
v0x5b10b3e1ec90_0 .net *"_ivl_55", 0 0, L_0x5b10b3f00030;  1 drivers
v0x5b10b3e1ed50_0 .net *"_ivl_56", 0 0, L_0x5b10b3f000f0;  1 drivers
v0x5b10b3e1ee30_0 .net *"_ivl_59", 0 0, L_0x5b10b3f00160;  1 drivers
v0x5b10b3e1eef0_0 .net *"_ivl_60", 4 0, L_0x5b10b3f002e0;  1 drivers
v0x5b10b3e1efd0_0 .net *"_ivl_63", 4 0, L_0x5b10b3f00500;  1 drivers
v0x5b10b3e1f0b0_0 .net *"_ivl_69", 0 0, L_0x5b10b3f00770;  1 drivers
v0x5b10b3e1f190_0 .net *"_ivl_70", 0 0, L_0x5b10b3f00270;  1 drivers
v0x5b10b3e1f270_0 .net *"_ivl_73", 0 0, L_0x5b10b3f008c0;  1 drivers
v0x5b10b3e1f330_0 .net *"_ivl_75", 0 0, L_0x5b10b3f00460;  1 drivers
v0x5b10b3e1f410_0 .net *"_ivl_77", 0 0, L_0x5b10b3f00a60;  1 drivers
v0x5b10b3e1f4f0_0 .net *"_ivl_78", 0 0, L_0x5b10b3f00810;  1 drivers
v0x5b10b3e1f5d0_0 .net *"_ivl_80", 0 0, L_0x5b10b3f00c60;  1 drivers
v0x5b10b3e1f6b0_0 .net *"_ivl_82", 0 0, L_0x5b10b3f00d70;  1 drivers
v0x5b10b3e1f790_0 .net *"_ivl_91", 0 0, L_0x5b10b3f01100;  1 drivers
v0x5b10b3e1f870_0 .net *"_ivl_92", 0 0, L_0x5b10b3f00b00;  1 drivers
v0x5b10b3e1f950_0 .net *"_ivl_96", 0 0, L_0x5b10b3f01380;  1 drivers
v0x5b10b3e1fa30_0 .net "alu_e1_w", 0 0, L_0x5b10b3efebc0;  1 drivers
v0x5b10b3e1faf0_0 .net "alu_result_e1_i", 31 0, L_0x5b10b3f0e940;  alias, 1 drivers
v0x5b10b3e1fbb0_0 .net "branch_e1_o", 0 0, L_0x5b10b3eff0c0;  alias, 1 drivers
v0x5b10b3e1fc50_0 .net "branch_misaligned_w", 0 0, L_0x5b10b3efeab0;  1 drivers
v0x5b10b3e1fd10_0 .net "clk_i", 0 0, v0x5b10b3e64cc0_0;  alias, 1 drivers
v0x5b10b3e1fdb0_0 .net "complete_wb_w", 0 0, L_0x5b10b3f00f90;  1 drivers
v0x5b10b3e1fe70_0 .net "csr_e1_w", 0 0, L_0x5b10b3efee90;  1 drivers
v0x5b10b3e1ff30_0 .net "csr_result_exception_e1_i", 5 0, L_0x5b10b3ef43b0;  alias, 1 drivers
v0x5b10b3e1fff0_0 .net "csr_result_value_e1_i", 31 0, L_0x5b10b3ef4220;  alias, 1 drivers
v0x5b10b3e20100_0 .net "csr_result_wdata_e1_i", 31 0, L_0x5b10b3ef3170;  alias, 1 drivers
v0x5b10b3e20210_0 .net "csr_result_write_e1_i", 0 0, L_0x5b10b3ef3100;  alias, 1 drivers
v0x5b10b3e20300_0 .net "csr_waddr_wb_o", 11 0, L_0x5b10b3f02220;  1 drivers
v0x5b10b3e203e0_0 .net "csr_wb_o", 0 0, L_0x5b10b3f013f0;  1 drivers
v0x5b10b3e204a0_0 .var "csr_wdata_e2_q", 31 0;
v0x5b10b3e20580_0 .net "csr_wdata_wb_o", 31 0, L_0x5b10b3f022c0;  1 drivers
v0x5b10b3e20660_0 .var "csr_wdata_wb_q", 31 0;
v0x5b10b3e20740_0 .var "csr_wr_e2_q", 0 0;
v0x5b10b3e20800_0 .var "csr_wr_wb_q", 0 0;
v0x5b10b3e208c0_0 .net "csr_write_wb_o", 0 0, L_0x5b10b3f02350;  1 drivers
v0x5b10b3e20980_0 .var "ctrl_e1_q", 9 0;
v0x5b10b3e20a60_0 .var "ctrl_e2_q", 9 0;
v0x5b10b3e20b40_0 .var "ctrl_wb_q", 9 0;
v0x5b10b3e20c20_0 .net "div_complete_i", 0 0, v0x5b10b3c76ef0_0;  alias, 1 drivers
v0x5b10b3e20d10_0 .net "div_e1_w", 0 0, L_0x5b10b3efef30;  1 drivers
v0x5b10b3e20dd0_0 .net "div_result_i", 31 0, L_0x5b10b3ef8810;  alias, 1 drivers
v0x5b10b3e20ee0_0 .var "exception_e1_q", 5 0;
v0x5b10b3e20fc0_0 .var "exception_e2_q", 5 0;
v0x5b10b3e210a0_0 .var "exception_e2_r", 5 0;
v0x5b10b3e21180_0 .net "exception_wb_o", 5 0, v0x5b10b3e21260_0;  alias, 1 drivers
v0x5b10b3e21260_0 .var "exception_wb_q", 5 0;
L_0x7c1d1eaadb38 .functor BUFT 1, C4<1>, C4<0>, C4<0>, C4<0>;
v0x5b10b3e21340_0 .net "issue_accept_i", 0 0, L_0x7c1d1eaadb38;  1 drivers
v0x5b10b3e21400_0 .net "issue_branch_i", 0 0, L_0x5b10b3f02910;  1 drivers
v0x5b10b3e214c0_0 .net "issue_branch_taken_i", 0 0, v0x5b10b3e3c0a0_0;  1 drivers
v0x5b10b3e21580_0 .net "issue_branch_target_i", 31 0, v0x5b10b3e3c170_0;  1 drivers
L_0x7c1d1eaadb80 .functor BUFT 1, C4<0>, C4<0>, C4<0>, C4<0>;
v0x5b10b3e21660_0 .net "issue_csr_i", 0 0, L_0x7c1d1eaadb80;  1 drivers
L_0x7c1d1eaadbc8 .functor BUFT 1, C4<0>, C4<0>, C4<0>, C4<0>;
v0x5b10b3e21720_0 .net "issue_div_i", 0 0, L_0x7c1d1eaadbc8;  1 drivers
v0x5b10b3e217e0_0 .net "issue_exception_i", 5 0, v0x5b10b3e3c2e0_0;  1 drivers
v0x5b10b3e218c0_0 .net "issue_lsu_i", 0 0, L_0x5b10b3f02760;  1 drivers
v0x5b10b3e21980_0 .net "issue_mul_i", 0 0, L_0x5b10b3f02870;  1 drivers
v0x5b10b3e21a40_0 .net "issue_opcode_i", 31 0, v0x5b10b3e3c3b0_0;  1 drivers
v0x5b10b3e21b20_0 .net "issue_operand_ra_i", 31 0, v0x5b10b3e34d70_0;  alias, 1 drivers
v0x5b10b3e21be0_0 .net "issue_operand_rb_i", 31 0, v0x5b10b3e34ff0_0;  alias, 1 drivers
v0x5b10b3e21c80_0 .net "issue_pc_i", 31 0, v0x5b10b3e3c480_0;  1 drivers
v0x5b10b3e21d40_0 .net "issue_rd_i", 4 0, v0x5b10b3e3c8b0_0;  1 drivers
v0x5b10b3e21e20_0 .net "issue_rd_valid_i", 0 0, L_0x5b10b3f02640;  1 drivers
v0x5b10b3e21ee0_0 .net "issue_stall_i", 0 0, L_0x5b10b3f08600;  alias, 1 drivers
v0x5b10b3e21f80_0 .net "issue_valid_i", 0 0, v0x5b10b3e3c9a0_0;  1 drivers
v0x5b10b3e22020_0 .net "load_e1_o", 0 0, L_0x5b10b3efec60;  alias, 1 drivers
v0x5b10b3e220e0_0 .net "load_e2_o", 0 0, L_0x5b10b3effd20;  alias, 1 drivers
v0x5b10b3e221a0_0 .net "load_store_e2_w", 0 0, L_0x5b10b3eff4a0;  1 drivers
v0x5b10b3e22260_0 .net "mem_complete_i", 0 0, L_0x5b10b3eee2f0;  alias, 1 drivers
v0x5b10b3e22300_0 .net "mem_exception_e2_i", 5 0, L_0x5b10b3ef0310;  alias, 1 drivers
v0x5b10b3e223a0_0 .net "mem_result_e2_i", 31 0, L_0x5b10b3eee6a0;  alias, 1 drivers
v0x5b10b3e22440_0 .net "mul_e1_o", 0 0, L_0x5b10b3efefd0;  alias, 1 drivers
v0x5b10b3e224e0_0 .net "mul_e2_o", 0 0, L_0x5b10b3effe10;  alias, 1 drivers
v0x5b10b3e225a0_0 .net "mul_result_e2_i", 31 0, L_0x5b10b3ef64f0;  alias, 1 drivers
v0x5b10b3e22690_0 .var "npc_e1_q", 31 0;
v0x5b10b3e22750_0 .var "npc_e2_q", 31 0;
v0x5b10b3e22830_0 .var "npc_wb_q", 31 0;
v0x5b10b3e22910_0 .net "opcode_e1_o", 31 0, L_0x5b10b3eff6e0;  alias, 1 drivers
v0x5b10b3e229f0_0 .var "opcode_e1_q", 31 0;
v0x5b10b3e22ad0_0 .var "opcode_e2_q", 31 0;
v0x5b10b3e22bb0_0 .net "opcode_wb_o", 31 0, L_0x5b10b3f01e70;  alias, 1 drivers
v0x5b10b3e22c90_0 .var "opcode_wb_q", 31 0;
v0x5b10b3e22d70_0 .net "operand_ra_e1_o", 31 0, L_0x5b10b3eff7f0;  alias, 1 drivers
v0x5b10b3e22e50_0 .var "operand_ra_e1_q", 31 0;
v0x5b10b3e22f30_0 .var "operand_ra_e2_q", 31 0;
v0x5b10b3e23010_0 .net "operand_ra_wb_o", 31 0, L_0x5b10b3f020a0;  alias, 1 drivers
v0x5b10b3e230f0_0 .var "operand_ra_wb_q", 31 0;
v0x5b10b3e231d0_0 .net "operand_rb_e1_o", 31 0, L_0x5b10b3eff8b0;  alias, 1 drivers
v0x5b10b3e232b0_0 .var "operand_rb_e1_q", 31 0;
v0x5b10b3e23390_0 .var "operand_rb_e2_q", 31 0;
v0x5b10b3e23470_0 .net "operand_rb_wb_o", 31 0, L_0x5b10b3f02160;  alias, 1 drivers
v0x5b10b3e23550_0 .var "operand_rb_wb_q", 31 0;
v0x5b10b3e23630_0 .net "pc_e1_o", 31 0, L_0x5b10b3eff620;  alias, 1 drivers
v0x5b10b3e23710_0 .var "pc_e1_q", 31 0;
v0x5b10b3e237f0_0 .var "pc_e2_q", 31 0;
v0x5b10b3e238d0_0 .net "pc_wb_o", 31 0, v0x5b10b3e239b0_0;  alias, 1 drivers
v0x5b10b3e239b0_0 .var "pc_wb_q", 31 0;
v0x5b10b3e23a90_0 .net "rd_e1_o", 4 0, L_0x5b10b3eff510;  alias, 1 drivers
v0x5b10b3e23b70_0 .net "rd_e2_o", 4 0, L_0x5b10b3f005a0;  alias, 1 drivers
v0x5b10b3e23c50_0 .net "rd_wb_o", 4 0, L_0x5b10b3f01840;  alias, 1 drivers
v0x5b10b3e23d30_0 .net "result_e2_o", 31 0, L_0x5b10b3f006b0;  alias, 1 drivers
v0x5b10b3e23e10_0 .var "result_e2_q", 31 0;
v0x5b10b3e23ef0_0 .var "result_e2_r", 31 0;
v0x5b10b3e23fd0_0 .net "result_wb_o", 31 0, v0x5b10b3e240b0_0;  alias, 1 drivers
v0x5b10b3e240b0_0 .var "result_wb_q", 31 0;
v0x5b10b3e24190_0 .net "rst_i", 0 0, v0x5b10b3e65f10_0;  alias, 1 drivers
v0x5b10b3e24230_0 .net "squash_e1_e2_i", 0 0, L_0x5b10b3efc490;  alias, 1 drivers
v0x5b10b3e24300_0 .net "squash_e1_e2_o", 0 0, L_0x5b10b3f01040;  alias, 1 drivers
v0x5b10b3e243d0_0 .var "squash_e1_e2_q", 0 0;
v0x5b10b3e24470_0 .net "squash_e1_e2_w", 0 0, L_0x5b10b3f00cd0;  1 drivers
v0x5b10b3e24510_0 .net "squash_wb_i", 0 0, L_0x5b10b3efc490;  alias, 1 drivers
v0x5b10b3e24600_0 .net "stall_o", 0 0, L_0x5b10b3f00e80;  alias, 1 drivers
v0x5b10b3e246c0_0 .net "store_e1_o", 0 0, L_0x5b10b3efeda0;  alias, 1 drivers
v0x5b10b3e24f90_0 .net "take_interrupt_i", 0 0, L_0x5b10b3f02b70;  1 drivers
v0x5b10b3e25050_0 .var "valid_e1_q", 0 0;
v0x5b10b3e25110_0 .var "valid_e2_q", 0 0;
v0x5b10b3e251d0_0 .net "valid_e2_w", 0 0, L_0x5b10b3eff9e0;  1 drivers
v0x5b10b3e25290_0 .net "valid_wb_o", 0 0, L_0x5b10b3f01270;  alias, 1 drivers
v0x5b10b3e25350_0 .var "valid_wb_q", 0 0;
E_0x5b10b3d6c560/0 .event edge, v0x5b10b3e25110_0, v0x5b10b3e20a60_0, v0x5b10b3e19fd0_0, v0x5b10b3e1a070_0;
E_0x5b10b3d6c560/1 .event edge, v0x5b10b3e20fc0_0;
E_0x5b10b3d6c560 .event/or E_0x5b10b3d6c560/0, E_0x5b10b3d6c560/1;
E_0x5b10b3e1dc70/0 .event edge, v0x5b10b3e23e10_0, v0x5b10b3e251d0_0, v0x5b10b3e20a60_0, v0x5b10b3e1a110_0;
E_0x5b10b3e1dc70/1 .event edge, v0x5b10b3e1a2f0_0;
E_0x5b10b3e1dc70 .event/or E_0x5b10b3e1dc70/0, E_0x5b10b3e1dc70/1;
L_0x5b10b3efe880 .part v0x5b10b3e3c170_0, 0, 2;
L_0x5b10b3efe970 .cmp/ne 2, L_0x5b10b3efe880, L_0x7c1d1eaadaf0;
L_0x5b10b3efebc0 .part v0x5b10b3e20980_0, 0, 1;
L_0x5b10b3efec60 .part v0x5b10b3e20980_0, 1, 1;
L_0x5b10b3efeda0 .part v0x5b10b3e20980_0, 2, 1;
L_0x5b10b3efee90 .part v0x5b10b3e20980_0, 3, 1;
L_0x5b10b3efef30 .part v0x5b10b3e20980_0, 4, 1;
L_0x5b10b3efefd0 .part v0x5b10b3e20980_0, 5, 1;
L_0x5b10b3eff0c0 .part v0x5b10b3e20980_0, 6, 1;
L_0x5b10b3eff1b0 .part v0x5b10b3e20980_0, 7, 1;
LS_0x5b10b3eff360_0_0 .concat [ 1 1 1 1], L_0x5b10b3eff1b0, L_0x5b10b3eff1b0, L_0x5b10b3eff1b0, L_0x5b10b3eff1b0;
LS_0x5b10b3eff360_0_4 .concat [ 1 0 0 0], L_0x5b10b3eff1b0;
L_0x5b10b3eff360 .concat [ 4 1 0 0], LS_0x5b10b3eff360_0_0, LS_0x5b10b3eff360_0_4;
L_0x5b10b3eff400 .part v0x5b10b3e229f0_0, 7, 5;
L_0x5b10b3effaf0 .part v0x5b10b3e20a60_0, 1, 1;
L_0x5b10b3effb90 .part v0x5b10b3e20a60_0, 2, 1;
L_0x5b10b3effd20 .part v0x5b10b3e20a60_0, 1, 1;
L_0x5b10b3effe10 .part v0x5b10b3e20a60_0, 5, 1;
L_0x5b10b3efff90 .part v0x5b10b3e20a60_0, 7, 1;
LS_0x5b10b3f002e0_0_0 .concat [ 1 1 1 1], L_0x5b10b3f00160, L_0x5b10b3f00160, L_0x5b10b3f00160, L_0x5b10b3f00160;
LS_0x5b10b3f002e0_0_4 .concat [ 1 0 0 0], L_0x5b10b3f00160;
L_0x5b10b3f002e0 .concat [ 4 1 0 0], LS_0x5b10b3f002e0_0_0, LS_0x5b10b3f002e0_0_4;
L_0x5b10b3f00500 .part v0x5b10b3e22ad0_0, 7, 5;
L_0x5b10b3f00770 .part v0x5b10b3e20980_0, 4, 1;
L_0x5b10b3f00460 .part v0x5b10b3e20a60_0, 1, 1;
L_0x5b10b3f00a60 .part v0x5b10b3e20a60_0, 2, 1;
L_0x5b10b3f00cd0 .reduce/or v0x5b10b3e210a0_0;
L_0x5b10b3f01100 .part v0x5b10b3e20b40_0, 9, 1;
L_0x5b10b3f01510 .part v0x5b10b3e20b40_0, 3, 1;
L_0x5b10b3f017a0 .part v0x5b10b3e20b40_0, 7, 1;
LS_0x5b10b3f01920_0_0 .concat [ 1 1 1 1], L_0x5b10b3f016e0, L_0x5b10b3f016e0, L_0x5b10b3f016e0, L_0x5b10b3f016e0;
LS_0x5b10b3f01920_0_4 .concat [ 1 0 0 0], L_0x5b10b3f016e0;
L_0x5b10b3f01920 .concat [ 4 1 0 0], LS_0x5b10b3f01920_0_0, LS_0x5b10b3f01920_0_4;
L_0x5b10b3f01b60 .part v0x5b10b3e22c90_0, 7, 5;
L_0x5b10b3f02220 .part v0x5b10b3e22c90_0, 20, 12;
S_0x5b10b3e25d80 .scope module, "u_regfile" "biriscv_regfile" 16 908, 18 25 0, S_0x5b10b3e14850;
 .timescale 0 0;
    .port_info 0 /INPUT 1 "clk_i";
    .port_info 1 /INPUT 1 "rst_i";
    .port_info 2 /INPUT 5 "rd0_i";
    .port_info 3 /INPUT 5 "rd1_i";
    .port_info 4 /INPUT 32 "rd0_value_i";
    .port_info 5 /INPUT 32 "rd1_value_i";
    .port_info 6 /INPUT 5 "ra0_i";
    .port_info 7 /INPUT 5 "rb0_i";
    .port_info 8 /INPUT 5 "ra1_i";
    .port_info 9 /INPUT 5 "rb1_i";
    .port_info 10 /OUTPUT 32 "ra0_value_o";
    .port_info 11 /OUTPUT 32 "rb0_value_o";
    .port_info 12 /OUTPUT 32 "ra1_value_o";
    .port_info 13 /OUTPUT 32 "rb1_value_o";
P_0x5b10b3c29460 .param/l "SUPPORT_DUAL_ISSUE" 0 18 31, +C4<00000000000000000000000000000001>;
P_0x5b10b3c294a0 .param/l "SUPPORT_REGFILE_XILINX" 0 18 30, +C4<00000000000000000000000000000000>;
v0x5b10b3e2a180_0 .net "clk_i", 0 0, v0x5b10b3e64cc0_0;  alias, 1 drivers
v0x5b10b3e2a240_0 .net "ra0_i", 4 0, L_0x5b10b3ef8990;  alias, 1 drivers
v0x5b10b3e2a320_0 .net "ra0_value_o", 31 0, L_0x5b10b3f09ae0;  alias, 1 drivers
v0x5b10b3e2a3e0_0 .net "ra1_i", 4 0, L_0x5b10b3ef9210;  alias, 1 drivers
v0x5b10b3e2a4c0_0 .net "ra1_value_o", 31 0, L_0x5b10b3f09a50;  alias, 1 drivers
v0x5b10b3e2a5a0_0 .net "rb0_i", 4 0, L_0x5b10b3ef8a30;  alias, 1 drivers
v0x5b10b3e2a680_0 .net "rb0_value_o", 31 0, L_0x5b10b3f099e0;  alias, 1 drivers
v0x5b10b3e2a760_0 .net "rb1_i", 4 0, L_0x5b10b3ef9330;  alias, 1 drivers
v0x5b10b3e2a840_0 .net "rb1_value_o", 31 0, L_0x5b10b3f09c70;  alias, 1 drivers
v0x5b10b3e2a920_0 .net "rd0_i", 4 0, L_0x5b10b3efcc40;  alias, 1 drivers
v0x5b10b3e2a9e0_0 .net "rd0_value_i", 31 0, v0x5b10b3e1b730_0;  alias, 1 drivers
v0x5b10b3e2aab0_0 .net "rd1_i", 4 0, L_0x5b10b3f01840;  alias, 1 drivers
v0x5b10b3e2ab80_0 .net "rd1_value_i", 31 0, v0x5b10b3e240b0_0;  alias, 1 drivers
v0x5b10b3e2ac50_0 .net "rst_i", 0 0, v0x5b10b3e65f10_0;  alias, 1 drivers
S_0x5b10b3e261c0 .scope generate, "REGFILE" "REGFILE" 18 161, 18 161 0, S_0x5b10b3e25d80;
 .timescale 0 0;
L_0x5b10b3f088f0 .functor BUFZ 32, v0x5b10b3e27320_0, C4<00000000000000000000000000000000>, C4<00000000000000000000000000000000>, C4<00000000000000000000000000000000>;
L_0x5b10b3f08960 .functor BUFZ 32, v0x5b10b3e27cc0_0, C4<00000000000000000000000000000000>, C4<00000000000000000000000000000000>, C4<00000000000000000000000000000000>;
L_0x5b10b3f089d0 .functor BUFZ 32, v0x5b10b3e27f60_0, C4<00000000000000000000000000000000>, C4<00000000000000000000000000000000>, C4<00000000000000000000000000000000>;
L_0x5b10b3f08a40 .functor BUFZ 32, v0x5b10b3e28040_0, C4<00000000000000000000000000000000>, C4<00000000000000000000000000000000>, C4<00000000000000000000000000000000>;
L_0x5b10b3f08ab0 .functor BUFZ 32, v0x5b10b3e28120_0, C4<00000000000000000000000000000000>, C4<00000000000000000000000000000000>, C4<00000000000000000000000000000000>;
L_0x5b10b3f08b20 .functor BUFZ 32, v0x5b10b3e28200_0, C4<00000000000000000000000000000000>, C4<00000000000000000000000000000000>, C4<00000000000000000000000000000000>;
L_0x5b10b3f08b90 .functor BUFZ 32, v0x5b10b3e282e0_0, C4<00000000000000000000000000000000>, C4<00000000000000000000000000000000>, C4<00000000000000000000000000000000>;
L_0x5b10b3f08c00 .functor BUFZ 32, v0x5b10b3e283c0_0, C4<00000000000000000000000000000000>, C4<00000000000000000000000000000000>, C4<00000000000000000000000000000000>;
L_0x5b10b3f08cc0 .functor BUFZ 32, v0x5b10b3e284a0_0, C4<00000000000000000000000000000000>, C4<00000000000000000000000000000000>, C4<00000000000000000000000000000000>;
L_0x5b10b3f08d30 .functor BUFZ 32, v0x5b10b3e26a10_0, C4<00000000000000000000000000000000>, C4<00000000000000000000000000000000>, C4<00000000000000000000000000000000>;
L_0x5b10b3f08da0 .functor BUFZ 32, v0x5b10b3e26b40_0, C4<00000000000000000000000000000000>, C4<00000000000000000000000000000000>, C4<00000000000000000000000000000000>;
L_0x5b10b3f08e10 .functor BUFZ 32, v0x5b10b3e26c20_0, C4<00000000000000000000000000000000>, C4<00000000000000000000000000000000>, C4<00000000000000000000000000000000>;
L_0x5b10b3f08ef0 .functor BUFZ 32, v0x5b10b3e26d00_0, C4<00000000000000000000000000000000>, C4<00000000000000000000000000000000>, C4<00000000000000000000000000000000>;
L_0x5b10b3f08f60 .functor BUFZ 32, v0x5b10b3e26de0_0, C4<00000000000000000000000000000000>, C4<00000000000000000000000000000000>, C4<00000000000000000000000000000000>;
L_0x5b10b3f08e80 .functor BUFZ 32, v0x5b10b3e26ec0_0, C4<00000000000000000000000000000000>, C4<00000000000000000000000000000000>, C4<00000000000000000000000000000000>;
L_0x5b10b3f08fd0 .functor BUFZ 32, v0x5b10b3e26fa0_0, C4<00000000000000000000000000000000>, C4<00000000000000000000000000000000>, C4<00000000000000000000000000000000>;
L_0x5b10b3f090d0 .functor BUFZ 32, v0x5b10b3e27080_0, C4<00000000000000000000000000000000>, C4<00000000000000000000000000000000>, C4<00000000000000000000000000000000>;
L_0x5b10b3f09140 .functor BUFZ 32, v0x5b10b3e27160_0, C4<00000000000000000000000000000000>, C4<00000000000000000000000000000000>, C4<00000000000000000000000000000000>;
L_0x5b10b3f09250 .functor BUFZ 32, v0x5b10b3e27240_0, C4<00000000000000000000000000000000>, C4<00000000000000000000000000000000>, C4<00000000000000000000000000000000>;
L_0x5b10b3f092c0 .functor BUFZ 32, v0x5b10b3e27400_0, C4<00000000000000000000000000000000>, C4<00000000000000000000000000000000>, C4<00000000000000000000000000000000>;
L_0x5b10b3f093e0 .functor BUFZ 32, v0x5b10b3e274e0_0, C4<00000000000000000000000000000000>, C4<00000000000000000000000000000000>, C4<00000000000000000000000000000000>;
L_0x5b10b3f09450 .functor BUFZ 32, v0x5b10b3e275c0_0, C4<00000000000000000000000000000000>, C4<00000000000000000000000000000000>, C4<00000000000000000000000000000000>;
L_0x5b10b3f09330 .functor BUFZ 32, v0x5b10b3e276a0_0, C4<00000000000000000000000000000000>, C4<00000000000000000000000000000000>, C4<00000000000000000000000000000000>;
L_0x5b10b3f09580 .functor BUFZ 32, v0x5b10b3e27780_0, C4<00000000000000000000000000000000>, C4<00000000000000000000000000000000>, C4<00000000000000000000000000000000>;
L_0x5b10b3f094c0 .functor BUFZ 32, v0x5b10b3e27860_0, C4<00000000000000000000000000000000>, C4<00000000000000000000000000000000>, C4<00000000000000000000000000000000>;
L_0x5b10b3f096c0 .functor BUFZ 32, v0x5b10b3e27940_0, C4<00000000000000000000000000000000>, C4<00000000000000000000000000000000>, C4<00000000000000000000000000000000>;
L_0x5b10b3f095f0 .functor BUFZ 32, v0x5b10b3e27a20_0, C4<00000000000000000000000000000000>, C4<00000000000000000000000000000000>, C4<00000000000000000000000000000000>;
L_0x5b10b3f09810 .functor BUFZ 32, v0x5b10b3e27b00_0, C4<00000000000000000000000000000000>, C4<00000000000000000000000000000000>, C4<00000000000000000000000000000000>;
L_0x5b10b3f09730 .functor BUFZ 32, v0x5b10b3e27be0_0, C4<00000000000000000000000000000000>, C4<00000000000000000000000000000000>, C4<00000000000000000000000000000000>;
L_0x5b10b3f09970 .functor BUFZ 32, v0x5b10b3e27da0_0, C4<00000000000000000000000000000000>, C4<00000000000000000000000000000000>, C4<00000000000000000000000000000000>;
L_0x5b10b3f09880 .functor BUFZ 32, v0x5b10b3e27e80_0, C4<00000000000000000000000000000000>, C4<00000000000000000000000000000000>, C4<00000000000000000000000000000000>;
L_0x5b10b3f09ae0 .functor BUFZ 32, v0x5b10b3e26660_0, C4<00000000000000000000000000000000>, C4<00000000000000000000000000000000>, C4<00000000000000000000000000000000>;
L_0x5b10b3f099e0 .functor BUFZ 32, v0x5b10b3e26840_0, C4<00000000000000000000000000000000>, C4<00000000000000000000000000000000>, C4<00000000000000000000000000000000>;
L_0x5b10b3f09a50 .functor BUFZ 32, v0x5b10b3e26760_0, C4<00000000000000000000000000000000>, C4<00000000000000000000000000000000>, C4<00000000000000000000000000000000>;
L_0x5b10b3f09c70 .functor BUFZ 32, v0x5b10b3e26930_0, C4<00000000000000000000000000000000>, C4<00000000000000000000000000000000>, C4<00000000000000000000000000000000>;
v0x5b10b3e26660_0 .var "ra0_value_r", 31 0;
v0x5b10b3e26760_0 .var "ra1_value_r", 31 0;
v0x5b10b3e26840_0 .var "rb0_value_r", 31 0;
v0x5b10b3e26930_0 .var "rb1_value_r", 31 0;
v0x5b10b3e26a10_0 .var "reg_r10_q", 31 0;
v0x5b10b3e26b40_0 .var "reg_r11_q", 31 0;
v0x5b10b3e26c20_0 .var "reg_r12_q", 31 0;
v0x5b10b3e26d00_0 .var "reg_r13_q", 31 0;
v0x5b10b3e26de0_0 .var "reg_r14_q", 31 0;
v0x5b10b3e26ec0_0 .var "reg_r15_q", 31 0;
v0x5b10b3e26fa0_0 .var "reg_r16_q", 31 0;
v0x5b10b3e27080_0 .var "reg_r17_q", 31 0;
v0x5b10b3e27160_0 .var "reg_r18_q", 31 0;
v0x5b10b3e27240_0 .var "reg_r19_q", 31 0;
v0x5b10b3e27320_0 .var "reg_r1_q", 31 0;
v0x5b10b3e27400_0 .var "reg_r20_q", 31 0;
v0x5b10b3e274e0_0 .var "reg_r21_q", 31 0;
v0x5b10b3e275c0_0 .var "reg_r22_q", 31 0;
v0x5b10b3e276a0_0 .var "reg_r23_q", 31 0;
v0x5b10b3e27780_0 .var "reg_r24_q", 31 0;
v0x5b10b3e27860_0 .var "reg_r25_q", 31 0;
v0x5b10b3e27940_0 .var "reg_r26_q", 31 0;
v0x5b10b3e27a20_0 .var "reg_r27_q", 31 0;
v0x5b10b3e27b00_0 .var "reg_r28_q", 31 0;
v0x5b10b3e27be0_0 .var "reg_r29_q", 31 0;
v0x5b10b3e27cc0_0 .var "reg_r2_q", 31 0;
v0x5b10b3e27da0_0 .var "reg_r30_q", 31 0;
v0x5b10b3e27e80_0 .var "reg_r31_q", 31 0;
v0x5b10b3e27f60_0 .var "reg_r3_q", 31 0;
v0x5b10b3e28040_0 .var "reg_r4_q", 31 0;
v0x5b10b3e28120_0 .var "reg_r5_q", 31 0;
v0x5b10b3e28200_0 .var "reg_r6_q", 31 0;
v0x5b10b3e282e0_0 .var "reg_r7_q", 31 0;
v0x5b10b3e283c0_0 .var "reg_r8_q", 31 0;
v0x5b10b3e284a0_0 .var "reg_r9_q", 31 0;
L_0x7c1d1eaadc10 .functor BUFT 1, C4<00000000000000000000000000000000>, C4<0>, C4<0>, C4<0>;
v0x5b10b3e28580_0 .net "x0_zero_w", 31 0, L_0x7c1d1eaadc10;  1 drivers
v0x5b10b3e28660_0 .net "x10_a0_w", 31 0, L_0x5b10b3f08d30;  1 drivers
v0x5b10b3e28740_0 .net "x11_a1_w", 31 0, L_0x5b10b3f08da0;  1 drivers
v0x5b10b3e28820_0 .net "x12_a2_w", 31 0, L_0x5b10b3f08e10;  1 drivers
v0x5b10b3e28900_0 .net "x13_a3_w", 31 0, L_0x5b10b3f08ef0;  1 drivers
v0x5b10b3e289e0_0 .net "x14_a4_w", 31 0, L_0x5b10b3f08f60;  1 drivers
v0x5b10b3e28ac0_0 .net "x15_a5_w", 31 0, L_0x5b10b3f08e80;  1 drivers
v0x5b10b3e28ba0_0 .net "x16_a6_w", 31 0, L_0x5b10b3f08fd0;  1 drivers
v0x5b10b3e28c80_0 .net "x17_a7_w", 31 0, L_0x5b10b3f090d0;  1 drivers
v0x5b10b3e28d60_0 .net "x18_s2_w", 31 0, L_0x5b10b3f09140;  1 drivers
v0x5b10b3e28e40_0 .net "x19_s3_w", 31 0, L_0x5b10b3f09250;  1 drivers
v0x5b10b3e28f20_0 .net "x1_ra_w", 31 0, L_0x5b10b3f088f0;  1 drivers
v0x5b10b3e29000_0 .net "x20_s4_w", 31 0, L_0x5b10b3f092c0;  1 drivers
v0x5b10b3e290e0_0 .net "x21_s5_w", 31 0, L_0x5b10b3f093e0;  1 drivers
v0x5b10b3e291c0_0 .net "x22_s6_w", 31 0, L_0x5b10b3f09450;  1 drivers
v0x5b10b3e292a0_0 .net "x23_s7_w", 31 0, L_0x5b10b3f09330;  1 drivers
v0x5b10b3e29380_0 .net "x24_s8_w", 31 0, L_0x5b10b3f09580;  1 drivers
v0x5b10b3e29460_0 .net "x25_s9_w", 31 0, L_0x5b10b3f094c0;  1 drivers
v0x5b10b3e29540_0 .net "x26_s10_w", 31 0, L_0x5b10b3f096c0;  1 drivers
v0x5b10b3e29620_0 .net "x27_s11_w", 31 0, L_0x5b10b3f095f0;  1 drivers
v0x5b10b3e29700_0 .net "x28_t3_w", 31 0, L_0x5b10b3f09810;  1 drivers
v0x5b10b3e297e0_0 .net "x29_t4_w", 31 0, L_0x5b10b3f09730;  1 drivers
v0x5b10b3e298c0_0 .net "x2_sp_w", 31 0, L_0x5b10b3f08960;  1 drivers
v0x5b10b3e299a0_0 .net "x30_t5_w", 31 0, L_0x5b10b3f09970;  1 drivers
v0x5b10b3e29a80_0 .net "x31_t6_w", 31 0, L_0x5b10b3f09880;  1 drivers
v0x5b10b3e29b60_0 .net "x3_gp_w", 31 0, L_0x5b10b3f089d0;  1 drivers
v0x5b10b3e29c40_0 .net "x4_tp_w", 31 0, L_0x5b10b3f08a40;  1 drivers
v0x5b10b3e29d20_0 .net "x5_t0_w", 31 0, L_0x5b10b3f08ab0;  1 drivers
v0x5b10b3e29e00_0 .net "x6_t1_w", 31 0, L_0x5b10b3f08b20;  1 drivers
v0x5b10b3e29ee0_0 .net "x7_t2_w", 31 0, L_0x5b10b3f08b90;  1 drivers
v0x5b10b3e29fc0_0 .net "x8_s0_w", 31 0, L_0x5b10b3f08c00;  1 drivers
v0x5b10b3e2a0a0_0 .net "x9_s1_w", 31 0, L_0x5b10b3f08cc0;  1 drivers
E_0x5b10b3e263a0/0 .event edge, v0x5b10b3e2a3e0_0, v0x5b10b3e27320_0, v0x5b10b3e27cc0_0, v0x5b10b3e27f60_0;
E_0x5b10b3e263a0/1 .event edge, v0x5b10b3e28040_0, v0x5b10b3e28120_0, v0x5b10b3e28200_0, v0x5b10b3e282e0_0;
E_0x5b10b3e263a0/2 .event edge, v0x5b10b3e283c0_0, v0x5b10b3e284a0_0, v0x5b10b3e26a10_0, v0x5b10b3e26b40_0;
E_0x5b10b3e263a0/3 .event edge, v0x5b10b3e26c20_0, v0x5b10b3e26d00_0, v0x5b10b3e26de0_0, v0x5b10b3e26ec0_0;
E_0x5b10b3e263a0/4 .event edge, v0x5b10b3e26fa0_0, v0x5b10b3e27080_0, v0x5b10b3e27160_0, v0x5b10b3e27240_0;
E_0x5b10b3e263a0/5 .event edge, v0x5b10b3e27400_0, v0x5b10b3e274e0_0, v0x5b10b3e275c0_0, v0x5b10b3e276a0_0;
E_0x5b10b3e263a0/6 .event edge, v0x5b10b3e27780_0, v0x5b10b3e27860_0, v0x5b10b3e27940_0, v0x5b10b3e27a20_0;
E_0x5b10b3e263a0/7 .event edge, v0x5b10b3e27b00_0, v0x5b10b3e27be0_0, v0x5b10b3e27da0_0, v0x5b10b3e27e80_0;
E_0x5b10b3e263a0/8 .event edge, v0x5b10b3e2a760_0;
E_0x5b10b3e263a0 .event/or E_0x5b10b3e263a0/0, E_0x5b10b3e263a0/1, E_0x5b10b3e263a0/2, E_0x5b10b3e263a0/3, E_0x5b10b3e263a0/4, E_0x5b10b3e263a0/5, E_0x5b10b3e263a0/6, E_0x5b10b3e263a0/7, E_0x5b10b3e263a0/8;
E_0x5b10b3e26510/0 .event edge, v0x5b10b3e2a240_0, v0x5b10b3e27320_0, v0x5b10b3e27cc0_0, v0x5b10b3e27f60_0;
E_0x5b10b3e26510/1 .event edge, v0x5b10b3e28040_0, v0x5b10b3e28120_0, v0x5b10b3e28200_0, v0x5b10b3e282e0_0;
E_0x5b10b3e26510/2 .event edge, v0x5b10b3e283c0_0, v0x5b10b3e284a0_0, v0x5b10b3e26a10_0, v0x5b10b3e26b40_0;
E_0x5b10b3e26510/3 .event edge, v0x5b10b3e26c20_0, v0x5b10b3e26d00_0, v0x5b10b3e26de0_0, v0x5b10b3e26ec0_0;
E_0x5b10b3e26510/4 .event edge, v0x5b10b3e26fa0_0, v0x5b10b3e27080_0, v0x5b10b3e27160_0, v0x5b10b3e27240_0;
E_0x5b10b3e26510/5 .event edge, v0x5b10b3e27400_0, v0x5b10b3e274e0_0, v0x5b10b3e275c0_0, v0x5b10b3e276a0_0;
E_0x5b10b3e26510/6 .event edge, v0x5b10b3e27780_0, v0x5b10b3e27860_0, v0x5b10b3e27940_0, v0x5b10b3e27a20_0;
E_0x5b10b3e26510/7 .event edge, v0x5b10b3e27b00_0, v0x5b10b3e27be0_0, v0x5b10b3e27da0_0, v0x5b10b3e27e80_0;
E_0x5b10b3e26510/8 .event edge, v0x5b10b3e2a5a0_0;
E_0x5b10b3e26510 .event/or E_0x5b10b3e26510/0, E_0x5b10b3e26510/1, E_0x5b10b3e26510/2, E_0x5b10b3e26510/3, E_0x5b10b3e26510/4, E_0x5b10b3e26510/5, E_0x5b10b3e26510/6, E_0x5b10b3e26510/7, E_0x5b10b3e26510/8;
S_0x5b10b3e149e0 .scope module, "u_lsu" "biriscv_lsu" 5 406, 19 26 0, S_0x5b10b3bef750;
 .timescale 0 0;
    .port_info 0 /INPUT 1 "clk_i";
    .port_info 1 /INPUT 1 "rst_i";
    .port_info 2 /INPUT 1 "opcode_valid_i";
    .port_info 3 /INPUT 32 "opcode_opcode_i";
    .port_info 4 /INPUT 32 "opcode_pc_i";
    .port_info 5 /INPUT 1 "opcode_invalid_i";
    .port_info 6 /INPUT 5 "opcode_rd_idx_i";
    .port_info 7 /INPUT 5 "opcode_ra_idx_i";
    .port_info 8 /INPUT 5 "opcode_rb_idx_i";
    .port_info 9 /INPUT 32 "opcode_ra_operand_i";
    .port_info 10 /INPUT 32 "opcode_rb_operand_i";
    .port_info 11 /INPUT 32 "mem_data_rd_i";
    .port_info 12 /INPUT 1 "mem_accept_i";
    .port_info 13 /INPUT 1 "mem_ack_i";
    .port_info 14 /INPUT 1 "mem_error_i";
    .port_info 15 /INPUT 11 "mem_resp_tag_i";
    .port_info 16 /INPUT 1 "mem_load_fault_i";
    .port_info 17 /INPUT 1 "mem_store_fault_i";
    .port_info 18 /OUTPUT 32 "mem_addr_o";
    .port_info 19 /OUTPUT 32 "mem_data_wr_o";
    .port_info 20 /OUTPUT 1 "mem_rd_o";
    .port_info 21 /OUTPUT 4 "mem_wr_o";
    .port_info 22 /OUTPUT 1 "mem_cacheable_o";
    .port_info 23 /OUTPUT 11 "mem_req_tag_o";
    .port_info 24 /OUTPUT 1 "mem_invalidate_o";
    .port_info 25 /OUTPUT 1 "mem_writeback_o";
    .port_info 26 /OUTPUT 1 "mem_flush_o";
    .port_info 27 /OUTPUT 1 "writeback_valid_o";
    .port_info 28 /OUTPUT 32 "writeback_value_o";
    .port_info 29 /OUTPUT 6 "writeback_exception_o";
    .port_info 30 /OUTPUT 1 "stall_o";
P_0x5b10b3e14bc0 .param/l "MEM_CACHE_ADDR_MAX" 0 19 32, C4<10001111111111111111111111111111>;
P_0x5b10b3e14c00 .param/l "MEM_CACHE_ADDR_MIN" 0 19 31, C4<10000000000000000000000000000000>;
L_0x5b10b3ee2ae0 .functor OR 1, L_0x5b10b3eea5d0, L_0x5b10b3ee24d0, C4<0>, C4<0>;
L_0x5b10b3ee2be0 .functor OR 1, L_0x5b10b3ee2ae0, v0x5b10b3e4c440_0, C4<0>, C4<0>;
L_0x5b10b3ee2ce0 .functor OR 1, L_0x5b10b3ee2be0, v0x5b10b3e4b6e0_0, C4<0>, C4<0>;
L_0x5b10b3ee2de0 .functor OR 1, L_0x5b10b3ee2ce0, v0x5b10b3e4b560_0, C4<0>, C4<0>;
L_0x5b10b3ee2ee0 .functor AND 1, L_0x5b10b3ee2de0, L_0x5b10b3ee2890, C4<1>, C4<1>;
L_0x5b10b3ee2fe0 .functor NOT 1, v0x5b10b3e4b3e0_0, C4<0>, C4<0>, C4<0>;
L_0x5b10b3ee3050 .functor AND 1, v0x5b10b3e4aac0_0, L_0x5b10b3ee2fe0, C4<1>, C4<1>;
L_0x5b10b3ee30c0 .functor AND 1, v0x5b10b3e4aac0_0, v0x5b10b3e4b3e0_0, C4<1>, C4<1>;
L_0x5b10b3ee31d0 .functor AND 1, v0x5b10b3e4cda0_0, L_0x5b10b3ee3130, C4<1>, C4<1>;
L_0x7c1d1eaaada8 .functor BUFT 1, C4<00000000000000000111000001111111>, C4<0>, C4<0>, C4<0>;
L_0x5b10b3ee3240 .functor AND 32, L_0x5b10b3f091b0, L_0x7c1d1eaaada8, C4<11111111111111111111111111111111>, C4<11111111111111111111111111111111>;
L_0x7c1d1eaaae38 .functor BUFT 1, C4<00000000000000000111000001111111>, C4<0>, C4<0>, C4<0>;
L_0x5b10b3ee3350 .functor AND 32, L_0x5b10b3f091b0, L_0x7c1d1eaaae38, C4<11111111111111111111111111111111>, C4<11111111111111111111111111111111>;
L_0x5b10b3ee34f0 .functor OR 1, L_0x5b10b3ee32b0, L_0x5b10b3ee3450, C4<0>, C4<0>;
L_0x7c1d1eaaaec8 .functor BUFT 1, C4<00000000000000000111000001111111>, C4<0>, C4<0>, C4<0>;
L_0x5b10b3ee35d0 .functor AND 32, L_0x5b10b3f091b0, L_0x7c1d1eaaaec8, C4<11111111111111111111111111111111>, C4<11111111111111111111111111111111>;
L_0x5b10b3ee36e0 .functor OR 1, L_0x5b10b3ee34f0, L_0x5b10b3ee3640, C4<0>, C4<0>;
L_0x7c1d1eaaaf58 .functor BUFT 1, C4<00000000000000000111000001111111>, C4<0>, C4<0>, C4<0>;
L_0x5b10b3ee3560 .functor AND 32, L_0x5b10b3f091b0, L_0x7c1d1eaaaf58, C4<11111111111111111111111111111111>, C4<11111111111111111111111111111111>;
L_0x5b10b3ee37f0 .functor OR 1, L_0x5b10b3ee36e0, L_0x5b10b3ee3750, C4<0>, C4<0>;
L_0x7c1d1eaaafe8 .functor BUFT 1, C4<00000000000000000111000001111111>, C4<0>, C4<0>, C4<0>;
L_0x5b10b3ee38f0 .functor AND 32, L_0x5b10b3f091b0, L_0x7c1d1eaaafe8, C4<11111111111111111111111111111111>, C4<11111111111111111111111111111111>;
L_0x5b10b3ee3aa0 .functor OR 1, L_0x5b10b3ee37f0, L_0x5b10b3ee3960, C4<0>, C4<0>;
L_0x7c1d1eaab078 .functor BUFT 1, C4<00000000000000000111000001111111>, C4<0>, C4<0>, C4<0>;
L_0x5b10b3ee3c50 .functor AND 32, L_0x5b10b3f091b0, L_0x7c1d1eaab078, C4<11111111111111111111111111111111>, C4<11111111111111111111111111111111>;
L_0x5b10b3ee3ea0 .functor OR 1, L_0x5b10b3ee3aa0, L_0x5b10b3ee3d10, C4<0>, C4<0>;
L_0x7c1d1eaab108 .functor BUFT 1, C4<00000000000000000111000001111111>, C4<0>, C4<0>, C4<0>;
L_0x5b10b3ee4060 .functor AND 32, L_0x5b10b3f091b0, L_0x7c1d1eaab108, C4<11111111111111111111111111111111>, C4<11111111111111111111111111111111>;
L_0x7c1d1eaab198 .functor BUFT 1, C4<00000000000000000111000001111111>, C4<0>, C4<0>, C4<0>;
L_0x5b10b3ee41c0 .functor AND 32, L_0x5b10b3f091b0, L_0x7c1d1eaab198, C4<11111111111111111111111111111111>, C4<11111111111111111111111111111111>;
L_0x5b10b3ee43e0 .functor OR 1, L_0x5b10b3ee3bb0, L_0x5b10b3ee3fb0, C4<0>, C4<0>;
L_0x7c1d1eaab228 .functor BUFT 1, C4<00000000000000000111000001111111>, C4<0>, C4<0>, C4<0>;
L_0x5b10b3ee44a0 .functor AND 32, L_0x5b10b3f091b0, L_0x7c1d1eaab228, C4<11111111111111111111111111111111>, C4<11111111111111111111111111111111>;
L_0x5b10b3ee4770 .functor OR 1, L_0x5b10b3ee43e0, L_0x5b10b3ee4630, C4<0>, C4<0>;
L_0x7c1d1eaab2b8 .functor BUFT 1, C4<00000000000000000111000001111111>, C4<0>, C4<0>, C4<0>;
L_0x5b10b3ee4880 .functor AND 32, L_0x5b10b3f091b0, L_0x7c1d1eaab2b8, C4<11111111111111111111111111111111>, C4<11111111111111111111111111111111>;
L_0x7c1d1eaab348 .functor BUFT 1, C4<00000000000000000111000001111111>, C4<0>, C4<0>, C4<0>;
L_0x5b10b3ee4bd0 .functor AND 32, L_0x5b10b3f091b0, L_0x7c1d1eaab348, C4<11111111111111111111111111111111>, C4<11111111111111111111111111111111>;
L_0x5b10b3ee4dd0 .functor OR 1, L_0x5b10b3ee4a20, L_0x5b10b3ee4c90, C4<0>, C4<0>;
L_0x7c1d1eaab3d8 .functor BUFT 1, C4<00000000000000000111000001111111>, C4<0>, C4<0>, C4<0>;
L_0x5b10b3ee4940 .functor AND 32, L_0x5b10b3f091b0, L_0x7c1d1eaab3d8, C4<11111111111111111111111111111111>, C4<11111111111111111111111111111111>;
L_0x5b10b3ee4b60 .functor OR 1, L_0x5b10b3ee4dd0, L_0x5b10b3ee4fd0, C4<0>, C4<0>;
L_0x7c1d1eaab468 .functor BUFT 1, C4<00000000000000000111000001111111>, C4<0>, C4<0>, C4<0>;
L_0x5b10b3ee52b0 .functor AND 32, L_0x5b10b3f091b0, L_0x7c1d1eaab468, C4<11111111111111111111111111111111>, C4<11111111111111111111111111111111>;
L_0x7c1d1eaab4f8 .functor BUFT 1, C4<00000000000000000111000001111111>, C4<0>, C4<0>, C4<0>;
L_0x5b10b3ee54b0 .functor AND 32, L_0x5b10b3f091b0, L_0x7c1d1eaab4f8, C4<11111111111111111111111111111111>, C4<11111111111111111111111111111111>;
L_0x5b10b3ee5850 .functor OR 1, L_0x5b10b3ee5370, L_0x5b10b3ee5680, C4<0>, C4<0>;
L_0x7c1d1eaab588 .functor BUFT 1, C4<00000000000000000111000001111111>, C4<0>, C4<0>, C4<0>;
L_0x5b10b3ee5960 .functor AND 32, L_0x5b10b3f091b0, L_0x7c1d1eaab588, C4<11111111111111111111111111111111>, C4<11111111111111111111111111111111>;
L_0x7c1d1eaab618 .functor BUFT 1, C4<00000000000000000111000001111111>, C4<0>, C4<0>, C4<0>;
L_0x5b10b3ee5c80 .functor AND 32, L_0x5b10b3f091b0, L_0x7c1d1eaab618, C4<11111111111111111111111111111111>, C4<11111111111111111111111111111111>;
L_0x5b10b3ee5f20 .functor OR 1, L_0x5b10b3ee5b40, L_0x5b10b3ee5d40, C4<0>, C4<0>;
L_0x7c1d1eaab6a8 .functor BUFT 1, C4<00000000000000000111000001111111>, C4<0>, C4<0>, C4<0>;
L_0x5b10b3ee5a20 .functor AND 32, L_0x5b10b3f091b0, L_0x7c1d1eaab6a8, C4<11111111111111111111111111111111>, C4<11111111111111111111111111111111>;
L_0x7c1d1eaab738 .functor BUFT 1, C4<00000000000000000111000001111111>, C4<0>, C4<0>, C4<0>;
L_0x5b10b3ee6250 .functor AND 32, L_0x5b10b3f091b0, L_0x7c1d1eaab738, C4<11111111111111111111111111111111>, C4<11111111111111111111111111111111>;
L_0x5b10b3ee6640 .functor OR 1, L_0x5b10b3ee6160, L_0x5b10b3ee6450, C4<0>, C4<0>;
L_0x7c1d1eaab7c8 .functor BUFT 1, C4<00000000000000000111000001111111>, C4<0>, C4<0>, C4<0>;
L_0x5b10b3ee6750 .functor AND 32, L_0x5b10b3f091b0, L_0x7c1d1eaab7c8, C4<11111111111111111111111111111111>, C4<11111111111111111111111111111111>;
L_0x7c1d1eaab858 .functor BUFT 1, C4<00000000000000000111000001111111>, C4<0>, C4<0>, C4<0>;
L_0x5b10b3ee6a00 .functor AND 32, L_0x5b10b3f091b0, L_0x7c1d1eaab858, C4<11111111111111111111111111111111>, C4<11111111111111111111111111111111>;
L_0x7c1d1eaab8e8 .functor BUFT 1, C4<00000000000000000111000001111111>, C4<0>, C4<0>, C4<0>;
L_0x5b10b3ee6590 .functor AND 32, L_0x5b10b3f091b0, L_0x7c1d1eaab8e8, C4<11111111111111111111111111111111>, C4<11111111111111111111111111111111>;
L_0x7c1d1eaab978 .functor BUFT 1, C4<00000000000000000111000001111111>, C4<0>, C4<0>, C4<0>;
L_0x5b10b3ee6fb0 .functor AND 32, L_0x5b10b3f091b0, L_0x7c1d1eaab978, C4<11111111111111111111111111111111>, C4<11111111111111111111111111111111>;
L_0x7c1d1eaaba08 .functor BUFT 1, C4<00000000000000000111000001111111>, C4<0>, C4<0>, C4<0>;
L_0x5b10b3ee7280 .functor AND 32, L_0x5b10b3f091b0, L_0x7c1d1eaaba08, C4<11111111111111111111111111111111>, C4<11111111111111111111111111111111>;
L_0x5b10b3ee75f0 .functor OR 1, L_0x5b10b3ee7070, L_0x5b10b3ee74b0, C4<0>, C4<0>;
L_0x7c1d1eaaba98 .functor BUFT 1, C4<00000000000000000111000001111111>, C4<0>, C4<0>, C4<0>;
L_0x5b10b3ee7700 .functor AND 32, L_0x5b10b3f091b0, L_0x7c1d1eaaba98, C4<11111111111111111111111111111111>, C4<11111111111111111111111111111111>;
L_0x5b10b3ee71b0 .functor OR 1, L_0x5b10b3ee75f0, L_0x5b10b3ee7940, C4<0>, C4<0>;
L_0x7c1d1eaabb28 .functor BUFT 1, C4<00000000000000000111000001111111>, C4<0>, C4<0>, C4<0>;
L_0x5b10b3ee7bb0 .functor AND 32, L_0x5b10b3f091b0, L_0x7c1d1eaabb28, C4<11111111111111111111111111111111>, C4<11111111111111111111111111111111>;
L_0x7c1d1eaabbb8 .functor BUFT 1, C4<00000000000000000111000001111111>, C4<0>, C4<0>, C4<0>;
L_0x5b10b3ee7f40 .functor AND 32, L_0x5b10b3f091b0, L_0x7c1d1eaabbb8, C4<11111111111111111111111111111111>, C4<11111111111111111111111111111111>;
L_0x5b10b3ee7a80 .functor OR 1, L_0x5b10b3ee7e00, L_0x5b10b3ee8000, C4<0>, C4<0>;
L_0x7c1d1eaabc48 .functor BUFT 1, C4<00000000000000000111000001111111>, C4<0>, C4<0>, C4<0>;
L_0x5b10b3ee8420 .functor AND 32, L_0x5b10b3f091b0, L_0x7c1d1eaabc48, C4<11111111111111111111111111111111>, C4<11111111111111111111111111111111>;
L_0x5b10b3ee8620 .functor OR 1, L_0x5b10b3ee7a80, L_0x5b10b3ee84e0, C4<0>, C4<0>;
L_0x7c1d1eaabcd8 .functor BUFT 1, C4<00000000000000000111000001111111>, C4<0>, C4<0>, C4<0>;
L_0x5b10b3ee88e0 .functor AND 32, L_0x5b10b3f091b0, L_0x7c1d1eaabcd8, C4<11111111111111111111111111111111>, C4<11111111111111111111111111111111>;
L_0x5b10b3ee8ae0 .functor AND 1, L_0x5b10b3ee89a0, L_0x5b10b3ee8c80, C4<1>, C4<1>;
L_0x7c1d1eaabdb0 .functor BUFT 1, C4<00000000000000000111000001111111>, C4<0>, C4<0>, C4<0>;
L_0x5b10b3ee90e0 .functor AND 32, L_0x5b10b3f091b0, L_0x7c1d1eaabdb0, C4<11111111111111111111111111111111>, C4<11111111111111111111111111111111>;
L_0x5b10b3ee94f0 .functor AND 1, L_0x5b10b3ee91a0, L_0x5b10b3ee8dc0, C4<1>, C4<1>;
L_0x7c1d1eaabe88 .functor BUFT 1, C4<00000000000000000111000001111111>, C4<0>, C4<0>, C4<0>;
L_0x5b10b3ee97d0 .functor AND 32, L_0x5b10b3f091b0, L_0x7c1d1eaabe88, C4<11111111111111111111111111111111>, C4<11111111111111111111111111111111>;
L_0x5b10b3ee9d30 .functor AND 1, L_0x5b10b3ee9890, L_0x5b10b3ee9b00, C4<1>, C4<1>;
L_0x5b10b3eea370 .functor NOT 1, L_0x5b10b3ee31d0, C4<0>, C4<0>, C4<0>;
L_0x5b10b3eea5d0 .functor AND 1, v0x5b10b3e4baa0_0, L_0x5b10b3eea370, C4<1>, C4<1>;
L_0x5b10b3eea730 .functor NOT 4, L_0x5b10b3eea690, C4<0000>, C4<0000>, C4<0000>;
L_0x5b10b3eea9a0 .functor AND 4, v0x5b10b3e4c1c0_0, L_0x5b10b3eea730, C4<1111>, C4<1111>;
L_0x5b10b3eeb170 .functor OR 1, v0x5b10b3e4c440_0, v0x5b10b3e4b6e0_0, C4<0>, C4<0>;
L_0x5b10b3eeb410 .functor OR 1, L_0x5b10b3eeb170, v0x5b10b3e4b560_0, C4<0>, C4<0>;
L_0x5b10b3eeb480 .functor OR 1, L_0x5b10b3eeb410, L_0x5b10b3eea5d0, C4<0>, C4<0>;
L_0x5b10b3eeb980 .functor OR 1, L_0x5b10b3eeb480, L_0x5b10b3eeb730, C4<0>, C4<0>;
L_0x5b10b3eebb30 .functor AND 1, L_0x5b10b3eeb980, L_0x5b10b3eeba90, C4<1>, C4<1>;
L_0x5b10b3eebe90 .functor OR 1, L_0x5b10b3eebb30, L_0x5b10b3ee31d0, C4<0>, C4<0>;
L_0x5b10b3eebf50 .functor OR 1, L_0x5b10b3eebe90, v0x5b10b3e4bea0_0, C4<0>, C4<0>;
L_0x5b10b3eeccc0 .functor OR 1, L_0x5b10b3eea5d0, L_0x5b10b3eecc20, C4<0>, C4<0>;
L_0x5b10b3eecd80 .functor OR 1, L_0x5b10b3eeccc0, v0x5b10b3e4c440_0, C4<0>, C4<0>;
L_0x5b10b3eed0b0 .functor OR 1, L_0x5b10b3eecd80, v0x5b10b3e4b6e0_0, C4<0>, C4<0>;
L_0x5b10b3eed170 .functor OR 1, L_0x5b10b3eed0b0, v0x5b10b3e4b560_0, C4<0>, C4<0>;
L_0x5b10b3eed4b0 .functor AND 1, L_0x5b10b3eed170, L_0x5b10b3ee2890, C4<1>, C4<1>;
L_0x5b10b3eed570 .functor NOT 1, L_0x5b10b3ee31d0, C4<0>, C4<0>, C4<0>;
L_0x5b10b3eed870 .functor AND 1, v0x5b10b3e4bea0_0, L_0x5b10b3eed570, C4<1>, C4<1>;
L_0x5b10b3eed980 .functor OR 1, L_0x5b10b3eed4b0, L_0x5b10b3eed870, C4<0>, C4<0>;
L_0x5b10b3eedd30 .functor OR 1, v0x5b10b3e4aac0_0, v0x5b10b3e4bf60_0, C4<0>, C4<0>;
L_0x5b10b3eee2f0 .functor OR 1, v0x5b10b3e4aac0_0, v0x5b10b3e4bf60_0, C4<0>, C4<0>;
L_0x5b10b3eee6a0 .functor BUFZ 32, v0x5b10b3e46c00_0, C4<00000000000000000000000000000000>, C4<00000000000000000000000000000000>, C4<00000000000000000000000000000000>;
L_0x5b10b3eee710 .functor AND 1, v0x5b10b3e4bf60_0, L_0x5b10b3eedf30, C4<1>, C4<1>;
L_0x5b10b3eeea40 .functor NOT 1, L_0x5b10b3eedf30, C4<0>, C4<0>, C4<0>;
L_0x5b10b3eeeab0 .functor AND 1, v0x5b10b3e4bf60_0, L_0x5b10b3eeea40, C4<1>, C4<1>;
L_0x5b10b3eeee80 .functor AND 1, v0x5b10b3e4b3e0_0, L_0x5b10b3eedf30, C4<1>, C4<1>;
L_0x5b10b3eeef80 .functor NOT 1, L_0x5b10b3eedf30, C4<0>, C4<0>, C4<0>;
L_0x5b10b3eef2d0 .functor AND 1, v0x5b10b3e4b3e0_0, L_0x5b10b3eeef80, C4<1>, C4<1>;
L_0x5b10b3eef3d0 .functor AND 1, v0x5b10b3e4b3e0_0, L_0x7c1d1eaaad60, C4<1>, C4<1>;
L_0x5b10b3eef7c0 .functor AND 1, v0x5b10b3e4b3e0_0, L_0x7c1d1eaaad18, C4<1>, C4<1>;
v0x5b10b3e3fb90_0 .net *"_ivl_1", 0 0, L_0x5b10b3ee24d0;  1 drivers
v0x5b10b3e3fc70_0 .net *"_ivl_100", 31 0, L_0x5b10b3ee44a0;  1 drivers
L_0x7c1d1eaab270 .functor BUFT 1, C4<00000000000000000010000000000011>, C4<0>, C4<0>, C4<0>;
v0x5b10b3e3fd50_0 .net/2u *"_ivl_102", 31 0, L_0x7c1d1eaab270;  1 drivers
v0x5b10b3e3fe10_0 .net *"_ivl_104", 0 0, L_0x5b10b3ee4630;  1 drivers
v0x5b10b3e3fed0_0 .net/2u *"_ivl_108", 31 0, L_0x7c1d1eaab2b8;  1 drivers
v0x5b10b3e3ffb0_0 .net *"_ivl_110", 31 0, L_0x5b10b3ee4880;  1 drivers
L_0x7c1d1eaab300 .functor BUFT 1, C4<00000000000000000000000000100011>, C4<0>, C4<0>, C4<0>;
v0x5b10b3e40090_0 .net/2u *"_ivl_112", 31 0, L_0x7c1d1eaab300;  1 drivers
v0x5b10b3e40170_0 .net *"_ivl_114", 0 0, L_0x5b10b3ee4a20;  1 drivers
v0x5b10b3e40230_0 .net/2u *"_ivl_116", 31 0, L_0x7c1d1eaab348;  1 drivers
v0x5b10b3e40310_0 .net *"_ivl_118", 31 0, L_0x5b10b3ee4bd0;  1 drivers
v0x5b10b3e403f0_0 .net *"_ivl_12", 0 0, L_0x5b10b3ee2fe0;  1 drivers
L_0x7c1d1eaab390 .functor BUFT 1, C4<00000000000000000001000000100011>, C4<0>, C4<0>, C4<0>;
v0x5b10b3e404d0_0 .net/2u *"_ivl_120", 31 0, L_0x7c1d1eaab390;  1 drivers
v0x5b10b3e405b0_0 .net *"_ivl_122", 0 0, L_0x5b10b3ee4c90;  1 drivers
v0x5b10b3e40670_0 .net *"_ivl_125", 0 0, L_0x5b10b3ee4dd0;  1 drivers
v0x5b10b3e40730_0 .net/2u *"_ivl_126", 31 0, L_0x7c1d1eaab3d8;  1 drivers
v0x5b10b3e40810_0 .net *"_ivl_128", 31 0, L_0x5b10b3ee4940;  1 drivers
L_0x7c1d1eaab420 .functor BUFT 1, C4<00000000000000000010000000100011>, C4<0>, C4<0>, C4<0>;
v0x5b10b3e408f0_0 .net/2u *"_ivl_130", 31 0, L_0x7c1d1eaab420;  1 drivers
v0x5b10b3e40ae0_0 .net *"_ivl_132", 0 0, L_0x5b10b3ee4fd0;  1 drivers
v0x5b10b3e40ba0_0 .net/2u *"_ivl_136", 31 0, L_0x7c1d1eaab468;  1 drivers
v0x5b10b3e40c80_0 .net *"_ivl_138", 31 0, L_0x5b10b3ee52b0;  1 drivers
L_0x7c1d1eaab4b0 .functor BUFT 1, C4<00000000000000000000000000000011>, C4<0>, C4<0>, C4<0>;
v0x5b10b3e40d60_0 .net/2u *"_ivl_140", 31 0, L_0x7c1d1eaab4b0;  1 drivers
v0x5b10b3e40e40_0 .net *"_ivl_142", 0 0, L_0x5b10b3ee5370;  1 drivers
v0x5b10b3e40f00_0 .net/2u *"_ivl_144", 31 0, L_0x7c1d1eaab4f8;  1 drivers
v0x5b10b3e40fe0_0 .net *"_ivl_146", 31 0, L_0x5b10b3ee54b0;  1 drivers
L_0x7c1d1eaab540 .functor BUFT 1, C4<00000000000000000100000000000011>, C4<0>, C4<0>, C4<0>;
v0x5b10b3e410c0_0 .net/2u *"_ivl_148", 31 0, L_0x7c1d1eaab540;  1 drivers
v0x5b10b3e411a0_0 .net *"_ivl_150", 0 0, L_0x5b10b3ee5680;  1 drivers
v0x5b10b3e41260_0 .net/2u *"_ivl_154", 31 0, L_0x7c1d1eaab588;  1 drivers
v0x5b10b3e41340_0 .net *"_ivl_156", 31 0, L_0x5b10b3ee5960;  1 drivers
L_0x7c1d1eaab5d0 .functor BUFT 1, C4<00000000000000000001000000000011>, C4<0>, C4<0>, C4<0>;
v0x5b10b3e41420_0 .net/2u *"_ivl_158", 31 0, L_0x7c1d1eaab5d0;  1 drivers
v0x5b10b3e41500_0 .net *"_ivl_160", 0 0, L_0x5b10b3ee5b40;  1 drivers
v0x5b10b3e415c0_0 .net/2u *"_ivl_162", 31 0, L_0x7c1d1eaab618;  1 drivers
v0x5b10b3e416a0_0 .net *"_ivl_164", 31 0, L_0x5b10b3ee5c80;  1 drivers
L_0x7c1d1eaab660 .functor BUFT 1, C4<00000000000000000101000000000011>, C4<0>, C4<0>, C4<0>;
v0x5b10b3e41780_0 .net/2u *"_ivl_166", 31 0, L_0x7c1d1eaab660;  1 drivers
v0x5b10b3e41a70_0 .net *"_ivl_168", 0 0, L_0x5b10b3ee5d40;  1 drivers
v0x5b10b3e41b30_0 .net/2u *"_ivl_172", 31 0, L_0x7c1d1eaab6a8;  1 drivers
v0x5b10b3e41c10_0 .net *"_ivl_174", 31 0, L_0x5b10b3ee5a20;  1 drivers
L_0x7c1d1eaab6f0 .functor BUFT 1, C4<00000000000000000010000000000011>, C4<0>, C4<0>, C4<0>;
v0x5b10b3e41cf0_0 .net/2u *"_ivl_176", 31 0, L_0x7c1d1eaab6f0;  1 drivers
v0x5b10b3e41dd0_0 .net *"_ivl_178", 0 0, L_0x5b10b3ee6160;  1 drivers
v0x5b10b3e41e90_0 .net/2u *"_ivl_180", 31 0, L_0x7c1d1eaab738;  1 drivers
v0x5b10b3e41f70_0 .net *"_ivl_182", 31 0, L_0x5b10b3ee6250;  1 drivers
L_0x7c1d1eaab780 .functor BUFT 1, C4<00000000000000000110000000000011>, C4<0>, C4<0>, C4<0>;
v0x5b10b3e42050_0 .net/2u *"_ivl_184", 31 0, L_0x7c1d1eaab780;  1 drivers
v0x5b10b3e42130_0 .net *"_ivl_186", 0 0, L_0x5b10b3ee6450;  1 drivers
v0x5b10b3e421f0_0 .net *"_ivl_19", 0 0, L_0x5b10b3ee3130;  1 drivers
v0x5b10b3e422b0_0 .net/2u *"_ivl_190", 31 0, L_0x7c1d1eaab7c8;  1 drivers
v0x5b10b3e42390_0 .net *"_ivl_192", 31 0, L_0x5b10b3ee6750;  1 drivers
L_0x7c1d1eaab810 .functor BUFT 1, C4<00000000000000000000000000100011>, C4<0>, C4<0>, C4<0>;
v0x5b10b3e42470_0 .net/2u *"_ivl_194", 31 0, L_0x7c1d1eaab810;  1 drivers
v0x5b10b3e42550_0 .net/2u *"_ivl_198", 31 0, L_0x7c1d1eaab858;  1 drivers
v0x5b10b3e42630_0 .net *"_ivl_200", 31 0, L_0x5b10b3ee6a00;  1 drivers
L_0x7c1d1eaab8a0 .functor BUFT 1, C4<00000000000000000001000000100011>, C4<0>, C4<0>, C4<0>;
v0x5b10b3e42710_0 .net/2u *"_ivl_202", 31 0, L_0x7c1d1eaab8a0;  1 drivers
v0x5b10b3e427f0_0 .net/2u *"_ivl_206", 31 0, L_0x7c1d1eaab8e8;  1 drivers
v0x5b10b3e428d0_0 .net *"_ivl_208", 31 0, L_0x5b10b3ee6590;  1 drivers
L_0x7c1d1eaab930 .functor BUFT 1, C4<00000000000000000010000000100011>, C4<0>, C4<0>, C4<0>;
v0x5b10b3e429b0_0 .net/2u *"_ivl_210", 31 0, L_0x7c1d1eaab930;  1 drivers
v0x5b10b3e42a90_0 .net/2u *"_ivl_214", 31 0, L_0x7c1d1eaab978;  1 drivers
v0x5b10b3e42b70_0 .net *"_ivl_216", 31 0, L_0x5b10b3ee6fb0;  1 drivers
L_0x7c1d1eaab9c0 .functor BUFT 1, C4<00000000000000000010000000100011>, C4<0>, C4<0>, C4<0>;
v0x5b10b3e42c50_0 .net/2u *"_ivl_218", 31 0, L_0x7c1d1eaab9c0;  1 drivers
v0x5b10b3e42d30_0 .net/2u *"_ivl_22", 31 0, L_0x7c1d1eaaada8;  1 drivers
v0x5b10b3e42e10_0 .net *"_ivl_220", 0 0, L_0x5b10b3ee7070;  1 drivers
v0x5b10b3e42ed0_0 .net/2u *"_ivl_222", 31 0, L_0x7c1d1eaaba08;  1 drivers
v0x5b10b3e42fb0_0 .net *"_ivl_224", 31 0, L_0x5b10b3ee7280;  1 drivers
L_0x7c1d1eaaba50 .functor BUFT 1, C4<00000000000000000010000000000011>, C4<0>, C4<0>, C4<0>;
v0x5b10b3e43090_0 .net/2u *"_ivl_226", 31 0, L_0x7c1d1eaaba50;  1 drivers
v0x5b10b3e43170_0 .net *"_ivl_228", 0 0, L_0x5b10b3ee74b0;  1 drivers
v0x5b10b3e43230_0 .net *"_ivl_231", 0 0, L_0x5b10b3ee75f0;  1 drivers
v0x5b10b3e432f0_0 .net/2u *"_ivl_232", 31 0, L_0x7c1d1eaaba98;  1 drivers
v0x5b10b3e433d0_0 .net *"_ivl_234", 31 0, L_0x5b10b3ee7700;  1 drivers
L_0x7c1d1eaabae0 .functor BUFT 1, C4<00000000000000000110000000000011>, C4<0>, C4<0>, C4<0>;
v0x5b10b3e434b0_0 .net/2u *"_ivl_236", 31 0, L_0x7c1d1eaabae0;  1 drivers
v0x5b10b3e43590_0 .net *"_ivl_238", 0 0, L_0x5b10b3ee7940;  1 drivers
v0x5b10b3e43650_0 .net *"_ivl_24", 31 0, L_0x5b10b3ee3240;  1 drivers
v0x5b10b3e43730_0 .net/2u *"_ivl_242", 31 0, L_0x7c1d1eaabb28;  1 drivers
v0x5b10b3e43810_0 .net *"_ivl_244", 31 0, L_0x5b10b3ee7bb0;  1 drivers
L_0x7c1d1eaabb70 .functor BUFT 1, C4<00000000000000000001000000100011>, C4<0>, C4<0>, C4<0>;
v0x5b10b3e438f0_0 .net/2u *"_ivl_246", 31 0, L_0x7c1d1eaabb70;  1 drivers
v0x5b10b3e439d0_0 .net *"_ivl_248", 0 0, L_0x5b10b3ee7e00;  1 drivers
v0x5b10b3e43a90_0 .net/2u *"_ivl_250", 31 0, L_0x7c1d1eaabbb8;  1 drivers
v0x5b10b3e43b70_0 .net *"_ivl_252", 31 0, L_0x5b10b3ee7f40;  1 drivers
L_0x7c1d1eaabc00 .functor BUFT 1, C4<00000000000000000001000000000011>, C4<0>, C4<0>, C4<0>;
v0x5b10b3e43c50_0 .net/2u *"_ivl_254", 31 0, L_0x7c1d1eaabc00;  1 drivers
v0x5b10b3e43d30_0 .net *"_ivl_256", 0 0, L_0x5b10b3ee8000;  1 drivers
v0x5b10b3e43df0_0 .net *"_ivl_259", 0 0, L_0x5b10b3ee7a80;  1 drivers
L_0x7c1d1eaaadf0 .functor BUFT 1, C4<00000000000000000000000000000011>, C4<0>, C4<0>, C4<0>;
v0x5b10b3e43eb0_0 .net/2u *"_ivl_26", 31 0, L_0x7c1d1eaaadf0;  1 drivers
v0x5b10b3e43f90_0 .net/2u *"_ivl_260", 31 0, L_0x7c1d1eaabc48;  1 drivers
v0x5b10b3e44070_0 .net *"_ivl_262", 31 0, L_0x5b10b3ee8420;  1 drivers
L_0x7c1d1eaabc90 .functor BUFT 1, C4<00000000000000000101000000000011>, C4<0>, C4<0>, C4<0>;
v0x5b10b3e44150_0 .net/2u *"_ivl_264", 31 0, L_0x7c1d1eaabc90;  1 drivers
v0x5b10b3e44230_0 .net *"_ivl_266", 0 0, L_0x5b10b3ee84e0;  1 drivers
v0x5b10b3e442f0_0 .net/2u *"_ivl_270", 31 0, L_0x7c1d1eaabcd8;  1 drivers
v0x5b10b3e443d0_0 .net *"_ivl_272", 31 0, L_0x5b10b3ee88e0;  1 drivers
L_0x7c1d1eaabd20 .functor BUFT 1, C4<00000000000000000001000001110011>, C4<0>, C4<0>, C4<0>;
v0x5b10b3e444b0_0 .net/2u *"_ivl_274", 31 0, L_0x7c1d1eaabd20;  1 drivers
v0x5b10b3e44590_0 .net *"_ivl_276", 0 0, L_0x5b10b3ee89a0;  1 drivers
v0x5b10b3e44650_0 .net *"_ivl_279", 11 0, L_0x5b10b3ee8be0;  1 drivers
v0x5b10b3e44730_0 .net *"_ivl_28", 0 0, L_0x5b10b3ee32b0;  1 drivers
L_0x7c1d1eaabd68 .functor BUFT 1, C4<001110100000>, C4<0>, C4<0>, C4<0>;
v0x5b10b3e447f0_0 .net/2u *"_ivl_280", 11 0, L_0x7c1d1eaabd68;  1 drivers
v0x5b10b3e448d0_0 .net *"_ivl_282", 0 0, L_0x5b10b3ee8c80;  1 drivers
v0x5b10b3e44990_0 .net/2u *"_ivl_286", 31 0, L_0x7c1d1eaabdb0;  1 drivers
v0x5b10b3e44a70_0 .net *"_ivl_288", 31 0, L_0x5b10b3ee90e0;  1 drivers
L_0x7c1d1eaabdf8 .functor BUFT 1, C4<00000000000000000001000001110011>, C4<0>, C4<0>, C4<0>;
v0x5b10b3e44b50_0 .net/2u *"_ivl_290", 31 0, L_0x7c1d1eaabdf8;  1 drivers
v0x5b10b3e44c30_0 .net *"_ivl_292", 0 0, L_0x5b10b3ee91a0;  1 drivers
v0x5b10b3e44cf0_0 .net *"_ivl_295", 11 0, L_0x5b10b3ee92e0;  1 drivers
L_0x7c1d1eaabe40 .functor BUFT 1, C4<001110100001>, C4<0>, C4<0>, C4<0>;
v0x5b10b3e44dd0_0 .net/2u *"_ivl_296", 11 0, L_0x7c1d1eaabe40;  1 drivers
v0x5b10b3e44eb0_0 .net *"_ivl_298", 0 0, L_0x5b10b3ee8dc0;  1 drivers
v0x5b10b3e44f70_0 .net *"_ivl_3", 0 0, L_0x5b10b3ee2ae0;  1 drivers
v0x5b10b3e45030_0 .net/2u *"_ivl_30", 31 0, L_0x7c1d1eaaae38;  1 drivers
v0x5b10b3e45110_0 .net/2u *"_ivl_302", 31 0, L_0x7c1d1eaabe88;  1 drivers
v0x5b10b3e451f0_0 .net *"_ivl_304", 31 0, L_0x5b10b3ee97d0;  1 drivers
L_0x7c1d1eaabed0 .functor BUFT 1, C4<00000000000000000001000001110011>, C4<0>, C4<0>, C4<0>;
v0x5b10b3e452d0_0 .net/2u *"_ivl_306", 31 0, L_0x7c1d1eaabed0;  1 drivers
v0x5b10b3e453b0_0 .net *"_ivl_308", 0 0, L_0x5b10b3ee9890;  1 drivers
v0x5b10b3e45470_0 .net *"_ivl_311", 11 0, L_0x5b10b3ee9380;  1 drivers
L_0x7c1d1eaabf18 .functor BUFT 1, C4<001110100010>, C4<0>, C4<0>, C4<0>;
v0x5b10b3e45550_0 .net/2u *"_ivl_312", 11 0, L_0x7c1d1eaabf18;  1 drivers
v0x5b10b3e45630_0 .net *"_ivl_314", 0 0, L_0x5b10b3ee9b00;  1 drivers
v0x5b10b3e456f0_0 .net *"_ivl_319", 29 0, L_0x5b10b3eea020;  1 drivers
v0x5b10b3e457d0_0 .net *"_ivl_32", 31 0, L_0x5b10b3ee3350;  1 drivers
L_0x7c1d1eaabf60 .functor BUFT 1, C4<00>, C4<0>, C4<0>, C4<0>;
v0x5b10b3e458b0_0 .net/2u *"_ivl_320", 1 0, L_0x7c1d1eaabf60;  1 drivers
v0x5b10b3e45990_0 .net *"_ivl_326", 0 0, L_0x5b10b3eea370;  1 drivers
v0x5b10b3e45a70_0 .net *"_ivl_330", 3 0, L_0x5b10b3eea690;  1 drivers
v0x5b10b3e45b50_0 .net *"_ivl_332", 3 0, L_0x5b10b3eea730;  1 drivers
L_0x7c1d1eaaae80 .functor BUFT 1, C4<00000000000000000001000000000011>, C4<0>, C4<0>, C4<0>;
v0x5b10b3e45c30_0 .net/2u *"_ivl_34", 31 0, L_0x7c1d1eaaae80;  1 drivers
v0x5b10b3e45d10_0 .net *"_ivl_347", 0 0, L_0x5b10b3eeb170;  1 drivers
v0x5b10b3e45dd0_0 .net *"_ivl_349", 0 0, L_0x5b10b3eeb410;  1 drivers
v0x5b10b3e45e90_0 .net *"_ivl_351", 0 0, L_0x5b10b3eeb480;  1 drivers
L_0x7c1d1eaabff0 .functor BUFT 1, C4<0000>, C4<0>, C4<0>, C4<0>;
v0x5b10b3e45f50_0 .net/2u *"_ivl_352", 3 0, L_0x7c1d1eaabff0;  1 drivers
v0x5b10b3e46030_0 .net *"_ivl_354", 0 0, L_0x5b10b3eeb730;  1 drivers
v0x5b10b3e460f0_0 .net *"_ivl_357", 0 0, L_0x5b10b3eeb980;  1 drivers
v0x5b10b3e461b0_0 .net *"_ivl_359", 0 0, L_0x5b10b3eeba90;  1 drivers
v0x5b10b3e46270_0 .net *"_ivl_36", 0 0, L_0x5b10b3ee3450;  1 drivers
v0x5b10b3e46330_0 .net *"_ivl_361", 0 0, L_0x5b10b3eebb30;  1 drivers
v0x5b10b3e463f0_0 .net *"_ivl_363", 0 0, L_0x5b10b3eebe90;  1 drivers
v0x5b10b3e464b0_0 .net *"_ivl_369", 0 0, L_0x5b10b3eecc20;  1 drivers
v0x5b10b3e46570_0 .net *"_ivl_371", 0 0, L_0x5b10b3eeccc0;  1 drivers
v0x5b10b3e46630_0 .net *"_ivl_373", 0 0, L_0x5b10b3eecd80;  1 drivers
v0x5b10b3e466f0_0 .net *"_ivl_375", 0 0, L_0x5b10b3eed0b0;  1 drivers
v0x5b10b3e467b0_0 .net *"_ivl_377", 0 0, L_0x5b10b3eed170;  1 drivers
v0x5b10b3e46870_0 .net *"_ivl_379", 0 0, L_0x5b10b3eed4b0;  1 drivers
v0x5b10b3e46930_0 .net *"_ivl_380", 0 0, L_0x5b10b3eed570;  1 drivers
v0x5b10b3e47220_0 .net *"_ivl_383", 0 0, L_0x5b10b3eed870;  1 drivers
v0x5b10b3e472e0_0 .net *"_ivl_39", 0 0, L_0x5b10b3ee34f0;  1 drivers
v0x5b10b3e473a0_0 .net/2u *"_ivl_40", 31 0, L_0x7c1d1eaaaec8;  1 drivers
v0x5b10b3e47480_0 .net *"_ivl_400", 0 0, L_0x5b10b3eeea40;  1 drivers
v0x5b10b3e47560_0 .net *"_ivl_406", 0 0, L_0x5b10b3eeef80;  1 drivers
L_0x7c1d1eaac1a0 .functor BUFT 1, C4<010100>, C4<0>, C4<0>, C4<0>;
v0x5b10b3e47640_0 .net/2u *"_ivl_414", 5 0, L_0x7c1d1eaac1a0;  1 drivers
L_0x7c1d1eaac1e8 .functor BUFT 1, C4<010110>, C4<0>, C4<0>, C4<0>;
v0x5b10b3e47720_0 .net/2u *"_ivl_416", 5 0, L_0x7c1d1eaac1e8;  1 drivers
L_0x7c1d1eaac230 .functor BUFT 1, C4<011101>, C4<0>, C4<0>, C4<0>;
v0x5b10b3e47800_0 .net/2u *"_ivl_418", 5 0, L_0x7c1d1eaac230;  1 drivers
v0x5b10b3e478e0_0 .net *"_ivl_42", 31 0, L_0x5b10b3ee35d0;  1 drivers
L_0x7c1d1eaac278 .functor BUFT 1, C4<011111>, C4<0>, C4<0>, C4<0>;
v0x5b10b3e479c0_0 .net/2u *"_ivl_420", 5 0, L_0x7c1d1eaac278;  1 drivers
L_0x7c1d1eaac2c0 .functor BUFT 1, C4<010101>, C4<0>, C4<0>, C4<0>;
v0x5b10b3e47aa0_0 .net/2u *"_ivl_422", 5 0, L_0x7c1d1eaac2c0;  1 drivers
L_0x7c1d1eaac308 .functor BUFT 1, C4<010111>, C4<0>, C4<0>, C4<0>;
v0x5b10b3e47b80_0 .net/2u *"_ivl_424", 5 0, L_0x7c1d1eaac308;  1 drivers
L_0x7c1d1eaac350 .functor BUFT 1, C4<000000>, C4<0>, C4<0>, C4<0>;
v0x5b10b3e47c60_0 .net/2u *"_ivl_426", 5 0, L_0x7c1d1eaac350;  1 drivers
v0x5b10b3e47d40_0 .net *"_ivl_428", 5 0, L_0x5b10b3eef8c0;  1 drivers
v0x5b10b3e47e20_0 .net *"_ivl_430", 5 0, L_0x5b10b3eef960;  1 drivers
v0x5b10b3e47f00_0 .net *"_ivl_432", 5 0, L_0x5b10b3eefca0;  1 drivers
v0x5b10b3e47fe0_0 .net *"_ivl_434", 5 0, L_0x5b10b3eefe30;  1 drivers
v0x5b10b3e480c0_0 .net *"_ivl_436", 5 0, L_0x5b10b3ef0180;  1 drivers
L_0x7c1d1eaaaf10 .functor BUFT 1, C4<00000000000000000010000000000011>, C4<0>, C4<0>, C4<0>;
v0x5b10b3e481a0_0 .net/2u *"_ivl_44", 31 0, L_0x7c1d1eaaaf10;  1 drivers
v0x5b10b3e48280_0 .net *"_ivl_46", 0 0, L_0x5b10b3ee3640;  1 drivers
v0x5b10b3e48340_0 .net *"_ivl_49", 0 0, L_0x5b10b3ee36e0;  1 drivers
v0x5b10b3e48400_0 .net *"_ivl_5", 0 0, L_0x5b10b3ee2be0;  1 drivers
v0x5b10b3e484c0_0 .net/2u *"_ivl_50", 31 0, L_0x7c1d1eaaaf58;  1 drivers
v0x5b10b3e485a0_0 .net *"_ivl_52", 31 0, L_0x5b10b3ee3560;  1 drivers
L_0x7c1d1eaaafa0 .functor BUFT 1, C4<00000000000000000100000000000011>, C4<0>, C4<0>, C4<0>;
v0x5b10b3e48680_0 .net/2u *"_ivl_54", 31 0, L_0x7c1d1eaaafa0;  1 drivers
v0x5b10b3e48760_0 .net *"_ivl_56", 0 0, L_0x5b10b3ee3750;  1 drivers
v0x5b10b3e48820_0 .net *"_ivl_59", 0 0, L_0x5b10b3ee37f0;  1 drivers
v0x5b10b3e488e0_0 .net/2u *"_ivl_60", 31 0, L_0x7c1d1eaaafe8;  1 drivers
v0x5b10b3e489c0_0 .net *"_ivl_62", 31 0, L_0x5b10b3ee38f0;  1 drivers
L_0x7c1d1eaab030 .functor BUFT 1, C4<00000000000000000101000000000011>, C4<0>, C4<0>, C4<0>;
v0x5b10b3e48aa0_0 .net/2u *"_ivl_64", 31 0, L_0x7c1d1eaab030;  1 drivers
v0x5b10b3e48b80_0 .net *"_ivl_66", 0 0, L_0x5b10b3ee3960;  1 drivers
v0x5b10b3e48c40_0 .net *"_ivl_69", 0 0, L_0x5b10b3ee3aa0;  1 drivers
v0x5b10b3e48d00_0 .net *"_ivl_7", 0 0, L_0x5b10b3ee2ce0;  1 drivers
v0x5b10b3e48dc0_0 .net/2u *"_ivl_70", 31 0, L_0x7c1d1eaab078;  1 drivers
v0x5b10b3e48ea0_0 .net *"_ivl_72", 31 0, L_0x5b10b3ee3c50;  1 drivers
L_0x7c1d1eaab0c0 .functor BUFT 1, C4<00000000000000000110000000000011>, C4<0>, C4<0>, C4<0>;
v0x5b10b3e48f80_0 .net/2u *"_ivl_74", 31 0, L_0x7c1d1eaab0c0;  1 drivers
v0x5b10b3e49060_0 .net *"_ivl_76", 0 0, L_0x5b10b3ee3d10;  1 drivers
v0x5b10b3e49120_0 .net/2u *"_ivl_80", 31 0, L_0x7c1d1eaab108;  1 drivers
v0x5b10b3e49200_0 .net *"_ivl_82", 31 0, L_0x5b10b3ee4060;  1 drivers
L_0x7c1d1eaab150 .functor BUFT 1, C4<00000000000000000000000000000011>, C4<0>, C4<0>, C4<0>;
v0x5b10b3e492e0_0 .net/2u *"_ivl_84", 31 0, L_0x7c1d1eaab150;  1 drivers
v0x5b10b3e493c0_0 .net *"_ivl_86", 0 0, L_0x5b10b3ee3bb0;  1 drivers
v0x5b10b3e49480_0 .net/2u *"_ivl_88", 31 0, L_0x7c1d1eaab198;  1 drivers
v0x5b10b3e49560_0 .net *"_ivl_9", 0 0, L_0x5b10b3ee2de0;  1 drivers
v0x5b10b3e49620_0 .net *"_ivl_90", 31 0, L_0x5b10b3ee41c0;  1 drivers
L_0x7c1d1eaab1e0 .functor BUFT 1, C4<00000000000000000001000000000011>, C4<0>, C4<0>, C4<0>;
v0x5b10b3e49700_0 .net/2u *"_ivl_92", 31 0, L_0x7c1d1eaab1e0;  1 drivers
v0x5b10b3e497e0_0 .net *"_ivl_94", 0 0, L_0x5b10b3ee3fb0;  1 drivers
v0x5b10b3e498a0_0 .net *"_ivl_97", 0 0, L_0x5b10b3ee43e0;  1 drivers
v0x5b10b3e49960_0 .net/2u *"_ivl_98", 31 0, L_0x7c1d1eaab228;  1 drivers
v0x5b10b3e49a40_0 .var "addr_lsb_r", 1 0;
v0x5b10b3e49b20_0 .net "clk_i", 0 0, v0x5b10b3e64cc0_0;  alias, 1 drivers
v0x5b10b3e49bc0_0 .net "complete_err_e2_w", 0 0, L_0x5b10b3ee30c0;  1 drivers
v0x5b10b3e49c80_0 .net "complete_ok_e2_w", 0 0, L_0x5b10b3ee3050;  1 drivers
v0x5b10b3e49d40_0 .net "dcache_flush_w", 0 0, L_0x5b10b3ee8ae0;  1 drivers
v0x5b10b3e49e00_0 .net "dcache_invalidate_w", 0 0, L_0x5b10b3ee9d30;  1 drivers
v0x5b10b3e49ec0_0 .net "dcache_writeback_w", 0 0, L_0x5b10b3ee94f0;  1 drivers
v0x5b10b3e49f80_0 .net "delay_lsu_e2_w", 0 0, L_0x5b10b3ee31d0;  1 drivers
v0x5b10b3e4a040_0 .net "fault_load_align_w", 0 0, L_0x5b10b3eee710;  1 drivers
v0x5b10b3e4a100_0 .net "fault_load_bus_w", 0 0, L_0x5b10b3eeee80;  1 drivers
v0x5b10b3e4a1c0_0 .net "fault_load_page_w", 0 0, L_0x5b10b3eef3d0;  1 drivers
v0x5b10b3e4a280_0 .net "fault_store_align_w", 0 0, L_0x5b10b3eeeab0;  1 drivers
v0x5b10b3e4a340_0 .net "fault_store_bus_w", 0 0, L_0x5b10b3eef2d0;  1 drivers
v0x5b10b3e4a400_0 .net "fault_store_page_w", 0 0, L_0x5b10b3eef7c0;  1 drivers
v0x5b10b3e4a4c0_0 .net "issue_lsu_e1_w", 0 0, L_0x5b10b3ee2ee0;  1 drivers
v0x5b10b3e4a580_0 .var "load_byte_r", 0 0;
v0x5b10b3e4a640_0 .var "load_half_r", 0 0;
v0x5b10b3e4a700_0 .net "load_inst_w", 0 0, L_0x5b10b3ee3ea0;  1 drivers
v0x5b10b3e4a7c0_0 .net "load_signed_inst_w", 0 0, L_0x5b10b3ee4770;  1 drivers
v0x5b10b3e4a880_0 .var "load_signed_r", 0 0;
v0x5b10b3e4a940_0 .net "mem_accept_i", 0 0, L_0x5b10b3ee2890;  alias, 1 drivers
v0x5b10b3e4aa00_0 .net "mem_ack_i", 0 0, L_0x5b10b3ee23d0;  alias, 1 drivers
v0x5b10b3e4aac0_0 .var "mem_ack_q", 0 0;
v0x5b10b3e4ab80_0 .net "mem_addr_o", 31 0, L_0x5b10b3eea0c0;  alias, 1 drivers
v0x5b10b3e4ac60_0 .var "mem_addr_q", 31 0;
v0x5b10b3e4ad40_0 .var "mem_addr_r", 31 0;
v0x5b10b3e4ae20_0 .net "mem_cacheable_o", 0 0, v0x5b10b3e4aee0_0;  alias, 1 drivers
v0x5b10b3e4aee0_0 .var "mem_cacheable_q", 0 0;
v0x5b10b3e4afa0_0 .var "mem_data_r", 31 0;
v0x5b10b3e4b080_0 .net "mem_data_rd_i", 31 0, L_0x5b10b3ee2790;  alias, 1 drivers
v0x5b10b3e4b160_0 .net "mem_data_wr_o", 31 0, v0x5b10b3e4b240_0;  alias, 1 drivers
v0x5b10b3e4b240_0 .var "mem_data_wr_q", 31 0;
v0x5b10b3e4b320_0 .net "mem_error_i", 0 0, L_0x5b10b3ee25e0;  alias, 1 drivers
v0x5b10b3e4b3e0_0 .var "mem_error_q", 0 0;
v0x5b10b3e4b4a0_0 .net "mem_flush_o", 0 0, v0x5b10b3e4b560_0;  alias, 1 drivers
v0x5b10b3e4b560_0 .var "mem_flush_q", 0 0;
v0x5b10b3e4b620_0 .net "mem_invalidate_o", 0 0, v0x5b10b3e4b6e0_0;  alias, 1 drivers
v0x5b10b3e4b6e0_0 .var "mem_invalidate_q", 0 0;
v0x5b10b3e4b7a0_0 .net "mem_load_fault_i", 0 0, L_0x7c1d1eaaad60;  alias, 1 drivers
v0x5b10b3e4b860_0 .var "mem_load_q", 0 0;
v0x5b10b3e4b920_0 .var "mem_ls_q", 0 0;
v0x5b10b3e4b9e0_0 .net "mem_rd_o", 0 0, L_0x5b10b3eea5d0;  alias, 1 drivers
v0x5b10b3e4baa0_0 .var "mem_rd_q", 0 0;
v0x5b10b3e4bb60_0 .var "mem_rd_r", 0 0;
v0x5b10b3e4bc20_0 .net "mem_req_tag_o", 10 0, L_0x7c1d1eaabfa8;  alias, 1 drivers
v0x5b10b3e4bd00_0 .net "mem_resp_tag_i", 10 0, L_0x5b10b3ee2570;  alias, 1 drivers
v0x5b10b3e4bde0_0 .net "mem_store_fault_i", 0 0, L_0x7c1d1eaaad18;  alias, 1 drivers
v0x5b10b3e4bea0_0 .var "mem_unaligned_e1_q", 0 0;
v0x5b10b3e4bf60_0 .var "mem_unaligned_e2_q", 0 0;
v0x5b10b3e4c020_0 .var "mem_unaligned_r", 0 0;
v0x5b10b3e4c0e0_0 .net "mem_wr_o", 3 0, L_0x5b10b3eea9a0;  alias, 1 drivers
v0x5b10b3e4c1c0_0 .var "mem_wr_q", 3 0;
v0x5b10b3e4c2a0_0 .var "mem_wr_r", 3 0;
v0x5b10b3e4c380_0 .net "mem_writeback_o", 0 0, v0x5b10b3e4c440_0;  alias, 1 drivers
v0x5b10b3e4c440_0 .var "mem_writeback_q", 0 0;
v0x5b10b3e4c500_0 .var "mem_xb_q", 0 0;
v0x5b10b3e4c5c0_0 .var "mem_xh_q", 0 0;
v0x5b10b3e4c680_0 .net "opcode_invalid_i", 0 0, L_0x7c1d1eaadce8;  alias, 1 drivers
v0x5b10b3e4c720_0 .net "opcode_opcode_i", 31 0, L_0x5b10b3f091b0;  alias, 1 drivers
v0x5b10b3e4c7f0_0 .net "opcode_pc_i", 31 0, L_0x5b10b3f05e40;  alias, 1 drivers
v0x5b10b3e4c8c0_0 .net "opcode_ra_idx_i", 4 0, L_0x5b10b3f0bbe0;  alias, 1 drivers
v0x5b10b3e4c990_0 .net "opcode_ra_operand_i", 31 0, L_0x5b10b3f0ba50;  alias, 1 drivers
v0x5b10b3e4ca60_0 .net "opcode_rb_idx_i", 4 0, L_0x5b10b3f0bc80;  alias, 1 drivers
v0x5b10b3e4cb30_0 .net "opcode_rb_operand_i", 31 0, L_0x5b10b3f0bed0;  alias, 1 drivers
v0x5b10b3e4cc00_0 .net "opcode_rd_idx_i", 4 0, L_0x5b10b3f05ee0;  alias, 1 drivers
v0x5b10b3e4ccd0_0 .net "opcode_valid_i", 0 0, L_0x5b10b3f044a0;  alias, 1 drivers
v0x5b10b3e4cda0_0 .var "pending_lsu_e2_q", 0 0;
v0x5b10b3e4ce40_0 .net "req_lb_w", 0 0, L_0x5b10b3ee5850;  1 drivers
v0x5b10b3e4cee0_0 .net "req_lh_w", 0 0, L_0x5b10b3ee5f20;  1 drivers
v0x5b10b3e4cfa0_0 .net "req_lw_w", 0 0, L_0x5b10b3ee6640;  1 drivers
v0x5b10b3e4d060_0 .net "req_sb_w", 0 0, L_0x5b10b3ee5e80;  1 drivers
v0x5b10b3e4d120_0 .net "req_sh_lh_w", 0 0, L_0x5b10b3ee8620;  1 drivers
v0x5b10b3e4d1e0_0 .net "req_sh_w", 0 0, L_0x5b10b3ee6ac0;  1 drivers
v0x5b10b3e4d2a0_0 .net "req_sw_lw_w", 0 0, L_0x5b10b3ee71b0;  1 drivers
v0x5b10b3e4d360_0 .net "req_sw_w", 0 0, L_0x5b10b3ee6e70;  1 drivers
v0x5b10b3e4d420_0 .net "resp_addr_w", 31 0, L_0x5b10b3eedda0;  1 drivers
v0x5b10b3e4d500_0 .net "resp_byte_w", 0 0, L_0x5b10b3eede90;  1 drivers
v0x5b10b3e4d5c0_0 .net "resp_half_w", 0 0, L_0x5b10b3eee0b0;  1 drivers
v0x5b10b3e4d680_0 .net "resp_load_w", 0 0, L_0x5b10b3eedf30;  1 drivers
v0x5b10b3e4d740_0 .net "resp_signed_w", 0 0, L_0x5b10b3eee010;  1 drivers
v0x5b10b3e469f0_0 .net "rst_i", 0 0, v0x5b10b3e65f10_0;  alias, 1 drivers
v0x5b10b3e46a90_0 .net "stall_o", 0 0, L_0x5b10b3eebf50;  alias, 1 drivers
v0x5b10b3e46b60_0 .net "store_inst_w", 0 0, L_0x5b10b3ee4b60;  1 drivers
v0x5b10b3e46c00_0 .var "wb_result_r", 31 0;
v0x5b10b3e46ce0_0 .net "writeback_exception_o", 5 0, L_0x5b10b3ef0310;  alias, 1 drivers
v0x5b10b3e46da0_0 .net "writeback_valid_o", 0 0, L_0x5b10b3eee2f0;  alias, 1 drivers
v0x5b10b3e46e40_0 .net "writeback_value_o", 31 0, L_0x5b10b3eee6a0;  alias, 1 drivers
E_0x5b10b3e14de0/0 .event edge, v0x5b10b3e4d420_0, v0x5b10b3e4d500_0, v0x5b10b3e4d5c0_0, v0x5b10b3e4d740_0;
E_0x5b10b3e14de0/1 .event edge, v0x5b10b3e4aac0_0, v0x5b10b3e4b3e0_0, v0x5b10b3e4bf60_0, v0x5b10b3e4d680_0;
E_0x5b10b3e14de0/2 .event edge, v0x5b10b3e4a580_0, v0x5b10b3e49a40_0, v0x5b10b3e4b080_0, v0x5b10b3e4a880_0;
E_0x5b10b3e14de0/3 .event edge, v0x5b10b3e46c00_0, v0x5b10b3e4a640_0;
E_0x5b10b3e14de0 .event/or E_0x5b10b3e14de0/0, E_0x5b10b3e14de0/1, E_0x5b10b3e14de0/2, E_0x5b10b3e14de0/3;
E_0x5b10b3e3e310/0 .event edge, v0x5b10b3e35a00_0, v0x5b10b3e353e0_0, v0x5b10b3e35680_0, v0x5b10b3e4a700_0;
E_0x5b10b3e3e310/1 .event edge, v0x5b10b3e4d2a0_0, v0x5b10b3e4ad40_0, v0x5b10b3e4d120_0, v0x5b10b3e4c020_0;
E_0x5b10b3e3e310/2 .event edge, v0x5b10b3e35840_0;
E_0x5b10b3e3e310 .event/or E_0x5b10b3e3e310/0, E_0x5b10b3e3e310/1, E_0x5b10b3e3e310/2;
L_0x5b10b3ee24d0 .reduce/or L_0x5b10b3eea9a0;
L_0x5b10b3ee3130 .reduce/nor L_0x5b10b3ee3050;
L_0x5b10b3ee32b0 .cmp/eq 32, L_0x5b10b3ee3240, L_0x7c1d1eaaadf0;
L_0x5b10b3ee3450 .cmp/eq 32, L_0x5b10b3ee3350, L_0x7c1d1eaaae80;
L_0x5b10b3ee3640 .cmp/eq 32, L_0x5b10b3ee35d0, L_0x7c1d1eaaaf10;
L_0x5b10b3ee3750 .cmp/eq 32, L_0x5b10b3ee3560, L_0x7c1d1eaaafa0;
L_0x5b10b3ee3960 .cmp/eq 32, L_0x5b10b3ee38f0, L_0x7c1d1eaab030;
L_0x5b10b3ee3d10 .cmp/eq 32, L_0x5b10b3ee3c50, L_0x7c1d1eaab0c0;
L_0x5b10b3ee3bb0 .cmp/eq 32, L_0x5b10b3ee4060, L_0x7c1d1eaab150;
L_0x5b10b3ee3fb0 .cmp/eq 32, L_0x5b10b3ee41c0, L_0x7c1d1eaab1e0;
L_0x5b10b3ee4630 .cmp/eq 32, L_0x5b10b3ee44a0, L_0x7c1d1eaab270;
L_0x5b10b3ee4a20 .cmp/eq 32, L_0x5b10b3ee4880, L_0x7c1d1eaab300;
L_0x5b10b3ee4c90 .cmp/eq 32, L_0x5b10b3ee4bd0, L_0x7c1d1eaab390;
L_0x5b10b3ee4fd0 .cmp/eq 32, L_0x5b10b3ee4940, L_0x7c1d1eaab420;
L_0x5b10b3ee5370 .cmp/eq 32, L_0x5b10b3ee52b0, L_0x7c1d1eaab4b0;
L_0x5b10b3ee5680 .cmp/eq 32, L_0x5b10b3ee54b0, L_0x7c1d1eaab540;
L_0x5b10b3ee5b40 .cmp/eq 32, L_0x5b10b3ee5960, L_0x7c1d1eaab5d0;
L_0x5b10b3ee5d40 .cmp/eq 32, L_0x5b10b3ee5c80, L_0x7c1d1eaab660;
L_0x5b10b3ee6160 .cmp/eq 32, L_0x5b10b3ee5a20, L_0x7c1d1eaab6f0;
L_0x5b10b3ee6450 .cmp/eq 32, L_0x5b10b3ee6250, L_0x7c1d1eaab780;
L_0x5b10b3ee5e80 .cmp/eq 32, L_0x5b10b3ee6750, L_0x7c1d1eaab810;
L_0x5b10b3ee6ac0 .cmp/eq 32, L_0x5b10b3ee6a00, L_0x7c1d1eaab8a0;
L_0x5b10b3ee6e70 .cmp/eq 32, L_0x5b10b3ee6590, L_0x7c1d1eaab930;
L_0x5b10b3ee7070 .cmp/eq 32, L_0x5b10b3ee6fb0, L_0x7c1d1eaab9c0;
L_0x5b10b3ee74b0 .cmp/eq 32, L_0x5b10b3ee7280, L_0x7c1d1eaaba50;
L_0x5b10b3ee7940 .cmp/eq 32, L_0x5b10b3ee7700, L_0x7c1d1eaabae0;
L_0x5b10b3ee7e00 .cmp/eq 32, L_0x5b10b3ee7bb0, L_0x7c1d1eaabb70;
L_0x5b10b3ee8000 .cmp/eq 32, L_0x5b10b3ee7f40, L_0x7c1d1eaabc00;
L_0x5b10b3ee84e0 .cmp/eq 32, L_0x5b10b3ee8420, L_0x7c1d1eaabc90;
L_0x5b10b3ee89a0 .cmp/eq 32, L_0x5b10b3ee88e0, L_0x7c1d1eaabd20;
L_0x5b10b3ee8be0 .part L_0x5b10b3f091b0, 20, 12;
L_0x5b10b3ee8c80 .cmp/eq 12, L_0x5b10b3ee8be0, L_0x7c1d1eaabd68;
L_0x5b10b3ee91a0 .cmp/eq 32, L_0x5b10b3ee90e0, L_0x7c1d1eaabdf8;
L_0x5b10b3ee92e0 .part L_0x5b10b3f091b0, 20, 12;
L_0x5b10b3ee8dc0 .cmp/eq 12, L_0x5b10b3ee92e0, L_0x7c1d1eaabe40;
L_0x5b10b3ee9890 .cmp/eq 32, L_0x5b10b3ee97d0, L_0x7c1d1eaabed0;
L_0x5b10b3ee9380 .part L_0x5b10b3f091b0, 20, 12;
L_0x5b10b3ee9b00 .cmp/eq 12, L_0x5b10b3ee9380, L_0x7c1d1eaabf18;
L_0x5b10b3eea020 .part v0x5b10b3e4ac60_0, 2, 30;
L_0x5b10b3eea0c0 .concat [ 2 30 0 0], L_0x7c1d1eaabf60, L_0x5b10b3eea020;
L_0x5b10b3eea690 .concat [ 1 1 1 1], L_0x5b10b3ee31d0, L_0x5b10b3ee31d0, L_0x5b10b3ee31d0, L_0x5b10b3ee31d0;
L_0x5b10b3eeb730 .cmp/ne 4, L_0x5b10b3eea9a0, L_0x7c1d1eaabff0;
L_0x5b10b3eeba90 .reduce/nor L_0x5b10b3ee2890;
LS_0x5b10b3eec9c0_0_0 .concat [ 1 1 1 1], v0x5b10b3e4b860_0, v0x5b10b3e4c500_0, v0x5b10b3e4c5c0_0, v0x5b10b3e4b920_0;
LS_0x5b10b3eec9c0_0_4 .concat [ 32 0 0 0], v0x5b10b3e4ac60_0;
L_0x5b10b3eec9c0 .concat [ 4 32 0 0], LS_0x5b10b3eec9c0_0_0, LS_0x5b10b3eec9c0_0_4;
L_0x5b10b3eecc20 .reduce/or L_0x5b10b3eea9a0;
L_0x5b10b3eedda0 .part L_0x5b10b3eec900, 4, 32;
L_0x5b10b3eee010 .part L_0x5b10b3eec900, 3, 1;
L_0x5b10b3eee0b0 .part L_0x5b10b3eec900, 2, 1;
L_0x5b10b3eede90 .part L_0x5b10b3eec900, 1, 1;
L_0x5b10b3eedf30 .part L_0x5b10b3eec900, 0, 1;
L_0x5b10b3eef8c0 .functor MUXZ 6, L_0x7c1d1eaac350, L_0x7c1d1eaac308, L_0x5b10b3eef2d0, C4<>;
L_0x5b10b3eef960 .functor MUXZ 6, L_0x5b10b3eef8c0, L_0x7c1d1eaac2c0, L_0x5b10b3eeee80, C4<>;
L_0x5b10b3eefca0 .functor MUXZ 6, L_0x5b10b3eef960, L_0x7c1d1eaac278, L_0x5b10b3eef7c0, C4<>;
L_0x5b10b3eefe30 .functor MUXZ 6, L_0x5b10b3eefca0, L_0x7c1d1eaac230, L_0x5b10b3eef3d0, C4<>;
L_0x5b10b3ef0180 .functor MUXZ 6, L_0x5b10b3eefe30, L_0x7c1d1eaac1e8, L_0x5b10b3eeeab0, C4<>;
L_0x5b10b3ef0310 .functor MUXZ 6, L_0x5b10b3ef0180, L_0x7c1d1eaac1a0, L_0x5b10b3eee710, C4<>;
S_0x5b10b3e3e3a0 .scope module, "u_lsu_request" "biriscv_lsu_fifo" 19 347, 19 440 0, S_0x5b10b3e149e0;
 .timescale 0 0;
    .port_info 0 /INPUT 1 "clk_i";
    .port_info 1 /INPUT 1 "rst_i";
    .port_info 2 /INPUT 36 "data_in_i";
    .port_info 3 /INPUT 1 "push_i";
    .port_info 4 /INPUT 1 "pop_i";
    .port_info 5 /OUTPUT 36 "data_out_o";
    .port_info 6 /OUTPUT 1 "accept_o";
    .port_info 7 /OUTPUT 1 "valid_o";
P_0x5b10b3e12870 .param/l "ADDR_W" 0 19 447, +C4<00000000000000000000000000000001>;
P_0x5b10b3e128b0 .param/l "COUNT_W" 1 19 468, +C4<000000000000000000000000000000010>;
P_0x5b10b3e128f0 .param/l "DEPTH" 0 19 446, +C4<00000000000000000000000000000010>;
P_0x5b10b3e12930 .param/l "WIDTH" 0 19 445, +C4<00000000000000000000000000100100>;
L_0x5b10b3eec900 .functor BUFZ 36, L_0x5b10b3eec720, C4<000000000000000000000000000000000000>, C4<000000000000000000000000000000000000>, C4<000000000000000000000000000000000000>;
v0x5b10b3e3e7f0_0 .net *"_ivl_0", 31 0, L_0x5b10b3eec270;  1 drivers
L_0x7c1d1eaac0c8 .functor BUFT 1, C4<000000000000000000000000000000>, C4<0>, C4<0>, C4<0>;
v0x5b10b3e3e8f0_0 .net *"_ivl_11", 29 0, L_0x7c1d1eaac0c8;  1 drivers
L_0x7c1d1eaac110 .functor BUFT 1, C4<00000000000000000000000000000010>, C4<0>, C4<0>, C4<0>;
v0x5b10b3e3e9d0_0 .net/2u *"_ivl_12", 31 0, L_0x7c1d1eaac110;  1 drivers
v0x5b10b3e3eac0_0 .net *"_ivl_16", 35 0, L_0x5b10b3eec720;  1 drivers
v0x5b10b3e3eba0_0 .net *"_ivl_18", 2 0, L_0x5b10b3eec7c0;  1 drivers
L_0x7c1d1eaac158 .functor BUFT 1, C4<00>, C4<0>, C4<0>, C4<0>;
v0x5b10b3e3ecd0_0 .net *"_ivl_21", 1 0, L_0x7c1d1eaac158;  1 drivers
L_0x7c1d1eaac038 .functor BUFT 1, C4<000000000000000000000000000000>, C4<0>, C4<0>, C4<0>;
v0x5b10b3e3edb0_0 .net *"_ivl_3", 29 0, L_0x7c1d1eaac038;  1 drivers
L_0x7c1d1eaac080 .functor BUFT 1, C4<00000000000000000000000000000000>, C4<0>, C4<0>, C4<0>;
v0x5b10b3e3ee90_0 .net/2u *"_ivl_4", 31 0, L_0x7c1d1eaac080;  1 drivers
v0x5b10b3e3ef70_0 .net *"_ivl_8", 31 0, L_0x5b10b3eec4a0;  1 drivers
v0x5b10b3e3f050_0 .net "accept_o", 0 0, L_0x5b10b3eec5e0;  1 drivers
v0x5b10b3e3f110_0 .net "clk_i", 0 0, v0x5b10b3e64cc0_0;  alias, 1 drivers
v0x5b10b3e3f1b0_0 .var "count_q", 1 0;
v0x5b10b3e3f290_0 .net "data_in_i", 35 0, L_0x5b10b3eec9c0;  1 drivers
v0x5b10b3e3f370_0 .net "data_out_o", 35 0, L_0x5b10b3eec900;  1 drivers
v0x5b10b3e3f450_0 .var/i "i", 31 0;
v0x5b10b3e3f530_0 .net "pop_i", 0 0, L_0x5b10b3eedd30;  1 drivers
v0x5b10b3e3f5f0_0 .net "push_i", 0 0, L_0x5b10b3eed980;  1 drivers
v0x5b10b3e3f6b0 .array "ram_q", 0 1, 35 0;
v0x5b10b3e3f770_0 .var "rd_ptr_q", 0 0;
v0x5b10b3e3f850_0 .net "rst_i", 0 0, v0x5b10b3e65f10_0;  alias, 1 drivers
v0x5b10b3e3f8f0_0 .net "valid_o", 0 0, L_0x5b10b3eec360;  1 drivers
v0x5b10b3e3f9b0_0 .var "wr_ptr_q", 0 0;
L_0x5b10b3eec270 .concat [ 2 30 0 0], v0x5b10b3e3f1b0_0, L_0x7c1d1eaac038;
L_0x5b10b3eec360 .cmp/ne 32, L_0x5b10b3eec270, L_0x7c1d1eaac080;
L_0x5b10b3eec4a0 .concat [ 2 30 0 0], v0x5b10b3e3f1b0_0, L_0x7c1d1eaac0c8;
L_0x5b10b3eec5e0 .cmp/ne 32, L_0x5b10b3eec4a0, L_0x7c1d1eaac110;
L_0x5b10b3eec720 .array/port v0x5b10b3e3f6b0, L_0x5b10b3eec7c0;
L_0x5b10b3eec7c0 .concat [ 1 2 0 0], v0x5b10b3e3f770_0, L_0x7c1d1eaac158;
S_0x5b10b3e4e8f0 .scope module, "u_mmu" "biriscv_mmu" 5 338, 20 26 0, S_0x5b10b3bef750;
 .timescale 0 0;
    .port_info 0 /INPUT 1 "clk_i";
    .port_info 1 /INPUT 1 "rst_i";
    .port_info 2 /INPUT 2 "priv_d_i";
    .port_info 3 /INPUT 1 "sum_i";
    .port_info 4 /INPUT 1 "mxr_i";
    .port_info 5 /INPUT 1 "flush_i";
    .port_info 6 /INPUT 32 "satp_i";
    .port_info 7 /INPUT 1 "fetch_in_rd_i";
    .port_info 8 /INPUT 1 "fetch_in_flush_i";
    .port_info 9 /INPUT 1 "fetch_in_invalidate_i";
    .port_info 10 /INPUT 32 "fetch_in_pc_i";
    .port_info 11 /INPUT 2 "fetch_in_priv_i";
    .port_info 12 /INPUT 1 "fetch_out_accept_i";
    .port_info 13 /INPUT 1 "fetch_out_valid_i";
    .port_info 14 /INPUT 1 "fetch_out_error_i";
    .port_info 15 /INPUT 64 "fetch_out_inst_i";
    .port_info 16 /INPUT 32 "lsu_in_addr_i";
    .port_info 17 /INPUT 32 "lsu_in_data_wr_i";
    .port_info 18 /INPUT 1 "lsu_in_rd_i";
    .port_info 19 /INPUT 4 "lsu_in_wr_i";
    .port_info 20 /INPUT 1 "lsu_in_cacheable_i";
    .port_info 21 /INPUT 11 "lsu_in_req_tag_i";
    .port_info 22 /INPUT 1 "lsu_in_invalidate_i";
    .port_info 23 /INPUT 1 "lsu_in_writeback_i";
    .port_info 24 /INPUT 1 "lsu_in_flush_i";
    .port_info 25 /INPUT 32 "lsu_out_data_rd_i";
    .port_info 26 /INPUT 1 "lsu_out_accept_i";
    .port_info 27 /INPUT 1 "lsu_out_ack_i";
    .port_info 28 /INPUT 1 "lsu_out_error_i";
    .port_info 29 /INPUT 11 "lsu_out_resp_tag_i";
    .port_info 30 /OUTPUT 1 "fetch_in_accept_o";
    .port_info 31 /OUTPUT 1 "fetch_in_valid_o";
    .port_info 32 /OUTPUT 1 "fetch_in_error_o";
    .port_info 33 /OUTPUT 64 "fetch_in_inst_o";
    .port_info 34 /OUTPUT 1 "fetch_out_rd_o";
    .port_info 35 /OUTPUT 1 "fetch_out_flush_o";
    .port_info 36 /OUTPUT 1 "fetch_out_invalidate_o";
    .port_info 37 /OUTPUT 32 "fetch_out_pc_o";
    .port_info 38 /OUTPUT 1 "fetch_in_fault_o";
    .port_info 39 /OUTPUT 32 "lsu_in_data_rd_o";
    .port_info 40 /OUTPUT 1 "lsu_in_accept_o";
    .port_info 41 /OUTPUT 1 "lsu_in_ack_o";
    .port_info 42 /OUTPUT 1 "lsu_in_error_o";
    .port_info 43 /OUTPUT 11 "lsu_in_resp_tag_o";
    .port_info 44 /OUTPUT 32 "lsu_out_addr_o";
    .port_info 45 /OUTPUT 32 "lsu_out_data_wr_o";
    .port_info 46 /OUTPUT 1 "lsu_out_rd_o";
    .port_info 47 /OUTPUT 4 "lsu_out_wr_o";
    .port_info 48 /OUTPUT 1 "lsu_out_cacheable_o";
    .port_info 49 /OUTPUT 11 "lsu_out_req_tag_o";
    .port_info 50 /OUTPUT 1 "lsu_out_invalidate_o";
    .port_info 51 /OUTPUT 1 "lsu_out_writeback_o";
    .port_info 52 /OUTPUT 1 "lsu_out_flush_o";
    .port_info 53 /OUTPUT 1 "lsu_in_load_fault_o";
    .port_info 54 /OUTPUT 1 "lsu_in_store_fault_o";
P_0x5b10b3e41820 .param/l "MEM_CACHE_ADDR_MAX" 0 20 32, C4<10001111111111111111111111111111>;
P_0x5b10b3e41860 .param/l "MEM_CACHE_ADDR_MIN" 0 20 31, C4<10000000000000000000000000000000>;
P_0x5b10b3e418a0 .param/l "STATE_IDLE" 1 20 110, +C4<00000000000000000000000000000000>;
P_0x5b10b3e418e0 .param/l "STATE_LEVEL_FIRST" 1 20 111, +C4<00000000000000000000000000000001>;
P_0x5b10b3e41920 .param/l "STATE_LEVEL_SECOND" 1 20 112, +C4<00000000000000000000000000000010>;
P_0x5b10b3e41960 .param/l "STATE_UPDATE" 1 20 113, +C4<00000000000000000000000000000011>;
P_0x5b10b3e419a0 .param/l "STATE_W" 1 20 109, +C4<00000000000000000000000000000010>;
P_0x5b10b3e419e0 .param/l "SUPPORT_MMU" 0 20 33, +C4<00000000000000000000000000000000>;
v0x5b10b3e4f5b0_0 .net "clk_i", 0 0, v0x5b10b3e64cc0_0;  alias, 1 drivers
v0x5b10b3e4f670_0 .net "fetch_in_accept_o", 0 0, L_0x5b10b3ee1700;  alias, 1 drivers
v0x5b10b3e4f780_0 .net "fetch_in_error_o", 0 0, L_0x5b10b3ee1870;  alias, 1 drivers
v0x5b10b3e4f870_0 .net "fetch_in_fault_o", 0 0, L_0x7c1d1eaaacd0;  alias, 1 drivers
v0x5b10b3e4f960_0 .net "fetch_in_flush_i", 0 0, L_0x5b10b3edfe10;  alias, 1 drivers
v0x5b10b3e4faa0_0 .net "fetch_in_inst_o", 63 0, L_0x5b10b3ee1970;  alias, 1 drivers
v0x5b10b3e4fb90_0 .net "fetch_in_invalidate_i", 0 0, L_0x7c1d1eaaac40;  alias, 1 drivers
v0x5b10b3e4fc80_0 .net "fetch_in_pc_i", 31 0, L_0x5b10b3edfcb0;  alias, 1 drivers
v0x5b10b3e4fd70_0 .net "fetch_in_priv_i", 1 0, L_0x5b10b3edfda0;  alias, 1 drivers
v0x5b10b3e4fe30_0 .net "fetch_in_rd_i", 0 0, L_0x5b10b3edfb00;  alias, 1 drivers
v0x5b10b3e4ff20_0 .net "fetch_in_valid_o", 0 0, L_0x5b10b3ee1800;  alias, 1 drivers
v0x5b10b3e50010_0 .net "fetch_out_accept_i", 0 0, L_0x7c1d1eaae090;  alias, 1 drivers
v0x5b10b3e500d0_0 .net "fetch_out_error_i", 0 0, L_0x7c1d1eaae0d8;  alias, 1 drivers
v0x5b10b3e50190_0 .net "fetch_out_flush_o", 0 0, L_0x5b10b3ee1500;  alias, 1 drivers
v0x5b10b3e50250_0 .net "fetch_out_inst_i", 63 0, v0x5b10b3e61ad0_0;  alias, 1 drivers
v0x5b10b3e50330_0 .net "fetch_out_invalidate_o", 0 0, L_0x5b10b3ee1600;  alias, 1 drivers
v0x5b10b3e503f0_0 .net "fetch_out_pc_o", 31 0, L_0x5b10b3ee1400;  alias, 1 drivers
v0x5b10b3e504d0_0 .net "fetch_out_rd_o", 0 0, L_0x5b10b3ee1300;  alias, 1 drivers
v0x5b10b3e50590_0 .net "fetch_out_valid_i", 0 0, v0x5b10b3e64510_0;  alias, 1 drivers
v0x5b10b3e50680_0 .net "flush_i", 0 0, L_0x5b10b3ef4d20;  alias, 1 drivers
v0x5b10b3e50720_0 .net "lsu_in_accept_o", 0 0, L_0x5b10b3ee2890;  alias, 1 drivers
v0x5b10b3e507c0_0 .net "lsu_in_ack_o", 0 0, L_0x5b10b3ee23d0;  alias, 1 drivers
v0x5b10b3e50860_0 .net "lsu_in_addr_i", 31 0, L_0x5b10b3eea0c0;  alias, 1 drivers
v0x5b10b3e50900_0 .net "lsu_in_cacheable_i", 0 0, v0x5b10b3e4aee0_0;  alias, 1 drivers
v0x5b10b3e509a0_0 .net "lsu_in_data_rd_o", 31 0, L_0x5b10b3ee2790;  alias, 1 drivers
v0x5b10b3e50a40_0 .net "lsu_in_data_wr_i", 31 0, v0x5b10b3e4b240_0;  alias, 1 drivers
v0x5b10b3e50ae0_0 .net "lsu_in_error_o", 0 0, L_0x5b10b3ee25e0;  alias, 1 drivers
v0x5b10b3e50b80_0 .net "lsu_in_flush_i", 0 0, v0x5b10b3e4b560_0;  alias, 1 drivers
v0x5b10b3e50c20_0 .net "lsu_in_invalidate_i", 0 0, v0x5b10b3e4b6e0_0;  alias, 1 drivers
v0x5b10b3e50cc0_0 .net "lsu_in_load_fault_o", 0 0, L_0x7c1d1eaaad60;  alias, 1 drivers
v0x5b10b3e50d60_0 .net "lsu_in_rd_i", 0 0, L_0x5b10b3eea5d0;  alias, 1 drivers
v0x5b10b3e50e30_0 .net "lsu_in_req_tag_i", 10 0, L_0x7c1d1eaabfa8;  alias, 1 drivers
v0x5b10b3e50f00_0 .net "lsu_in_resp_tag_o", 10 0, L_0x5b10b3ee2570;  alias, 1 drivers
v0x5b10b3e511e0_0 .net "lsu_in_store_fault_o", 0 0, L_0x7c1d1eaaad18;  alias, 1 drivers
v0x5b10b3e512b0_0 .net "lsu_in_wr_i", 3 0, L_0x5b10b3eea9a0;  alias, 1 drivers
v0x5b10b3e51380_0 .net "lsu_in_writeback_i", 0 0, v0x5b10b3e4c440_0;  alias, 1 drivers
v0x5b10b3e51450_0 .net "lsu_out_accept_i", 0 0, L_0x7c1d1eaae168;  alias, 1 drivers
v0x5b10b3e514f0_0 .net "lsu_out_ack_i", 0 0, v0x5b10b3e63070_0;  alias, 1 drivers
v0x5b10b3e51590_0 .net "lsu_out_addr_o", 31 0, L_0x5b10b3ee1c40;  alias, 1 drivers
v0x5b10b3e51630_0 .net "lsu_out_cacheable_o", 0 0, L_0x5b10b3ee1e40;  alias, 1 drivers
v0x5b10b3e516d0_0 .net "lsu_out_data_rd_i", 31 0, L_0x5b10b3f0fda0;  alias, 1 drivers
v0x5b10b3e51770_0 .net "lsu_out_data_wr_o", 31 0, L_0x5b10b3ee1d40;  alias, 1 drivers
v0x5b10b3e51810_0 .net "lsu_out_error_i", 0 0, L_0x7c1d1eaae120;  alias, 1 drivers
v0x5b10b3e518b0_0 .net "lsu_out_flush_o", 0 0, L_0x5b10b3ee22d0;  alias, 1 drivers
v0x5b10b3e51950_0 .net "lsu_out_invalidate_o", 0 0, L_0x5b10b3ee1eb0;  alias, 1 drivers
v0x5b10b3e51a10_0 .net "lsu_out_rd_o", 0 0, L_0x5b10b3ee19e0;  alias, 1 drivers
v0x5b10b3e51ad0_0 .net "lsu_out_req_tag_o", 10 0, L_0x5b10b3ee2140;  alias, 1 drivers
v0x5b10b3e51bb0_0 .net "lsu_out_resp_tag_i", 10 0, v0x5b10b3e63b10_0;  alias, 1 drivers
v0x5b10b3e51c90_0 .net "lsu_out_wr_o", 3 0, L_0x5b10b3ee1ae0;  alias, 1 drivers
v0x5b10b3e51d70_0 .net "lsu_out_writeback_o", 0 0, L_0x5b10b3ee1fb0;  alias, 1 drivers
v0x5b10b3e51e30_0 .net "mxr_i", 0 0, L_0x5b10b3ef5220;  alias, 1 drivers
v0x5b10b3e51f00_0 .net "priv_d_i", 1 0, L_0x5b10b3ef4e20;  alias, 1 drivers
v0x5b10b3e51fd0_0 .net "rst_i", 0 0, v0x5b10b3e65f10_0;  alias, 1 drivers
v0x5b10b3e52280_0 .net "satp_i", 31 0, L_0x5b10b3ef4cb0;  alias, 1 drivers
v0x5b10b3e52350_0 .net "sum_i", 0 0, L_0x5b10b3ef5180;  alias, 1 drivers
S_0x5b10b3e4f3b0 .scope generate, "genblk2" "genblk2" 20 119, 20 119 0, S_0x5b10b3e4e8f0;
 .timescale 0 0;
L_0x5b10b3ee1300 .functor BUFZ 1, L_0x5b10b3edfb00, C4<0>, C4<0>, C4<0>;
L_0x5b10b3ee1400 .functor BUFZ 32, L_0x5b10b3edfcb0, C4<00000000000000000000000000000000>, C4<00000000000000000000000000000000>, C4<00000000000000000000000000000000>;
L_0x5b10b3ee1500 .functor BUFZ 1, L_0x5b10b3edfe10, C4<0>, C4<0>, C4<0>;
L_0x5b10b3ee1600 .functor BUFZ 1, L_0x7c1d1eaaac40, C4<0>, C4<0>, C4<0>;
L_0x5b10b3ee1700 .functor BUFZ 1, L_0x7c1d1eaae090, C4<0>, C4<0>, C4<0>;
L_0x5b10b3ee1800 .functor BUFZ 1, v0x5b10b3e64510_0, C4<0>, C4<0>, C4<0>;
L_0x5b10b3ee1870 .functor BUFZ 1, L_0x7c1d1eaae0d8, C4<0>, C4<0>, C4<0>;
L_0x5b10b3ee1970 .functor BUFZ 64, v0x5b10b3e61ad0_0, C4<0000000000000000000000000000000000000000000000000000000000000000>, C4<0000000000000000000000000000000000000000000000000000000000000000>, C4<0000000000000000000000000000000000000000000000000000000000000000>;
L_0x5b10b3ee19e0 .functor BUFZ 1, L_0x5b10b3eea5d0, C4<0>, C4<0>, C4<0>;
L_0x5b10b3ee1ae0 .functor BUFZ 4, L_0x5b10b3eea9a0, C4<0000>, C4<0000>, C4<0000>;
L_0x5b10b3ee1c40 .functor BUFZ 32, L_0x5b10b3eea0c0, C4<00000000000000000000000000000000>, C4<00000000000000000000000000000000>, C4<00000000000000000000000000000000>;
L_0x5b10b3ee1d40 .functor BUFZ 32, v0x5b10b3e4b240_0, C4<00000000000000000000000000000000>, C4<00000000000000000000000000000000>, C4<00000000000000000000000000000000>;
L_0x5b10b3ee1eb0 .functor BUFZ 1, v0x5b10b3e4b6e0_0, C4<0>, C4<0>, C4<0>;
L_0x5b10b3ee1fb0 .functor BUFZ 1, v0x5b10b3e4c440_0, C4<0>, C4<0>, C4<0>;
L_0x5b10b3ee1e40 .functor BUFZ 1, v0x5b10b3e4aee0_0, C4<0>, C4<0>, C4<0>;
L_0x5b10b3ee2140 .functor BUFZ 11, L_0x7c1d1eaabfa8, C4<00000000000>, C4<00000000000>, C4<00000000000>;
L_0x5b10b3ee22d0 .functor BUFZ 1, v0x5b10b3e4b560_0, C4<0>, C4<0>, C4<0>;
L_0x5b10b3ee23d0 .functor BUFZ 1, v0x5b10b3e63070_0, C4<0>, C4<0>, C4<0>;
L_0x5b10b3ee2570 .functor BUFZ 11, v0x5b10b3e63b10_0, C4<00000000000>, C4<00000000000>, C4<00000000000>;
L_0x5b10b3ee25e0 .functor BUFZ 1, L_0x7c1d1eaae120, C4<0>, C4<0>, C4<0>;
L_0x5b10b3ee2790 .functor BUFZ 32, L_0x5b10b3f0fda0, C4<00000000000000000000000000000000>, C4<00000000000000000000000000000000>, C4<00000000000000000000000000000000>;
L_0x5b10b3ee2890 .functor BUFZ 1, L_0x7c1d1eaae168, C4<0>, C4<0>, C4<0>;
S_0x5b10b3e52ac0 .scope module, "u_mul" "biriscv_multiplier" 5 494, 21 26 0, S_0x5b10b3bef750;
 .timescale 0 0;
    .port_info 0 /INPUT 1 "clk_i";
    .port_info 1 /INPUT 1 "rst_i";
    .port_info 2 /INPUT 1 "opcode_valid_i";
    .port_info 3 /INPUT 32 "opcode_opcode_i";
    .port_info 4 /INPUT 32 "opcode_pc_i";
    .port_info 5 /INPUT 1 "opcode_invalid_i";
    .port_info 6 /INPUT 5 "opcode_rd_idx_i";
    .port_info 7 /INPUT 5 "opcode_ra_idx_i";
    .port_info 8 /INPUT 5 "opcode_rb_idx_i";
    .port_info 9 /INPUT 32 "opcode_ra_operand_i";
    .port_info 10 /INPUT 32 "opcode_rb_operand_i";
    .port_info 11 /INPUT 1 "hold_i";
    .port_info 12 /OUTPUT 32 "writeback_value_o";
P_0x5b10b3737710 .param/l "MULT_STAGES" 1 21 53, +C4<00000000000000000000000000000010>;
L_0x7c1d1eaace90 .functor BUFT 1, C4<11111110000000000111000001111111>, C4<0>, C4<0>, C4<0>;
L_0x5b10b3ef4ec0 .functor AND 32, L_0x5b10b3f0bd20, L_0x7c1d1eaace90, C4<11111111111111111111111111111111>, C4<11111111111111111111111111111111>;
L_0x7c1d1eaacf20 .functor BUFT 1, C4<11111110000000000111000001111111>, C4<0>, C4<0>, C4<0>;
L_0x5b10b3ef54b0 .functor AND 32, L_0x5b10b3f0bd20, L_0x7c1d1eaacf20, C4<11111111111111111111111111111111>, C4<11111111111111111111111111111111>;
L_0x5b10b3ef56f0 .functor OR 1, L_0x5b10b3ef53c0, L_0x5b10b3ef55b0, C4<0>, C4<0>;
L_0x7c1d1eaacfb0 .functor BUFT 1, C4<11111110000000000111000001111111>, C4<0>, C4<0>, C4<0>;
L_0x5b10b3ef5800 .functor AND 32, L_0x5b10b3f0bd20, L_0x7c1d1eaacfb0, C4<11111111111111111111111111111111>, C4<11111111111111111111111111111111>;
L_0x5b10b3ef5a00 .functor OR 1, L_0x5b10b3ef56f0, L_0x5b10b3ef58c0, C4<0>, C4<0>;
L_0x7c1d1eaad040 .functor BUFT 1, C4<11111110000000000111000001111111>, C4<0>, C4<0>, C4<0>;
L_0x5b10b3ef5b10 .functor AND 32, L_0x5b10b3f0bd20, L_0x7c1d1eaad040, C4<11111111111111111111111111111111>, C4<11111111111111111111111111111111>;
L_0x5b10b3ef5d10 .functor OR 1, L_0x5b10b3ef5a00, L_0x5b10b3ef5bd0, C4<0>, C4<0>;
L_0x5b10b3ef64f0 .functor BUFZ 32, v0x5b10b3e55510_0, C4<00000000000000000000000000000000>, C4<00000000000000000000000000000000>, C4<00000000000000000000000000000000>;
v0x5b10b3e53030_0 .net/2u *"_ivl_0", 31 0, L_0x7c1d1eaace90;  1 drivers
v0x5b10b3e53130_0 .net *"_ivl_10", 31 0, L_0x5b10b3ef54b0;  1 drivers
L_0x7c1d1eaacf68 .functor BUFT 1, C4<00000010000000000001000000110011>, C4<0>, C4<0>, C4<0>;
v0x5b10b3e53210_0 .net/2u *"_ivl_12", 31 0, L_0x7c1d1eaacf68;  1 drivers
v0x5b10b3e53300_0 .net *"_ivl_14", 0 0, L_0x5b10b3ef55b0;  1 drivers
v0x5b10b3e533c0_0 .net *"_ivl_17", 0 0, L_0x5b10b3ef56f0;  1 drivers
v0x5b10b3e534d0_0 .net/2u *"_ivl_18", 31 0, L_0x7c1d1eaacfb0;  1 drivers
v0x5b10b3e535b0_0 .net *"_ivl_2", 31 0, L_0x5b10b3ef4ec0;  1 drivers
v0x5b10b3e53690_0 .net *"_ivl_20", 31 0, L_0x5b10b3ef5800;  1 drivers
L_0x7c1d1eaacff8 .functor BUFT 1, C4<00000010000000000010000000110011>, C4<0>, C4<0>, C4<0>;
v0x5b10b3e53770_0 .net/2u *"_ivl_22", 31 0, L_0x7c1d1eaacff8;  1 drivers
v0x5b10b3e53850_0 .net *"_ivl_24", 0 0, L_0x5b10b3ef58c0;  1 drivers
v0x5b10b3e53910_0 .net *"_ivl_27", 0 0, L_0x5b10b3ef5a00;  1 drivers
v0x5b10b3e539d0_0 .net/2u *"_ivl_28", 31 0, L_0x7c1d1eaad040;  1 drivers
v0x5b10b3e53ab0_0 .net *"_ivl_30", 31 0, L_0x5b10b3ef5b10;  1 drivers
L_0x7c1d1eaad088 .functor BUFT 1, C4<00000010000000000011000000110011>, C4<0>, C4<0>, C4<0>;
v0x5b10b3e53b90_0 .net/2u *"_ivl_32", 31 0, L_0x7c1d1eaad088;  1 drivers
v0x5b10b3e53c70_0 .net *"_ivl_34", 0 0, L_0x5b10b3ef5bd0;  1 drivers
v0x5b10b3e53d30_0 .net *"_ivl_39", 0 0, L_0x5b10b3ef5e20;  1 drivers
L_0x7c1d1eaaced8 .functor BUFT 1, C4<00000010000000000000000000110011>, C4<0>, C4<0>, C4<0>;
v0x5b10b3e53e10_0 .net/2u *"_ivl_4", 31 0, L_0x7c1d1eaaced8;  1 drivers
v0x5b10b3e53ef0_0 .net *"_ivl_40", 31 0, L_0x5b10b3ef5ec0;  1 drivers
v0x5b10b3e53fd0_0 .net *"_ivl_42", 64 0, L_0x5b10b3ef6040;  1 drivers
v0x5b10b3e540b0_0 .net *"_ivl_45", 0 0, L_0x5b10b3ef6130;  1 drivers
v0x5b10b3e54190_0 .net *"_ivl_46", 31 0, L_0x5b10b3ef6220;  1 drivers
v0x5b10b3e54270_0 .net *"_ivl_48", 64 0, L_0x5b10b3ef6310;  1 drivers
v0x5b10b3e54350_0 .net *"_ivl_6", 0 0, L_0x5b10b3ef53c0;  1 drivers
v0x5b10b3e54410_0 .net/2u *"_ivl_8", 31 0, L_0x7c1d1eaacf20;  1 drivers
v0x5b10b3e544f0_0 .net "clk_i", 0 0, v0x5b10b3e64cc0_0;  alias, 1 drivers
v0x5b10b3e54590_0 .net "hold_i", 0 0, L_0x5b10b3efe070;  alias, 1 drivers
v0x5b10b3e54630_0 .var "mulhi_sel_e1_q", 0 0;
v0x5b10b3e546d0_0 .net "mult_inst_w", 0 0, L_0x5b10b3ef5d10;  1 drivers
v0x5b10b3e54790_0 .net "mult_result_w", 64 0, L_0x5b10b3ef6400;  1 drivers
v0x5b10b3e54870_0 .net "opcode_invalid_i", 0 0, L_0x7c1d1eaadd30;  alias, 1 drivers
v0x5b10b3e54940_0 .net "opcode_opcode_i", 31 0, L_0x5b10b3f0bd20;  alias, 1 drivers
v0x5b10b3e54a10_0 .net "opcode_pc_i", 31 0, L_0x5b10b3f0c130;  alias, 1 drivers
v0x5b10b3e54ae0_0 .net "opcode_ra_idx_i", 4 0, L_0x5b10b3f0c550;  alias, 1 drivers
v0x5b10b3e54dc0_0 .net "opcode_ra_operand_i", 31 0, L_0x5b10b3f0c270;  alias, 1 drivers
v0x5b10b3e54e90_0 .net "opcode_rb_idx_i", 4 0, L_0x5b10b3f0c1d0;  alias, 1 drivers
v0x5b10b3e54f60_0 .net "opcode_rb_operand_i", 31 0, L_0x5b10b3f0c7e0;  alias, 1 drivers
v0x5b10b3e55030_0 .net "opcode_rd_idx_i", 4 0, L_0x5b10b3f0c090;  alias, 1 drivers
v0x5b10b3e55100_0 .net "opcode_valid_i", 0 0, L_0x5b10b3f06190;  alias, 1 drivers
v0x5b10b3e551d0_0 .var "operand_a_e1_q", 32 0;
v0x5b10b3e55270_0 .var "operand_a_r", 32 0;
v0x5b10b3e55350_0 .var "operand_b_e1_q", 32 0;
v0x5b10b3e55430_0 .var "operand_b_r", 32 0;
v0x5b10b3e55510_0 .var "result_e2_q", 31 0;
v0x5b10b3e555f0_0 .var "result_e3_q", 31 0;
v0x5b10b3e556d0_0 .var "result_r", 31 0;
v0x5b10b3e557b0_0 .net "rst_i", 0 0, v0x5b10b3e65f10_0;  alias, 1 drivers
v0x5b10b3e55850_0 .net "writeback_value_o", 31 0, L_0x5b10b3ef64f0;  alias, 1 drivers
E_0x5b10b3e52ef0 .event edge, v0x5b10b3e54630_0, v0x5b10b3e54790_0;
E_0x5b10b3e52f70 .event edge, v0x5b10b3e35dc0_0, v0x5b10b3e36220_0;
E_0x5b10b3e52fd0 .event edge, v0x5b10b3e35dc0_0, v0x5b10b3e36060_0;
L_0x5b10b3ef53c0 .cmp/eq 32, L_0x5b10b3ef4ec0, L_0x7c1d1eaaced8;
L_0x5b10b3ef55b0 .cmp/eq 32, L_0x5b10b3ef54b0, L_0x7c1d1eaacf68;
L_0x5b10b3ef58c0 .cmp/eq 32, L_0x5b10b3ef5800, L_0x7c1d1eaacff8;
L_0x5b10b3ef5bd0 .cmp/eq 32, L_0x5b10b3ef5b10, L_0x7c1d1eaad088;
L_0x5b10b3ef5e20 .part v0x5b10b3e551d0_0, 32, 1;
LS_0x5b10b3ef5ec0_0_0 .concat [ 1 1 1 1], L_0x5b10b3ef5e20, L_0x5b10b3ef5e20, L_0x5b10b3ef5e20, L_0x5b10b3ef5e20;
LS_0x5b10b3ef5ec0_0_4 .concat [ 1 1 1 1], L_0x5b10b3ef5e20, L_0x5b10b3ef5e20, L_0x5b10b3ef5e20, L_0x5b10b3ef5e20;
LS_0x5b10b3ef5ec0_0_8 .concat [ 1 1 1 1], L_0x5b10b3ef5e20, L_0x5b10b3ef5e20, L_0x5b10b3ef5e20, L_0x5b10b3ef5e20;
LS_0x5b10b3ef5ec0_0_12 .concat [ 1 1 1 1], L_0x5b10b3ef5e20, L_0x5b10b3ef5e20, L_0x5b10b3ef5e20, L_0x5b10b3ef5e20;
LS_0x5b10b3ef5ec0_0_16 .concat [ 1 1 1 1], L_0x5b10b3ef5e20, L_0x5b10b3ef5e20, L_0x5b10b3ef5e20, L_0x5b10b3ef5e20;
LS_0x5b10b3ef5ec0_0_20 .concat [ 1 1 1 1], L_0x5b10b3ef5e20, L_0x5b10b3ef5e20, L_0x5b10b3ef5e20, L_0x5b10b3ef5e20;
LS_0x5b10b3ef5ec0_0_24 .concat [ 1 1 1 1], L_0x5b10b3ef5e20, L_0x5b10b3ef5e20, L_0x5b10b3ef5e20, L_0x5b10b3ef5e20;
LS_0x5b10b3ef5ec0_0_28 .concat [ 1 1 1 1], L_0x5b10b3ef5e20, L_0x5b10b3ef5e20, L_0x5b10b3ef5e20, L_0x5b10b3ef5e20;
LS_0x5b10b3ef5ec0_1_0 .concat [ 4 4 4 4], LS_0x5b10b3ef5ec0_0_0, LS_0x5b10b3ef5ec0_0_4, LS_0x5b10b3ef5ec0_0_8, LS_0x5b10b3ef5ec0_0_12;
LS_0x5b10b3ef5ec0_1_4 .concat [ 4 4 4 4], LS_0x5b10b3ef5ec0_0_16, LS_0x5b10b3ef5ec0_0_20, LS_0x5b10b3ef5ec0_0_24, LS_0x5b10b3ef5ec0_0_28;
L_0x5b10b3ef5ec0 .concat [ 16 16 0 0], LS_0x5b10b3ef5ec0_1_0, LS_0x5b10b3ef5ec0_1_4;
L_0x5b10b3ef6040 .concat [ 33 32 0 0], v0x5b10b3e551d0_0, L_0x5b10b3ef5ec0;
L_0x5b10b3ef6130 .part v0x5b10b3e55350_0, 32, 1;
LS_0x5b10b3ef6220_0_0 .concat [ 1 1 1 1], L_0x5b10b3ef6130, L_0x5b10b3ef6130, L_0x5b10b3ef6130, L_0x5b10b3ef6130;
LS_0x5b10b3ef6220_0_4 .concat [ 1 1 1 1], L_0x5b10b3ef6130, L_0x5b10b3ef6130, L_0x5b10b3ef6130, L_0x5b10b3ef6130;
LS_0x5b10b3ef6220_0_8 .concat [ 1 1 1 1], L_0x5b10b3ef6130, L_0x5b10b3ef6130, L_0x5b10b3ef6130, L_0x5b10b3ef6130;
LS_0x5b10b3ef6220_0_12 .concat [ 1 1 1 1], L_0x5b10b3ef6130, L_0x5b10b3ef6130, L_0x5b10b3ef6130, L_0x5b10b3ef6130;
LS_0x5b10b3ef6220_0_16 .concat [ 1 1 1 1], L_0x5b10b3ef6130, L_0x5b10b3ef6130, L_0x5b10b3ef6130, L_0x5b10b3ef6130;
LS_0x5b10b3ef6220_0_20 .concat [ 1 1 1 1], L_0x5b10b3ef6130, L_0x5b10b3ef6130, L_0x5b10b3ef6130, L_0x5b10b3ef6130;
LS_0x5b10b3ef6220_0_24 .concat [ 1 1 1 1], L_0x5b10b3ef6130, L_0x5b10b3ef6130, L_0x5b10b3ef6130, L_0x5b10b3ef6130;
LS_0x5b10b3ef6220_0_28 .concat [ 1 1 1 1], L_0x5b10b3ef6130, L_0x5b10b3ef6130, L_0x5b10b3ef6130, L_0x5b10b3ef6130;
LS_0x5b10b3ef6220_1_0 .concat [ 4 4 4 4], LS_0x5b10b3ef6220_0_0, LS_0x5b10b3ef6220_0_4, LS_0x5b10b3ef6220_0_8, LS_0x5b10b3ef6220_0_12;
LS_0x5b10b3ef6220_1_4 .concat [ 4 4 4 4], LS_0x5b10b3ef6220_0_16, LS_0x5b10b3ef6220_0_20, LS_0x5b10b3ef6220_0_24, LS_0x5b10b3ef6220_0_28;
L_0x5b10b3ef6220 .concat [ 16 16 0 0], LS_0x5b10b3ef6220_1_0, LS_0x5b10b3ef6220_1_4;
L_0x5b10b3ef6310 .concat [ 33 32 0 0], v0x5b10b3e55350_0, L_0x5b10b3ef6220;
L_0x5b10b3ef6400 .arith/mult 65, L_0x5b10b3ef6040, L_0x5b10b3ef6310;
S_0x5b10b3e60b90 .scope module, "u_mem" "tcm_mem" 3 108, 22 2 0, S_0x5b10b3beeff0;
 .timescale 0 0;
    .port_info 0 /INPUT 1 "clk_i";
    .port_info 1 /INPUT 1 "rst_i";
    .port_info 2 /INPUT 1 "mem_i_rd_i";
    .port_info 3 /INPUT 1 "mem_i_flush_i";
    .port_info 4 /INPUT 1 "mem_i_invalidate_i";
    .port_info 5 /INPUT 32 "mem_i_pc_i";
    .port_info 6 /INPUT 32 "mem_d_addr_i";
    .port_info 7 /INPUT 32 "mem_d_data_wr_i";
    .port_info 8 /INPUT 1 "mem_d_rd_i";
    .port_info 9 /INPUT 4 "mem_d_wr_i";
    .port_info 10 /INPUT 1 "mem_d_cacheable_i";
    .port_info 11 /INPUT 11 "mem_d_req_tag_i";
    .port_info 12 /INPUT 1 "mem_d_invalidate_i";
    .port_info 13 /INPUT 1 "mem_d_writeback_i";
    .port_info 14 /INPUT 1 "mem_d_flush_i";
    .port_info 15 /OUTPUT 1 "mem_i_accept_o";
    .port_info 16 /OUTPUT 1 "mem_i_valid_o";
    .port_info 17 /OUTPUT 1 "mem_i_error_o";
    .port_info 18 /OUTPUT 64 "mem_i_inst_o";
    .port_info 19 /OUTPUT 32 "mem_d_data_rd_o";
    .port_info 20 /OUTPUT 1 "mem_d_accept_o";
    .port_info 21 /OUTPUT 1 "mem_d_ack_o";
    .port_info 22 /OUTPUT 1 "mem_d_error_o";
    .port_info 23 /OUTPUT 11 "mem_d_resp_tag_o";
L_0x7c1d1eaadf70 .functor BUFT 1, C4<00000000000000000000000000000000>, C4<0>, C4<0>, C4<0>;
v0x5b10b3e62480_0 .net/2u *"_ivl_10", 31 0, L_0x7c1d1eaadf70;  1 drivers
v0x5b10b3e62580_0 .net *"_ivl_12", 63 0, L_0x5b10b3f0f6c0;  1 drivers
L_0x7c1d1eaadfb8 .functor BUFT 1, C4<00000000000000000000000000000000>, C4<0>, C4<0>, C4<0>;
v0x5b10b3e62660_0 .net/2u *"_ivl_14", 31 0, L_0x7c1d1eaadfb8;  1 drivers
v0x5b10b3e62720_0 .net *"_ivl_16", 63 0, L_0x5b10b3f0f760;  1 drivers
L_0x7c1d1eaae000 .functor BUFT 1, C4<0000>, C4<0>, C4<0>, C4<0>;
v0x5b10b3e62800_0 .net/2u *"_ivl_20", 3 0, L_0x7c1d1eaae000;  1 drivers
v0x5b10b3e628e0_0 .net *"_ivl_22", 7 0, L_0x5b10b3f0f8a0;  1 drivers
L_0x7c1d1eaae048 .functor BUFT 1, C4<0000>, C4<0>, C4<0>, C4<0>;
v0x5b10b3e629c0_0 .net/2u *"_ivl_24", 3 0, L_0x7c1d1eaae048;  1 drivers
v0x5b10b3e62aa0_0 .net *"_ivl_26", 7 0, L_0x5b10b3f0f940;  1 drivers
v0x5b10b3e62b80_0 .net *"_ivl_41", 31 0, L_0x5b10b3f0fbd0;  1 drivers
v0x5b10b3e62cf0_0 .net *"_ivl_43", 31 0, L_0x5b10b3f0fc70;  1 drivers
v0x5b10b3e62dd0_0 .net "clk_i", 0 0, v0x5b10b3e64cc0_0;  alias, 1 drivers
v0x5b10b3e62e70_0 .net "data_r_w", 63 0, v0x5b10b3e61bb0_0;  1 drivers
v0x5b10b3e62f30_0 .net "mem_d_accept_o", 0 0, L_0x7c1d1eaae168;  alias, 1 drivers
v0x5b10b3e62fd0_0 .net "mem_d_ack_o", 0 0, v0x5b10b3e63070_0;  alias, 1 drivers
v0x5b10b3e63070_0 .var "mem_d_ack_q", 0 0;
v0x5b10b3e63110_0 .net "mem_d_addr_i", 31 0, L_0x5b10b3ee1c40;  alias, 1 drivers
v0x5b10b3e63220_0 .net "mem_d_cacheable_i", 0 0, L_0x5b10b3ee1e40;  alias, 1 drivers
v0x5b10b3e63310_0 .net "mem_d_data_rd_o", 31 0, L_0x5b10b3f0fda0;  alias, 1 drivers
v0x5b10b3e63420_0 .net "mem_d_data_wr_i", 31 0, L_0x5b10b3ee1d40;  alias, 1 drivers
v0x5b10b3e63530_0 .net "mem_d_error_o", 0 0, L_0x7c1d1eaae120;  alias, 1 drivers
v0x5b10b3e63620_0 .net "mem_d_flush_i", 0 0, L_0x5b10b3ee22d0;  alias, 1 drivers
v0x5b10b3e63710_0 .net "mem_d_invalidate_i", 0 0, L_0x5b10b3ee1eb0;  alias, 1 drivers
v0x5b10b3e63800_0 .net "mem_d_rd_i", 0 0, L_0x5b10b3ee19e0;  alias, 1 drivers
v0x5b10b3e638f0_0 .net "mem_d_req_tag_i", 10 0, L_0x5b10b3ee2140;  alias, 1 drivers
v0x5b10b3e63a00_0 .net "mem_d_resp_tag_o", 10 0, v0x5b10b3e63b10_0;  alias, 1 drivers
v0x5b10b3e63b10_0 .var "mem_d_tag_q", 10 0;
v0x5b10b3e63bf0_0 .net "mem_d_wr_i", 3 0, L_0x5b10b3ee1ae0;  alias, 1 drivers
v0x5b10b3e63d00_0 .net "mem_d_writeback_i", 0 0, L_0x5b10b3ee1fb0;  alias, 1 drivers
v0x5b10b3e63df0_0 .net "mem_i_accept_o", 0 0, L_0x7c1d1eaae090;  alias, 1 drivers
v0x5b10b3e63ee0_0 .net "mem_i_error_o", 0 0, L_0x7c1d1eaae0d8;  alias, 1 drivers
v0x5b10b3e63fd0_0 .net "mem_i_flush_i", 0 0, L_0x5b10b3ee1500;  alias, 1 drivers
v0x5b10b3e640c0_0 .net "mem_i_inst_o", 63 0, v0x5b10b3e61ad0_0;  alias, 1 drivers
v0x5b10b3e64180_0 .net "mem_i_invalidate_i", 0 0, L_0x5b10b3ee1600;  alias, 1 drivers
v0x5b10b3e64270_0 .net "mem_i_pc_i", 31 0, L_0x5b10b3ee1400;  alias, 1 drivers
v0x5b10b3e64380_0 .net "mem_i_rd_i", 0 0, L_0x5b10b3ee1300;  alias, 1 drivers
v0x5b10b3e64470_0 .net "mem_i_valid_o", 0 0, v0x5b10b3e64510_0;  alias, 1 drivers
v0x5b10b3e64510_0 .var "mem_i_valid_q", 0 0;
v0x5b10b3e645d0_0 .var "muxed_hi_q", 0 0;
v0x5b10b3e64690_0 .net "muxed_hi_w", 0 0, L_0x5b10b3f0f400;  1 drivers
v0x5b10b3e64750_0 .net "rst_i", 0 0, v0x5b10b3e65f10_0;  alias, 1 drivers
L_0x5b10b3f0f400 .part L_0x5b10b3ee1c40, 2, 1;
L_0x5b10b3f0f580 .part L_0x5b10b3ee1400, 3, 14;
L_0x5b10b3f0f620 .part L_0x5b10b3ee1c40, 3, 14;
L_0x5b10b3f0f6c0 .concat [ 32 32 0 0], L_0x7c1d1eaadf70, L_0x5b10b3ee1d40;
L_0x5b10b3f0f760 .concat [ 32 32 0 0], L_0x5b10b3ee1d40, L_0x7c1d1eaadfb8;
L_0x5b10b3f0f800 .functor MUXZ 64, L_0x5b10b3f0f760, L_0x5b10b3f0f6c0, L_0x5b10b3f0f400, C4<>;
L_0x5b10b3f0f8a0 .concat [ 4 4 0 0], L_0x7c1d1eaae000, L_0x5b10b3ee1ae0;
L_0x5b10b3f0f940 .concat [ 4 4 0 0], L_0x5b10b3ee1ae0, L_0x7c1d1eaae048;
L_0x5b10b3f0f9e0 .functor MUXZ 8, L_0x5b10b3f0f940, L_0x5b10b3f0f8a0, L_0x5b10b3f0f400, C4<>;
L_0x5b10b3f0fbd0 .part v0x5b10b3e61bb0_0, 32, 32;
L_0x5b10b3f0fc70 .part v0x5b10b3e61bb0_0, 0, 32;
L_0x5b10b3f0fda0 .functor MUXZ 32, L_0x5b10b3f0fc70, L_0x5b10b3f0fbd0, v0x5b10b3e645d0_0, C4<>;
S_0x5b10b3e61040 .scope module, "u_ram" "tcm_mem_ram" 22 40, 23 2 0, S_0x5b10b3e60b90;
 .timescale 0 0;
    .port_info 0 /INPUT 1 "clk0_i";
    .port_info 1 /INPUT 1 "rst0_i";
    .port_info 2 /INPUT 14 "addr0_i";
    .port_info 3 /INPUT 64 "data0_i";
    .port_info 4 /INPUT 8 "wr0_i";
    .port_info 5 /INPUT 1 "clk1_i";
    .port_info 6 /INPUT 1 "rst1_i";
    .port_info 7 /INPUT 14 "addr1_i";
    .port_info 8 /INPUT 64 "data1_i";
    .port_info 9 /INPUT 8 "wr1_i";
    .port_info 10 /OUTPUT 64 "data0_o";
    .port_info 11 /OUTPUT 64 "data1_o";
v0x5b10b3e61320_0 .net "addr0_i", 13 0, L_0x5b10b3f0f580;  1 drivers
v0x5b10b3e61420_0 .net "addr1_i", 13 0, L_0x5b10b3f0f620;  1 drivers
v0x5b10b3e61500_0 .net "clk0_i", 0 0, v0x5b10b3e64cc0_0;  alias, 1 drivers
v0x5b10b3e615a0_0 .net "clk1_i", 0 0, v0x5b10b3e64cc0_0;  alias, 1 drivers
L_0x7c1d1eaadee0 .functor BUFT 1, C4<0000000000000000000000000000000000000000000000000000000000000000>, C4<0>, C4<0>, C4<0>;
v0x5b10b3e61640_0 .net "data0_i", 63 0, L_0x7c1d1eaadee0;  1 drivers
v0x5b10b3e61700_0 .net "data0_o", 63 0, v0x5b10b3e61ad0_0;  alias, 1 drivers
v0x5b10b3e617c0_0 .net "data1_i", 63 0, L_0x5b10b3f0f800;  1 drivers
v0x5b10b3e618a0_0 .net "data1_o", 63 0, v0x5b10b3e61bb0_0;  alias, 1 drivers
v0x5b10b3e61980 .array "ram", 0 16383, 63 0;
v0x5b10b3e61ad0_0 .var "ram_read0_q", 63 0;
v0x5b10b3e61bb0_0 .var "ram_read1_q", 63 0;
v0x5b10b3e61c90_0 .net "rst0_i", 0 0, v0x5b10b3e65f10_0;  alias, 1 drivers
v0x5b10b3e61d30_0 .net "rst1_i", 0 0, v0x5b10b3e65f10_0;  alias, 1 drivers
L_0x7c1d1eaadf28 .functor BUFT 1, C4<00000000>, C4<0>, C4<0>, C4<0>;
v0x5b10b3e61dd0_0 .net "wr0_i", 7 0, L_0x7c1d1eaadf28;  1 drivers
v0x5b10b3e61eb0_0 .net "wr1_i", 7 0, L_0x5b10b3f0f9e0;  1 drivers
S_0x5b10b3e62110 .scope task, "write" "write" 22 115, 22 115 0, S_0x5b10b3e60b90;
 .timescale 0 0;
v0x5b10b3e622c0_0 .var "addr", 31 0;
v0x5b10b3e623a0_0 .var "data", 7 0;
TD_tb_top.u_mem.write ;
    %load/vec4 v0x5b10b3e622c0_0;
    %parti/s 3, 0, 2;
    %dup/vec4;
    %pushi/vec4 0, 0, 3;
    %cmp/u;
    %jmp/1 T_6.74, 6;
    %dup/vec4;
    %pushi/vec4 1, 0, 3;
    %cmp/u;
    %jmp/1 T_6.75, 6;
    %dup/vec4;
    %pushi/vec4 2, 0, 3;
    %cmp/u;
    %jmp/1 T_6.76, 6;
    %dup/vec4;
    %pushi/vec4 3, 0, 3;
    %cmp/u;
    %jmp/1 T_6.77, 6;
    %dup/vec4;
    %pushi/vec4 4, 0, 3;
    %cmp/u;
    %jmp/1 T_6.78, 6;
    %dup/vec4;
    %pushi/vec4 5, 0, 3;
    %cmp/u;
    %jmp/1 T_6.79, 6;
    %dup/vec4;
    %pushi/vec4 6, 0, 3;
    %cmp/u;
    %jmp/1 T_6.80, 6;
    %dup/vec4;
    %pushi/vec4 7, 0, 3;
    %cmp/u;
    %jmp/1 T_6.81, 6;
    %jmp T_6.82;
T_6.74 ;
    %load/vec4 v0x5b10b3e623a0_0;
    %load/vec4 v0x5b10b3e622c0_0;
    %pushi/vec4 8, 0, 32;
    %div;
    %ix/vec4 4;
    %flag_mov 8, 4;
    %ix/load 5, 0, 0;
    %flag_set/imm 4, 0;
    %flag_or 4, 8;
    %store/vec4a v0x5b10b3e61980, 4, 5;
    %jmp T_6.82;
T_6.75 ;
    %load/vec4 v0x5b10b3e623a0_0;
    %load/vec4 v0x5b10b3e622c0_0;
    %pushi/vec4 8, 0, 32;
    %div;
    %ix/vec4 4;
    %flag_mov 8, 4;
    %ix/load 5, 8, 0;
    %flag_set/imm 4, 0;
    %flag_or 4, 8;
    %store/vec4a v0x5b10b3e61980, 4, 5;
    %jmp T_6.82;
T_6.76 ;
    %load/vec4 v0x5b10b3e623a0_0;
    %load/vec4 v0x5b10b3e622c0_0;
    %pushi/vec4 8, 0, 32;
    %div;
    %ix/vec4 4;
    %flag_mov 8, 4;
    %ix/load 5, 16, 0;
    %flag_set/imm 4, 0;
    %flag_or 4, 8;
    %store/vec4a v0x5b10b3e61980, 4, 5;
    %jmp T_6.82;
T_6.77 ;
    %load/vec4 v0x5b10b3e623a0_0;
    %load/vec4 v0x5b10b3e622c0_0;
    %pushi/vec4 8, 0, 32;
    %div;
    %ix/vec4 4;
    %flag_mov 8, 4;
    %ix/load 5, 24, 0;
    %flag_set/imm 4, 0;
    %flag_or 4, 8;
    %store/vec4a v0x5b10b3e61980, 4, 5;
    %jmp T_6.82;
T_6.78 ;
    %load/vec4 v0x5b10b3e623a0_0;
    %load/vec4 v0x5b10b3e622c0_0;
    %pushi/vec4 8, 0, 32;
    %div;
    %ix/vec4 4;
    %flag_mov 8, 4;
    %ix/load 5, 32, 0;
    %flag_set/imm 4, 0;
    %flag_or 4, 8;
    %store/vec4a v0x5b10b3e61980, 4, 5;
    %jmp T_6.82;
T_6.79 ;
    %load/vec4 v0x5b10b3e623a0_0;
    %load/vec4 v0x5b10b3e622c0_0;
    %pushi/vec4 8, 0, 32;
    %div;
    %ix/vec4 4;
    %flag_mov 8, 4;
    %ix/load 5, 40, 0;
    %flag_set/imm 4, 0;
    %flag_or 4, 8;
    %store/vec4a v0x5b10b3e61980, 4, 5;
    %jmp T_6.82;
T_6.80 ;
    %load/vec4 v0x5b10b3e623a0_0;
    %load/vec4 v0x5b10b3e622c0_0;
    %pushi/vec4 8, 0, 32;
    %div;
    %ix/vec4 4;
    %flag_mov 8, 4;
    %ix/load 5, 48, 0;
    %flag_set/imm 4, 0;
    %flag_or 4, 8;
    %store/vec4a v0x5b10b3e61980, 4, 5;
    %jmp T_6.82;
T_6.81 ;
    %load/vec4 v0x5b10b3e623a0_0;
    %load/vec4 v0x5b10b3e622c0_0;
    %pushi/vec4 8, 0, 32;
    %div;
    %ix/vec4 4;
    %flag_mov 8, 4;
    %ix/load 5, 56, 0;
    %flag_set/imm 4, 0;
    %flag_or 4, 8;
    %store/vec4a v0x5b10b3e61980, 4, 5;
    %jmp T_6.82;
T_6.82 ;
    %pop/vec4 1;
    %end;
    .scope S_0x5b10b3c28420;
T_7 ;
    %wait E_0x5b10b35fb970;
    %load/vec4 v0x5b10b3e0b6a0_0;
    %flag_set/vec4 8;
    %jmp/0xz  T_7.0, 8;
    %pushi/vec4 0, 0, 2;
    %assign/vec4 v0x5b10b3e0a660_0, 0;
    %pushi/vec4 0, 0, 1;
    %assign/vec4 v0x5b10b3e0b600_0, 0;
    %pushi/vec4 0, 0, 1;
    %assign/vec4 v0x5b10b3e0b9c0_0, 0;
    %pushi/vec4 0, 0, 32;
    %store/vec4 v0x5b10b3e0a980_0, 0, 32;
T_7.2 ;
    %load/vec4 v0x5b10b3e0a980_0;
    %cmpi/s 2, 0, 32;
    %jmp/0xz T_7.3, 5;
    %pushi/vec4 0, 0, 64;
    %ix/getv/s 3, v0x5b10b3e0a980_0;
    %ix/load 4, 0, 0; Constant delay
    %assign/vec4/a/d v0x5b10b3e0b560, 0, 4;
    %pushi/vec4 0, 0, 32;
    %ix/getv/s 3, v0x5b10b3e0a980_0;
    %ix/load 4, 0, 0; Constant delay
    %assign/vec4/a/d v0x5b10b3e0afc0, 0, 4;
    %pushi/vec4 0, 0, 2;
    %ix/getv/s 3, v0x5b10b3e0a980_0;
    %ix/load 4, 0, 0; Constant delay
    %assign/vec4/a/d v0x5b10b3e0ab60, 0, 4;
    %pushi/vec4 0, 0, 2;
    %ix/getv/s 3, v0x5b10b3e0a980_0;
    %ix/load 4, 0, 0; Constant delay
    %assign/vec4/a/d v0x5b10b3e0ad40, 0, 4;
    %pushi/vec4 0, 0, 1;
    %ix/getv/s 3, v0x5b10b3e0a980_0;
    %ix/load 4, 0, 0; Constant delay
    %assign/vec4/a/d v0x5b10b3e0b7e0, 0, 4;
    %pushi/vec4 0, 0, 1;
    %ix/getv/s 3, v0x5b10b3e0a980_0;
    %ix/load 4, 0, 0; Constant delay
    %assign/vec4/a/d v0x5b10b3e0b920, 0, 4;
    %load/vec4 v0x5b10b3e0a980_0;
    %addi 1, 0, 32;
    %store/vec4 v0x5b10b3e0a980_0, 0, 32;
    %jmp T_7.2;
T_7.3 ;
    %jmp T_7.1;
T_7.0 ;
    %load/vec4 v0x5b10b3e0a8e0_0;
    %flag_set/vec4 8;
    %jmp/0xz  T_7.4, 8;
    %pushi/vec4 0, 0, 2;
    %assign/vec4 v0x5b10b3e0a660_0, 0;
    %pushi/vec4 0, 0, 1;
    %assign/vec4 v0x5b10b3e0b600_0, 0;
    %pushi/vec4 0, 0, 1;
    %assign/vec4 v0x5b10b3e0b9c0_0, 0;
    %pushi/vec4 0, 0, 32;
    %store/vec4 v0x5b10b3e0a980_0, 0, 32;
T_7.6 ;
    %load/vec4 v0x5b10b3e0a980_0;
    %cmpi/s 2, 0, 32;
    %jmp/0xz T_7.7, 5;
    %pushi/vec4 0, 0, 2;
    %ix/getv/s 3, v0x5b10b3e0a980_0;
    %ix/load 4, 0, 0; Constant delay
    %assign/vec4/a/d v0x5b10b3e0ab60, 0, 4;
    %pushi/vec4 0, 0, 2;
    %ix/getv/s 3, v0x5b10b3e0a980_0;
    %ix/load 4, 0, 0; Constant delay
    %assign/vec4/a/d v0x5b10b3e0ad40, 0, 4;
    %load/vec4 v0x5b10b3e0a980_0;
    %addi 1, 0, 32;
    %store/vec4 v0x5b10b3e0a980_0, 0, 32;
    %jmp T_7.6;
T_7.7 ;
    %jmp T_7.5;
T_7.4 ;
    %load/vec4 v0x5b10b3e0b4c0_0;
    %flag_set/vec4 8;
    %jmp/0xz  T_7.8, 8;
    %load/vec4 v0x5b10b3e0a840_0;
    %load/vec4 v0x5b10b3e0b9c0_0;
    %pad/u 3;
    %ix/vec4 3;
    %ix/load 4, 0, 0; Constant delay
    %assign/vec4/a/d v0x5b10b3e0b560, 0, 4;
    %load/vec4 v0x5b10b3e0af20_0;
    %load/vec4 v0x5b10b3e0b9c0_0;
    %pad/u 3;
    %ix/vec4 3;
    %ix/load 4, 0, 0; Constant delay
    %assign/vec4/a/d v0x5b10b3e0afc0, 0, 4;
    %load/vec4 v0x5b10b3e0aa20_0;
    %load/vec4 v0x5b10b3e0b9c0_0;
    %pad/u 3;
    %ix/vec4 3;
    %ix/load 4, 0, 0; Constant delay
    %assign/vec4/a/d v0x5b10b3e0ab60, 0, 4;
    %load/vec4 v0x5b10b3e0ac00_0;
    %load/vec4 v0x5b10b3e0b9c0_0;
    %pad/u 3;
    %ix/vec4 3;
    %ix/load 4, 0, 0; Constant delay
    %assign/vec4/a/d v0x5b10b3e0ad40, 0, 4;
    %pushi/vec4 1, 0, 1;
    %load/vec4 v0x5b10b3e0b9c0_0;
    %pad/u 3;
    %ix/vec4 3;
    %ix/load 4, 0, 0; Constant delay
    %assign/vec4/a/d v0x5b10b3e0b7e0, 0, 4;
    %load/vec4 v0x5b10b3e0b380_0;
    %parti/s 1, 0, 2;
    %inv;
    %load/vec4 v0x5b10b3e0b9c0_0;
    %pad/u 3;
    %ix/vec4 3;
    %ix/load 4, 0, 0; Constant delay
    %assign/vec4/a/d v0x5b10b3e0b920, 0, 4;
    %load/vec4 v0x5b10b3e0b9c0_0;
    %pad/u 2;
    %addi 1, 0, 2;
    %pad/u 1;
    %assign/vec4 v0x5b10b3e0b9c0_0, 0;
T_7.8 ;
    %load/vec4 v0x5b10b3e0b1a0_0;
    %flag_set/vec4 8;
    %jmp/0xz  T_7.10, 8;
    %pushi/vec4 0, 0, 1;
    %load/vec4 v0x5b10b3e0b600_0;
    %pad/u 3;
    %ix/vec4 3;
    %ix/load 4, 0, 0; Constant delay
    %assign/vec4/a/d v0x5b10b3e0b7e0, 0, 4;
T_7.10 ;
    %load/vec4 v0x5b10b3e0b240_0;
    %flag_set/vec4 8;
    %jmp/0xz  T_7.12, 8;
    %pushi/vec4 0, 0, 1;
    %load/vec4 v0x5b10b3e0b600_0;
    %pad/u 3;
    %ix/vec4 3;
    %ix/load 4, 0, 0; Constant delay
    %assign/vec4/a/d v0x5b10b3e0b920, 0, 4;
T_7.12 ;
    %load/vec4 v0x5b10b3e0b2e0_0;
    %flag_set/vec4 8;
    %jmp/0xz  T_7.14, 8;
    %load/vec4 v0x5b10b3e0b600_0;
    %pad/u 2;
    %addi 1, 0, 2;
    %pad/u 1;
    %assign/vec4 v0x5b10b3e0b600_0, 0;
T_7.14 ;
    %load/vec4 v0x5b10b3e0b4c0_0;
    %load/vec4 v0x5b10b3e0b2e0_0;
    %inv;
    %and;
    %flag_set/vec4 8;
    %jmp/0xz  T_7.16, 8;
    %load/vec4 v0x5b10b3e0a660_0;
    %addi 1, 0, 2;
    %assign/vec4 v0x5b10b3e0a660_0, 0;
    %jmp T_7.17;
T_7.16 ;
    %load/vec4 v0x5b10b3e0b4c0_0;
    %inv;
    %load/vec4 v0x5b10b3e0b2e0_0;
    %and;
    %flag_set/vec4 8;
    %jmp/0xz  T_7.18, 8;
    %load/vec4 v0x5b10b3e0a660_0;
    %subi 1, 0, 2;
    %assign/vec4 v0x5b10b3e0a660_0, 0;
T_7.18 ;
T_7.17 ;
T_7.5 ;
T_7.1 ;
    %jmp T_7;
    .thread T_7;
    .scope S_0x5b10b3e0dae0;
T_8 ;
    %wait E_0x5b10b35fb970;
    %load/vec4 v0x5b10b3e10770_0;
    %flag_set/vec4 8;
    %jmp/0xz  T_8.0, 8;
    %pushi/vec4 0, 0, 1;
    %assign/vec4 v0x5b10b3e0ef80_0, 0;
    %pushi/vec4 0, 0, 32;
    %assign/vec4 v0x5b10b3e0ed00_0, 0;
    %jmp T_8.1;
T_8.0 ;
    %load/vec4 v0x5b10b3e0f020_0;
    %load/vec4 v0x5b10b3e0fa50_0;
    %load/vec4 v0x5b10b3e0ebc0_0;
    %nor/r;
    %or;
    %and;
    %flag_set/vec4 8;
    %jmp/0xz  T_8.2, 8;
    %load/vec4 v0x5b10b3e0f0c0_0;
    %assign/vec4 v0x5b10b3e0ef80_0, 0;
    %load/vec4 v0x5b10b3e0eda0_0;
    %assign/vec4 v0x5b10b3e0ed00_0, 0;
    %jmp T_8.3;
T_8.2 ;
    %load/vec4 v0x5b10b3e0fa50_0;
    %inv;
    %flag_set/vec4 8;
    %jmp/0xz  T_8.4, 8;
    %pushi/vec4 0, 0, 1;
    %assign/vec4 v0x5b10b3e0ef80_0, 0;
    %pushi/vec4 0, 0, 32;
    %assign/vec4 v0x5b10b3e0ed00_0, 0;
T_8.4 ;
T_8.3 ;
T_8.1 ;
    %jmp T_8;
    .thread T_8;
    .scope S_0x5b10b3c1d770;
T_9 ;
    %wait E_0x5b10b35fb970;
    %load/vec4 v0x5b10b3e10770_0;
    %flag_set/vec4 8;
    %jmp/0xz  T_9.0, 8;
    %pushi/vec4 0, 0, 1;
    %assign/vec4 v0x5b10b3e0ebc0_0, 0;
    %jmp T_9.1;
T_9.0 ;
    %pushi/vec4 0, 0, 1;
    %load/vec4 v0x5b10b3e0f0c0_0;
    %and;
    %load/vec4 v0x5b10b3e109f0_0;
    %inv;
    %and;
    %flag_set/vec4 8;
    %jmp/0xz  T_9.2, 8;
    %pushi/vec4 1, 0, 1;
    %assign/vec4 v0x5b10b3e0ebc0_0, 0;
    %jmp T_9.3;
T_9.2 ;
    %pushi/vec4 1, 0, 1;
    %load/vec4 v0x5b10b3e0f0c0_0;
    %and;
    %flag_set/vec4 8;
    %jmp/0xz  T_9.4, 8;
    %pushi/vec4 1, 0, 1;
    %assign/vec4 v0x5b10b3e0ebc0_0, 0;
T_9.4 ;
T_9.3 ;
T_9.1 ;
    %jmp T_9;
    .thread T_9;
    .scope S_0x5b10b3c1d770;
T_10 ;
    %wait E_0x5b10b35fb970;
    %load/vec4 v0x5b10b3e10770_0;
    %flag_set/vec4 8;
    %jmp/0xz  T_10.0, 8;
    %pushi/vec4 0, 0, 1;
    %assign/vec4 v0x5b10b3e10950_0, 0;
    %jmp T_10.1;
T_10.0 ;
    %load/vec4 v0x5b10b3e109f0_0;
    %assign/vec4 v0x5b10b3e10950_0, 0;
T_10.1 ;
    %jmp T_10;
    .thread T_10;
    .scope S_0x5b10b3c1d770;
T_11 ;
    %wait E_0x5b10b35fb970;
    %load/vec4 v0x5b10b3e10770_0;
    %flag_set/vec4 8;
    %jmp/0xz  T_11.0, 8;
    %pushi/vec4 0, 0, 1;
    %assign/vec4 v0x5b10b3e0fb90_0, 0;
    %jmp T_11.1;
T_11.0 ;
    %load/vec4 v0x5b10b3e101d0_0;
    %load/vec4 v0x5b10b3e0f9b0_0;
    %and;
    %flag_set/vec4 8;
    %jmp/0xz  T_11.2, 8;
    %pushi/vec4 1, 0, 1;
    %assign/vec4 v0x5b10b3e0fb90_0, 0;
    %jmp T_11.3;
T_11.2 ;
    %load/vec4 v0x5b10b3e10270_0;
    %flag_set/vec4 8;
    %jmp/0xz  T_11.4, 8;
    %pushi/vec4 0, 0, 1;
    %assign/vec4 v0x5b10b3e0fb90_0, 0;
T_11.4 ;
T_11.3 ;
T_11.1 ;
    %jmp T_11;
    .thread T_11;
    .scope S_0x5b10b3c1d770;
T_12 ;
    %wait E_0x5b10b35fb970;
    %load/vec4 v0x5b10b3e10770_0;
    %flag_set/vec4 8;
    %jmp/0xz  T_12.0, 8;
    %pushi/vec4 0, 0, 1;
    %assign/vec4 v0x5b10b3e0fe10_0, 0;
    %jmp T_12.1;
T_12.0 ;
    %load/vec4 v0x5b10b3e0fd70_0;
    %load/vec4 v0x5b10b3e0f9b0_0;
    %nor/r;
    %and;
    %flag_set/vec4 8;
    %jmp/0xz  T_12.2, 8;
    %pushi/vec4 1, 0, 1;
    %assign/vec4 v0x5b10b3e0fe10_0, 0;
    %jmp T_12.3;
T_12.2 ;
    %pushi/vec4 0, 0, 1;
    %assign/vec4 v0x5b10b3e0fe10_0, 0;
T_12.3 ;
T_12.1 ;
    %jmp T_12;
    .thread T_12;
    .scope S_0x5b10b3c1d770;
T_13 ;
    %wait E_0x5b10b35fb970;
    %load/vec4 v0x5b10b3e10770_0;
    %flag_set/vec4 8;
    %jmp/0xz  T_13.0, 8;
    %pushi/vec4 0, 0, 32;
    %assign/vec4 v0x5b10b3e10630_0, 0;
    %jmp T_13.1;
T_13.0 ;
    %pushi/vec4 0, 0, 1;
    %load/vec4 v0x5b10b3e0f0c0_0;
    %and;
    %load/vec4 v0x5b10b3e109f0_0;
    %inv;
    %and;
    %flag_set/vec4 8;
    %jmp/0xz  T_13.2, 8;
    %load/vec4 v0x5b10b3e0eda0_0;
    %assign/vec4 v0x5b10b3e10630_0, 0;
    %jmp T_13.3;
T_13.2 ;
    %pushi/vec4 1, 0, 1;
    %load/vec4 v0x5b10b3e109f0_0;
    %load/vec4 v0x5b10b3e0ebc0_0;
    %nor/r;
    %or;
    %load/vec4 v0x5b10b3e10950_0;
    %or;
    %and;
    %load/vec4 v0x5b10b3e0f0c0_0;
    %and;
    %flag_set/vec4 8;
    %jmp/0xz  T_13.4, 8;
    %load/vec4 v0x5b10b3e0eda0_0;
    %assign/vec4 v0x5b10b3e10630_0, 0;
    %jmp T_13.5;
T_13.4 ;
    %load/vec4 v0x5b10b3e109f0_0;
    %nor/r;
    %flag_set/vec4 8;
    %jmp/0xz  T_13.6, 8;
    %load/vec4 v0x5b10b3e10310_0;
    %assign/vec4 v0x5b10b3e10630_0, 0;
T_13.6 ;
T_13.5 ;
T_13.3 ;
T_13.1 ;
    %jmp T_13;
    .thread T_13;
    .scope S_0x5b10b3c1d770;
T_14 ;
    %wait E_0x5b10b35fb970;
    %load/vec4 v0x5b10b3e10770_0;
    %flag_set/vec4 8;
    %jmp/0xz  T_14.0, 8;
    %pushi/vec4 0, 0, 32;
    %assign/vec4 v0x5b10b3e104f0_0, 0;
    %jmp T_14.1;
T_14.0 ;
    %load/vec4 v0x5b10b3e101d0_0;
    %load/vec4 v0x5b10b3e0f9b0_0;
    %and;
    %flag_set/vec4 8;
    %jmp/0xz  T_14.2, 8;
    %load/vec4 v0x5b10b3e0fff0_0;
    %assign/vec4 v0x5b10b3e104f0_0, 0;
T_14.2 ;
T_14.1 ;
    %jmp T_14;
    .thread T_14;
    .scope S_0x5b10b3c1d770;
T_15 ;
    %wait E_0x5b10b35fb970;
    %load/vec4 v0x5b10b3e10770_0;
    %flag_set/vec4 8;
    %jmp/0xz  T_15.0, 8;
    %pushi/vec4 0, 0, 2;
    %assign/vec4 v0x5b10b3e106d0_0, 0;
    %jmp T_15.1;
T_15.0 ;
    %load/vec4 v0x5b10b3e101d0_0;
    %load/vec4 v0x5b10b3e0f9b0_0;
    %and;
    %flag_set/vec4 8;
    %jmp/0xz  T_15.2, 8;
    %load/vec4 v0x5b10b3e103b0_0;
    %assign/vec4 v0x5b10b3e106d0_0, 0;
    %jmp T_15.3;
T_15.2 ;
    %load/vec4 v0x5b10b3e10270_0;
    %flag_set/vec4 8;
    %jmp/0xz  T_15.4, 8;
    %pushi/vec4 0, 0, 2;
    %assign/vec4 v0x5b10b3e106d0_0, 0;
T_15.4 ;
T_15.3 ;
T_15.1 ;
    %jmp T_15;
    .thread T_15;
    .scope S_0x5b10b3c1d770;
T_16 ;
    %wait E_0x5b10b35fb970;
    %load/vec4 v0x5b10b3e10770_0;
    %flag_set/vec4 8;
    %jmp/0xz  T_16.0, 8;
    %pushi/vec4 0, 0, 100;
    %assign/vec4 v0x5b10b3e10810_0, 0;
    %pushi/vec4 0, 0, 1;
    %assign/vec4 v0x5b10b3e108b0_0, 0;
    %jmp T_16.1;
T_16.0 ;
    %load/vec4 v0x5b10b3e0f910_0;
    %load/vec4 v0x5b10b3e0f200_0;
    %nor/r;
    %and;
    %flag_set/vec4 8;
    %jmp/0xz  T_16.2, 8;
    %pushi/vec4 1, 0, 1;
    %assign/vec4 v0x5b10b3e108b0_0, 0;
    %load/vec4 v0x5b10b3e0f340_0;
    %load/vec4 v0x5b10b3e0f2a0_0;
    %concat/vec4; draw_concat_vec4
    %load/vec4 v0x5b10b3e0f7d0_0;
    %concat/vec4; draw_concat_vec4
    %load/vec4 v0x5b10b3e0f730_0;
    %concat/vec4; draw_concat_vec4
    %load/vec4 v0x5b10b3e0f3e0_0;
    %concat/vec4; draw_concat_vec4
    %assign/vec4 v0x5b10b3e10810_0, 0;
    %jmp T_16.3;
T_16.2 ;
    %pushi/vec4 0, 0, 1;
    %assign/vec4 v0x5b10b3e108b0_0, 0;
    %pushi/vec4 0, 0, 100;
    %assign/vec4 v0x5b10b3e10810_0, 0;
T_16.3 ;
T_16.1 ;
    %jmp T_16;
    .thread T_16;
    .scope S_0x5b10b3e3e3a0;
T_17 ;
    %wait E_0x5b10b35fb970;
    %load/vec4 v0x5b10b3e3f850_0;
    %flag_set/vec4 8;
    %jmp/0xz  T_17.0, 8;
    %pushi/vec4 0, 0, 2;
    %assign/vec4 v0x5b10b3e3f1b0_0, 0;
    %pushi/vec4 0, 0, 1;
    %assign/vec4 v0x5b10b3e3f770_0, 0;
    %pushi/vec4 0, 0, 1;
    %assign/vec4 v0x5b10b3e3f9b0_0, 0;
    %pushi/vec4 0, 0, 32;
    %store/vec4 v0x5b10b3e3f450_0, 0, 32;
T_17.2 ;
    %load/vec4 v0x5b10b3e3f450_0;
    %cmpi/s 2, 0, 32;
    %jmp/0xz T_17.3, 5;
    %pushi/vec4 0, 0, 36;
    %ix/getv/s 3, v0x5b10b3e3f450_0;
    %ix/load 4, 0, 0; Constant delay
    %assign/vec4/a/d v0x5b10b3e3f6b0, 0, 4;
    %load/vec4 v0x5b10b3e3f450_0;
    %addi 1, 0, 32;
    %store/vec4 v0x5b10b3e3f450_0, 0, 32;
    %jmp T_17.2;
T_17.3 ;
    %jmp T_17.1;
T_17.0 ;
    %load/vec4 v0x5b10b3e3f5f0_0;
    %load/vec4 v0x5b10b3e3f050_0;
    %and;
    %flag_set/vec4 8;
    %jmp/0xz  T_17.4, 8;
    %load/vec4 v0x5b10b3e3f290_0;
    %load/vec4 v0x5b10b3e3f9b0_0;
    %pad/u 3;
    %ix/vec4 3;
    %ix/load 4, 0, 0; Constant delay
    %assign/vec4/a/d v0x5b10b3e3f6b0, 0, 4;
    %load/vec4 v0x5b10b3e3f9b0_0;
    %pad/u 2;
    %addi 1, 0, 2;
    %pad/u 1;
    %assign/vec4 v0x5b10b3e3f9b0_0, 0;
T_17.4 ;
    %load/vec4 v0x5b10b3e3f530_0;
    %load/vec4 v0x5b10b3e3f8f0_0;
    %and;
    %flag_set/vec4 8;
    %jmp/0xz  T_17.6, 8;
    %load/vec4 v0x5b10b3e3f770_0;
    %pad/u 2;
    %addi 1, 0, 2;
    %pad/u 1;
    %assign/vec4 v0x5b10b3e3f770_0, 0;
T_17.6 ;
    %load/vec4 v0x5b10b3e3f5f0_0;
    %load/vec4 v0x5b10b3e3f050_0;
    %and;
    %load/vec4 v0x5b10b3e3f530_0;
    %load/vec4 v0x5b10b3e3f8f0_0;
    %and;
    %inv;
    %and;
    %flag_set/vec4 8;
    %jmp/0xz  T_17.8, 8;
    %load/vec4 v0x5b10b3e3f1b0_0;
    %addi 1, 0, 2;
    %assign/vec4 v0x5b10b3e3f1b0_0, 0;
    %jmp T_17.9;
T_17.8 ;
    %load/vec4 v0x5b10b3e3f5f0_0;
    %load/vec4 v0x5b10b3e3f050_0;
    %and;
    %inv;
    %load/vec4 v0x5b10b3e3f530_0;
    %load/vec4 v0x5b10b3e3f8f0_0;
    %and;
    %and;
    %flag_set/vec4 8;
    %jmp/0xz  T_17.10, 8;
    %load/vec4 v0x5b10b3e3f1b0_0;
    %subi 1, 0, 2;
    %assign/vec4 v0x5b10b3e3f1b0_0, 0;
T_17.10 ;
T_17.9 ;
T_17.1 ;
    %jmp T_17;
    .thread T_17;
    .scope S_0x5b10b3e149e0;
T_18 ;
    %wait E_0x5b10b35fb970;
    %load/vec4 v0x5b10b3e469f0_0;
    %flag_set/vec4 8;
    %jmp/0xz  T_18.0, 8;
    %pushi/vec4 0, 0, 1;
    %assign/vec4 v0x5b10b3e4b3e0_0, 0;
    %pushi/vec4 0, 0, 1;
    %assign/vec4 v0x5b10b3e4aac0_0, 0;
    %jmp T_18.1;
T_18.0 ;
    %load/vec4 v0x5b10b3e4b320_0;
    %assign/vec4 v0x5b10b3e4b3e0_0, 0;
    %load/vec4 v0x5b10b3e4aa00_0;
    %assign/vec4 v0x5b10b3e4aac0_0, 0;
T_18.1 ;
    %jmp T_18;
    .thread T_18;
    .scope S_0x5b10b3e149e0;
T_19 ;
    %wait E_0x5b10b35fb970;
    %load/vec4 v0x5b10b3e469f0_0;
    %flag_set/vec4 8;
    %jmp/0xz  T_19.0, 8;
    %pushi/vec4 0, 0, 1;
    %assign/vec4 v0x5b10b3e4cda0_0, 0;
    %jmp T_19.1;
T_19.0 ;
    %load/vec4 v0x5b10b3e4a4c0_0;
    %flag_set/vec4 8;
    %jmp/0xz  T_19.2, 8;
    %pushi/vec4 1, 0, 1;
    %assign/vec4 v0x5b10b3e4cda0_0, 0;
    %jmp T_19.3;
T_19.2 ;
    %load/vec4 v0x5b10b3e49c80_0;
    %flag_set/vec4 8;
    %load/vec4 v0x5b10b3e49bc0_0;
    %flag_set/vec4 9;
    %flag_or 9, 8;
    %jmp/0xz  T_19.4, 9;
    %pushi/vec4 0, 0, 1;
    %assign/vec4 v0x5b10b3e4cda0_0, 0;
T_19.4 ;
T_19.3 ;
T_19.1 ;
    %jmp T_19;
    .thread T_19;
    .scope S_0x5b10b3e149e0;
T_20 ;
    %wait E_0x5b10b35fb970;
    %load/vec4 v0x5b10b3e469f0_0;
    %flag_set/vec4 8;
    %jmp/0xz  T_20.0, 8;
    %pushi/vec4 0, 0, 1;
    %assign/vec4 v0x5b10b3e4bf60_0, 0;
    %jmp T_20.1;
T_20.0 ;
    %load/vec4 v0x5b10b3e4bea0_0;
    %load/vec4 v0x5b10b3e49f80_0;
    %inv;
    %and;
    %assign/vec4 v0x5b10b3e4bf60_0, 0;
T_20.1 ;
    %jmp T_20;
    .thread T_20;
    .scope S_0x5b10b3e149e0;
T_21 ;
    %wait E_0x5b10b3e3e310;
    %pushi/vec4 0, 0, 32;
    %store/vec4 v0x5b10b3e4ad40_0, 0, 32;
    %pushi/vec4 0, 0, 32;
    %store/vec4 v0x5b10b3e4afa0_0, 0, 32;
    %pushi/vec4 0, 0, 1;
    %store/vec4 v0x5b10b3e4c020_0, 0, 1;
    %pushi/vec4 0, 0, 4;
    %store/vec4 v0x5b10b3e4c2a0_0, 0, 4;
    %pushi/vec4 0, 0, 1;
    %store/vec4 v0x5b10b3e4bb60_0, 0, 1;
    %load/vec4 v0x5b10b3e4ccd0_0;
    %load/vec4 v0x5b10b3e4c720_0;
    %pushi/vec4 28799, 0, 32;
    %and;
    %pushi/vec4 4211, 0, 32;
    %cmp/e;
    %flag_get/vec4 4;
    %and;
    %flag_set/vec4 8;
    %jmp/0xz  T_21.0, 8;
    %load/vec4 v0x5b10b3e4c990_0;
    %store/vec4 v0x5b10b3e4ad40_0, 0, 32;
    %jmp T_21.1;
T_21.0 ;
    %load/vec4 v0x5b10b3e4ccd0_0;
    %load/vec4 v0x5b10b3e4a700_0;
    %and;
    %flag_set/vec4 8;
    %jmp/0xz  T_21.2, 8;
    %load/vec4 v0x5b10b3e4c990_0;
    %load/vec4 v0x5b10b3e4c720_0;
    %parti/s 1, 31, 6;
    %replicate 20;
    %load/vec4 v0x5b10b3e4c720_0;
    %parti/s 12, 20, 6;
    %concat/vec4; draw_concat_vec4
    %add;
    %store/vec4 v0x5b10b3e4ad40_0, 0, 32;
    %jmp T_21.3;
T_21.2 ;
    %load/vec4 v0x5b10b3e4c990_0;
    %load/vec4 v0x5b10b3e4c720_0;
    %parti/s 1, 31, 6;
    %replicate 20;
    %load/vec4 v0x5b10b3e4c720_0;
    %parti/s 7, 25, 6;
    %concat/vec4; draw_concat_vec4
    %load/vec4 v0x5b10b3e4c720_0;
    %parti/s 5, 7, 4;
    %concat/vec4; draw_concat_vec4
    %add;
    %store/vec4 v0x5b10b3e4ad40_0, 0, 32;
T_21.3 ;
T_21.1 ;
    %load/vec4 v0x5b10b3e4ccd0_0;
    %load/vec4 v0x5b10b3e4d2a0_0;
    %and;
    %flag_set/vec4 8;
    %jmp/0xz  T_21.4, 8;
    %load/vec4 v0x5b10b3e4ad40_0;
    %parti/s 2, 0, 2;
    %pushi/vec4 0, 0, 2;
    %cmp/ne;
    %flag_get/vec4 4;
    %store/vec4 v0x5b10b3e4c020_0, 0, 1;
    %jmp T_21.5;
T_21.4 ;
    %load/vec4 v0x5b10b3e4ccd0_0;
    %load/vec4 v0x5b10b3e4d120_0;
    %and;
    %flag_set/vec4 8;
    %jmp/0xz  T_21.6, 8;
    %load/vec4 v0x5b10b3e4ad40_0;
    %parti/s 1, 0, 2;
    %store/vec4 v0x5b10b3e4c020_0, 0, 1;
T_21.6 ;
T_21.5 ;
    %load/vec4 v0x5b10b3e4ccd0_0;
    %load/vec4 v0x5b10b3e4a700_0;
    %and;
    %load/vec4 v0x5b10b3e4c020_0;
    %nor/r;
    %and;
    %store/vec4 v0x5b10b3e4bb60_0, 0, 1;
    %load/vec4 v0x5b10b3e4ccd0_0;
    %load/vec4 v0x5b10b3e4c720_0;
    %pushi/vec4 28799, 0, 32;
    %and;
    %pushi/vec4 8227, 0, 32;
    %cmp/e;
    %flag_get/vec4 4;
    %and;
    %load/vec4 v0x5b10b3e4c020_0;
    %nor/r;
    %and;
    %flag_set/vec4 8;
    %jmp/0xz  T_21.8, 8;
    %load/vec4 v0x5b10b3e4cb30_0;
    %store/vec4 v0x5b10b3e4afa0_0, 0, 32;
    %pushi/vec4 15, 0, 4;
    %store/vec4 v0x5b10b3e4c2a0_0, 0, 4;
    %jmp T_21.9;
T_21.8 ;
    %load/vec4 v0x5b10b3e4ccd0_0;
    %load/vec4 v0x5b10b3e4c720_0;
    %pushi/vec4 28799, 0, 32;
    %and;
    %pushi/vec4 4131, 0, 32;
    %cmp/e;
    %flag_get/vec4 4;
    %and;
    %load/vec4 v0x5b10b3e4c020_0;
    %nor/r;
    %and;
    %flag_set/vec4 8;
    %jmp/0xz  T_21.10, 8;
    %load/vec4 v0x5b10b3e4ad40_0;
    %parti/s 2, 0, 2;
    %dup/vec4;
    %pushi/vec4 2, 0, 2;
    %cmp/u;
    %jmp/1 T_21.12, 6;
    %pushi/vec4 0, 0, 16;
    %load/vec4 v0x5b10b3e4cb30_0;
    %parti/s 16, 0, 2;
    %concat/vec4; draw_concat_vec4
    %store/vec4 v0x5b10b3e4afa0_0, 0, 32;
    %pushi/vec4 3, 0, 4;
    %store/vec4 v0x5b10b3e4c2a0_0, 0, 4;
    %jmp T_21.14;
T_21.12 ;
    %load/vec4 v0x5b10b3e4cb30_0;
    %parti/s 16, 0, 2;
    %concati/vec4 0, 0, 16;
    %store/vec4 v0x5b10b3e4afa0_0, 0, 32;
    %pushi/vec4 12, 0, 4;
    %store/vec4 v0x5b10b3e4c2a0_0, 0, 4;
    %jmp T_21.14;
T_21.14 ;
    %pop/vec4 1;
    %jmp T_21.11;
T_21.10 ;
    %load/vec4 v0x5b10b3e4ccd0_0;
    %load/vec4 v0x5b10b3e4c720_0;
    %pushi/vec4 28799, 0, 32;
    %and;
    %pushi/vec4 35, 0, 32;
    %cmp/e;
    %flag_get/vec4 4;
    %and;
    %flag_set/vec4 8;
    %jmp/0xz  T_21.15, 8;
    %load/vec4 v0x5b10b3e4ad40_0;
    %parti/s 2, 0, 2;
    %dup/vec4;
    %pushi/vec4 3, 0, 2;
    %cmp/u;
    %jmp/1 T_21.17, 6;
    %dup/vec4;
    %pushi/vec4 2, 0, 2;
    %cmp/u;
    %jmp/1 T_21.18, 6;
    %dup/vec4;
    %pushi/vec4 1, 0, 2;
    %cmp/u;
    %jmp/1 T_21.19, 6;
    %dup/vec4;
    %pushi/vec4 0, 0, 2;
    %cmp/u;
    %jmp/1 T_21.20, 6;
    %jmp T_21.22;
T_21.17 ;
    %load/vec4 v0x5b10b3e4cb30_0;
    %parti/s 8, 0, 2;
    %concati/vec4 0, 0, 24;
    %store/vec4 v0x5b10b3e4afa0_0, 0, 32;
    %pushi/vec4 8, 0, 4;
    %store/vec4 v0x5b10b3e4c2a0_0, 0, 4;
    %jmp T_21.22;
T_21.18 ;
    %pushi/vec4 0, 0, 8;
    %load/vec4 v0x5b10b3e4cb30_0;
    %parti/s 8, 0, 2;
    %concat/vec4; draw_concat_vec4
    %concati/vec4 0, 0, 16;
    %store/vec4 v0x5b10b3e4afa0_0, 0, 32;
    %pushi/vec4 4, 0, 4;
    %store/vec4 v0x5b10b3e4c2a0_0, 0, 4;
    %jmp T_21.22;
T_21.19 ;
    %pushi/vec4 0, 0, 16;
    %load/vec4 v0x5b10b3e4cb30_0;
    %parti/s 8, 0, 2;
    %concat/vec4; draw_concat_vec4
    %concati/vec4 0, 0, 8;
    %store/vec4 v0x5b10b3e4afa0_0, 0, 32;
    %pushi/vec4 2, 0, 4;
    %store/vec4 v0x5b10b3e4c2a0_0, 0, 4;
    %jmp T_21.22;
T_21.20 ;
    %pushi/vec4 0, 0, 24;
    %load/vec4 v0x5b10b3e4cb30_0;
    %parti/s 8, 0, 2;
    %concat/vec4; draw_concat_vec4
    %store/vec4 v0x5b10b3e4afa0_0, 0, 32;
    %pushi/vec4 1, 0, 4;
    %store/vec4 v0x5b10b3e4c2a0_0, 0, 4;
    %jmp T_21.22;
T_21.22 ;
    %pop/vec4 1;
    %jmp T_21.16;
T_21.15 ;
    %pushi/vec4 0, 0, 4;
    %store/vec4 v0x5b10b3e4c2a0_0, 0, 4;
T_21.16 ;
T_21.11 ;
T_21.9 ;
    %jmp T_21;
    .thread T_21, $push;
    .scope S_0x5b10b3e149e0;
T_22 ;
    %wait E_0x5b10b35fb970;
    %load/vec4 v0x5b10b3e469f0_0;
    %flag_set/vec4 8;
    %jmp/0xz  T_22.0, 8;
    %pushi/vec4 0, 0, 32;
    %assign/vec4 v0x5b10b3e4ac60_0, 0;
    %pushi/vec4 0, 0, 32;
    %assign/vec4 v0x5b10b3e4b240_0, 0;
    %pushi/vec4 0, 0, 1;
    %assign/vec4 v0x5b10b3e4baa0_0, 0;
    %pushi/vec4 0, 0, 4;
    %assign/vec4 v0x5b10b3e4c1c0_0, 0;
    %pushi/vec4 0, 0, 1;
    %assign/vec4 v0x5b10b3e4aee0_0, 0;
    %pushi/vec4 0, 0, 1;
    %assign/vec4 v0x5b10b3e4b6e0_0, 0;
    %pushi/vec4 0, 0, 1;
    %assign/vec4 v0x5b10b3e4c440_0, 0;
    %pushi/vec4 0, 0, 1;
    %assign/vec4 v0x5b10b3e4b560_0, 0;
    %pushi/vec4 0, 0, 1;
    %assign/vec4 v0x5b10b3e4bea0_0, 0;
    %pushi/vec4 0, 0, 1;
    %assign/vec4 v0x5b10b3e4b860_0, 0;
    %pushi/vec4 0, 0, 1;
    %assign/vec4 v0x5b10b3e4c500_0, 0;
    %pushi/vec4 0, 0, 1;
    %assign/vec4 v0x5b10b3e4c5c0_0, 0;
    %pushi/vec4 0, 0, 1;
    %assign/vec4 v0x5b10b3e4b920_0, 0;
    %jmp T_22.1;
T_22.0 ;
    %load/vec4 v0x5b10b3e49bc0_0;
    %flag_set/vec4 8;
    %load/vec4 v0x5b10b3e4bf60_0;
    %flag_set/vec4 9;
    %flag_or 9, 8;
    %jmp/0xz  T_22.2, 9;
    %pushi/vec4 0, 0, 32;
    %assign/vec4 v0x5b10b3e4ac60_0, 0;
    %pushi/vec4 0, 0, 32;
    %assign/vec4 v0x5b10b3e4b240_0, 0;
    %pushi/vec4 0, 0, 1;
    %assign/vec4 v0x5b10b3e4baa0_0, 0;
    %pushi/vec4 0, 0, 4;
    %assign/vec4 v0x5b10b3e4c1c0_0, 0;
    %pushi/vec4 0, 0, 1;
    %assign/vec4 v0x5b10b3e4aee0_0, 0;
    %pushi/vec4 0, 0, 1;
    %assign/vec4 v0x5b10b3e4b6e0_0, 0;
    %pushi/vec4 0, 0, 1;
    %assign/vec4 v0x5b10b3e4c440_0, 0;
    %pushi/vec4 0, 0, 1;
    %assign/vec4 v0x5b10b3e4b560_0, 0;
    %pushi/vec4 0, 0, 1;
    %assign/vec4 v0x5b10b3e4bea0_0, 0;
    %pushi/vec4 0, 0, 1;
    %assign/vec4 v0x5b10b3e4b860_0, 0;
    %pushi/vec4 0, 0, 1;
    %assign/vec4 v0x5b10b3e4c500_0, 0;
    %pushi/vec4 0, 0, 1;
    %assign/vec4 v0x5b10b3e4c5c0_0, 0;
    %pushi/vec4 0, 0, 1;
    %assign/vec4 v0x5b10b3e4b920_0, 0;
    %jmp T_22.3;
T_22.2 ;
    %load/vec4 v0x5b10b3e4baa0_0;
    %load/vec4 v0x5b10b3e4c1c0_0;
    %or/r;
    %or;
    %load/vec4 v0x5b10b3e4bea0_0;
    %or;
    %load/vec4 v0x5b10b3e49f80_0;
    %and;
    %flag_set/vec4 8;
    %jmp/0xz  T_22.4, 8;
    %jmp T_22.5;
T_22.4 ;
    %load/vec4 v0x5b10b3e4c380_0;
    %load/vec4 v0x5b10b3e4b620_0;
    %or;
    %load/vec4 v0x5b10b3e4b4a0_0;
    %or;
    %load/vec4 v0x5b10b3e4b9e0_0;
    %or;
    %load/vec4 v0x5b10b3e4c0e0_0;
    %pushi/vec4 0, 0, 4;
    %cmp/ne;
    %flag_get/vec4 4;
    %or;
    %load/vec4 v0x5b10b3e4a940_0;
    %nor/r;
    %and;
    %nor/r;
    %flag_set/vec4 8;
    %jmp/0xz  T_22.6, 8;
    %pushi/vec4 0, 0, 32;
    %assign/vec4 v0x5b10b3e4ac60_0, 0;
    %load/vec4 v0x5b10b3e4afa0_0;
    %assign/vec4 v0x5b10b3e4b240_0, 0;
    %load/vec4 v0x5b10b3e4bb60_0;
    %assign/vec4 v0x5b10b3e4baa0_0, 0;
    %load/vec4 v0x5b10b3e4c2a0_0;
    %assign/vec4 v0x5b10b3e4c1c0_0, 0;
    %pushi/vec4 0, 0, 1;
    %assign/vec4 v0x5b10b3e4aee0_0, 0;
    %pushi/vec4 0, 0, 1;
    %assign/vec4 v0x5b10b3e4b6e0_0, 0;
    %pushi/vec4 0, 0, 1;
    %assign/vec4 v0x5b10b3e4c440_0, 0;
    %pushi/vec4 0, 0, 1;
    %assign/vec4 v0x5b10b3e4b560_0, 0;
    %load/vec4 v0x5b10b3e4c020_0;
    %assign/vec4 v0x5b10b3e4bea0_0, 0;
    %load/vec4 v0x5b10b3e4ccd0_0;
    %load/vec4 v0x5b10b3e4a700_0;
    %and;
    %assign/vec4 v0x5b10b3e4b860_0, 0;
    %load/vec4 v0x5b10b3e4ce40_0;
    %load/vec4 v0x5b10b3e4d060_0;
    %or;
    %assign/vec4 v0x5b10b3e4c500_0, 0;
    %load/vec4 v0x5b10b3e4cee0_0;
    %load/vec4 v0x5b10b3e4d1e0_0;
    %or;
    %assign/vec4 v0x5b10b3e4c5c0_0, 0;
    %load/vec4 v0x5b10b3e4a7c0_0;
    %assign/vec4 v0x5b10b3e4b920_0, 0;
    %pushi/vec4 2147483648, 0, 32;
    %load/vec4 v0x5b10b3e4ad40_0;
    %cmp/u;
    %flag_get/vec4 4;
    %flag_get/vec4 5;
    %or;
    %load/vec4 v0x5b10b3e4ad40_0;
    %cmpi/u 2415919103, 0, 32;
    %flag_get/vec4 4;
    %flag_get/vec4 5;
    %or;
    %and;
    %load/vec4 v0x5b10b3e4ccd0_0;
    %load/vec4 v0x5b10b3e49e00_0;
    %load/vec4 v0x5b10b3e49ec0_0;
    %or;
    %load/vec4 v0x5b10b3e49d40_0;
    %or;
    %and;
    %or;
    %assign/vec4 v0x5b10b3e4aee0_0, 0;
    %load/vec4 v0x5b10b3e4ccd0_0;
    %load/vec4 v0x5b10b3e49e00_0;
    %and;
    %assign/vec4 v0x5b10b3e4b6e0_0, 0;
    %load/vec4 v0x5b10b3e4ccd0_0;
    %load/vec4 v0x5b10b3e49ec0_0;
    %and;
    %assign/vec4 v0x5b10b3e4c440_0, 0;
    %load/vec4 v0x5b10b3e4ccd0_0;
    %load/vec4 v0x5b10b3e49d40_0;
    %and;
    %assign/vec4 v0x5b10b3e4b560_0, 0;
    %load/vec4 v0x5b10b3e4ad40_0;
    %assign/vec4 v0x5b10b3e4ac60_0, 0;
T_22.6 ;
T_22.5 ;
T_22.3 ;
T_22.1 ;
    %jmp T_22;
    .thread T_22;
    .scope S_0x5b10b3e149e0;
T_23 ;
    %wait E_0x5b10b3e14de0;
    %pushi/vec4 0, 0, 32;
    %store/vec4 v0x5b10b3e46c00_0, 0, 32;
    %load/vec4 v0x5b10b3e4d420_0;
    %parti/s 2, 0, 2;
    %store/vec4 v0x5b10b3e49a40_0, 0, 2;
    %load/vec4 v0x5b10b3e4d500_0;
    %store/vec4 v0x5b10b3e4a580_0, 0, 1;
    %load/vec4 v0x5b10b3e4d5c0_0;
    %store/vec4 v0x5b10b3e4a640_0, 0, 1;
    %load/vec4 v0x5b10b3e4d740_0;
    %store/vec4 v0x5b10b3e4a880_0, 0, 1;
    %load/vec4 v0x5b10b3e4aac0_0;
    %load/vec4 v0x5b10b3e4b3e0_0;
    %and;
    %flag_set/vec4 8;
    %load/vec4 v0x5b10b3e4bf60_0;
    %flag_set/vec4 9;
    %flag_or 9, 8;
    %jmp/0xz  T_23.0, 9;
    %load/vec4 v0x5b10b3e4d420_0;
    %store/vec4 v0x5b10b3e46c00_0, 0, 32;
    %jmp T_23.1;
T_23.0 ;
    %load/vec4 v0x5b10b3e4aac0_0;
    %load/vec4 v0x5b10b3e4d680_0;
    %and;
    %flag_set/vec4 8;
    %jmp/0xz  T_23.2, 8;
    %load/vec4 v0x5b10b3e4a580_0;
    %flag_set/vec4 8;
    %jmp/0xz  T_23.4, 8;
    %load/vec4 v0x5b10b3e49a40_0;
    %dup/vec4;
    %pushi/vec4 3, 0, 2;
    %cmp/u;
    %jmp/1 T_23.6, 6;
    %dup/vec4;
    %pushi/vec4 2, 0, 2;
    %cmp/u;
    %jmp/1 T_23.7, 6;
    %dup/vec4;
    %pushi/vec4 1, 0, 2;
    %cmp/u;
    %jmp/1 T_23.8, 6;
    %dup/vec4;
    %pushi/vec4 0, 0, 2;
    %cmp/u;
    %jmp/1 T_23.9, 6;
    %jmp T_23.10;
T_23.6 ;
    %pushi/vec4 0, 0, 24;
    %load/vec4 v0x5b10b3e4b080_0;
    %parti/s 8, 24, 6;
    %concat/vec4; draw_concat_vec4
    %store/vec4 v0x5b10b3e46c00_0, 0, 32;
    %jmp T_23.10;
T_23.7 ;
    %pushi/vec4 0, 0, 24;
    %load/vec4 v0x5b10b3e4b080_0;
    %parti/s 8, 16, 6;
    %concat/vec4; draw_concat_vec4
    %store/vec4 v0x5b10b3e46c00_0, 0, 32;
    %jmp T_23.10;
T_23.8 ;
    %pushi/vec4 0, 0, 24;
    %load/vec4 v0x5b10b3e4b080_0;
    %parti/s 8, 8, 5;
    %concat/vec4; draw_concat_vec4
    %store/vec4 v0x5b10b3e46c00_0, 0, 32;
    %jmp T_23.10;
T_23.9 ;
    %pushi/vec4 0, 0, 24;
    %load/vec4 v0x5b10b3e4b080_0;
    %parti/s 8, 0, 2;
    %concat/vec4; draw_concat_vec4
    %store/vec4 v0x5b10b3e46c00_0, 0, 32;
    %jmp T_23.10;
T_23.10 ;
    %pop/vec4 1;
    %load/vec4 v0x5b10b3e4a880_0;
    %load/vec4 v0x5b10b3e46c00_0;
    %parti/s 1, 7, 4;
    %and;
    %flag_set/vec4 8;
    %jmp/0xz  T_23.11, 8;
    %pushi/vec4 16777215, 0, 24;
    %load/vec4 v0x5b10b3e46c00_0;
    %parti/s 8, 0, 2;
    %concat/vec4; draw_concat_vec4
    %store/vec4 v0x5b10b3e46c00_0, 0, 32;
T_23.11 ;
    %jmp T_23.5;
T_23.4 ;
    %load/vec4 v0x5b10b3e4a640_0;
    %flag_set/vec4 8;
    %jmp/0xz  T_23.13, 8;
    %load/vec4 v0x5b10b3e49a40_0;
    %parti/s 1, 1, 2;
    %flag_set/vec4 8;
    %jmp/0xz  T_23.15, 8;
    %pushi/vec4 0, 0, 16;
    %load/vec4 v0x5b10b3e4b080_0;
    %parti/s 16, 16, 6;
    %concat/vec4; draw_concat_vec4
    %store/vec4 v0x5b10b3e46c00_0, 0, 32;
    %jmp T_23.16;
T_23.15 ;
    %pushi/vec4 0, 0, 16;
    %load/vec4 v0x5b10b3e4b080_0;
    %parti/s 16, 0, 2;
    %concat/vec4; draw_concat_vec4
    %store/vec4 v0x5b10b3e46c00_0, 0, 32;
T_23.16 ;
    %load/vec4 v0x5b10b3e4a880_0;
    %load/vec4 v0x5b10b3e46c00_0;
    %parti/s 1, 15, 5;
    %and;
    %flag_set/vec4 8;
    %jmp/0xz  T_23.17, 8;
    %pushi/vec4 65535, 0, 16;
    %load/vec4 v0x5b10b3e46c00_0;
    %parti/s 16, 0, 2;
    %concat/vec4; draw_concat_vec4
    %store/vec4 v0x5b10b3e46c00_0, 0, 32;
T_23.17 ;
    %jmp T_23.14;
T_23.13 ;
    %load/vec4 v0x5b10b3e4b080_0;
    %store/vec4 v0x5b10b3e46c00_0, 0, 32;
T_23.14 ;
T_23.5 ;
T_23.2 ;
T_23.1 ;
    %jmp T_23;
    .thread T_23, $push;
    .scope S_0x5b10b3bec770;
T_24 ;
    %wait E_0x5b10b37a17b0;
    %load/vec4 v0x5b10b367d8d0_0;
    %load/vec4 v0x5b10b387e0c0_0;
    %and;
    %store/vec4 v0x5b10b36ba590_0, 0, 32;
    %load/vec4 v0x5b10b3d2ac90_0;
    %parti/s 1, 3, 3;
    %flag_set/vec4 8;
    %jmp/0 T_24.0, 8;
    %load/vec4 v0x5b10b36ba590_0;
    %jmp/1 T_24.1, 8;
T_24.0 ; End of true expr.
    %pushi/vec4 0, 0, 32;
    %jmp/0 T_24.1, 8;
 ; End of false expr.
    %blend;
T_24.1;
    %store/vec4 v0x5b10b36e77a0_0, 0, 32;
    %pushi/vec4 3, 0, 2;
    %store/vec4 v0x5b10b3d90090_0, 0, 2;
    %jmp T_24;
    .thread T_24, $push;
    .scope S_0x5b10b3bec770;
T_25 ;
    %wait E_0x5b10b35fb970;
    %load/vec4 v0x5b10b3c4f420_0;
    %flag_set/vec4 8;
    %jmp/0xz  T_25.0, 8;
    %pushi/vec4 3, 0, 2;
    %assign/vec4 v0x5b10b3d8fba0_0, 0;
    %jmp T_25.1;
T_25.0 ;
    %load/vec4 v0x5b10b36e77a0_0;
    %or/r;
    %flag_set/vec4 8;
    %jmp/0xz  T_25.2, 8;
    %load/vec4 v0x5b10b3d90090_0;
    %assign/vec4 v0x5b10b3d8fba0_0, 0;
T_25.2 ;
T_25.1 ;
    %jmp T_25;
    .thread T_25;
    .scope S_0x5b10b3bec770;
T_26 ;
    %wait E_0x5b10b35fb970;
    %load/vec4 v0x5b10b3c4f420_0;
    %flag_set/vec4 8;
    %jmp/0xz  T_26.0, 8;
    %pushi/vec4 0, 0, 1;
    %assign/vec4 v0x5b10b37d5d00_0, 0;
    %jmp T_26.1;
T_26.0 ;
    %load/vec4 v0x5b10b3dd4ee0_0;
    %load/vec4 v0x5b10b3729bb0_0;
    %pushi/vec4 836, 0, 12;
    %cmp/e;
    %flag_get/vec4 4;
    %and;
    %flag_set/vec4 8;
    %load/vec4 v0x5b10b3dd4ee0_0;
    %load/vec4 v0x5b10b3729bb0_0;
    %pushi/vec4 324, 0, 12;
    %cmp/e;
    %flag_get/vec4 4;
    %and;
    %flag_set/vec4 9;
    %flag_or 9, 8;
    %jmp/0xz  T_26.2, 9;
    %pushi/vec4 1, 0, 1;
    %assign/vec4 v0x5b10b37d5d00_0, 0;
    %jmp T_26.3;
T_26.2 ;
    %load/vec4 v0x5b10b36859f0_0;
    %cmpi/e 836, 0, 12;
    %flag_mov 8, 4;
    %load/vec4 v0x5b10b36859f0_0;
    %cmpi/e 324, 0, 12;
    %flag_or 4, 8;
    %flag_mov 8, 4;
    %load/vec4 v0x5b10b38578a0_0;
    %or/r;
    %flag_set/vec4 9;
    %flag_or 9, 8;
    %jmp/0xz  T_26.4, 9;
    %pushi/vec4 0, 0, 1;
    %assign/vec4 v0x5b10b37d5d00_0, 0;
T_26.4 ;
T_26.3 ;
T_26.1 ;
    %jmp T_26;
    .thread T_26;
    .scope S_0x5b10b3bec770;
T_27 ;
    %wait E_0x5b10b37b5b20;
    %pushi/vec4 0, 0, 32;
    %store/vec4 v0x5b10b3bdc500_0, 0, 32;
    %load/vec4 v0x5b10b3729bb0_0;
    %dup/vec4;
    %pushi/vec4 832, 0, 12;
    %cmp/u;
    %jmp/1 T_27.0, 6;
    %dup/vec4;
    %pushi/vec4 833, 0, 12;
    %cmp/u;
    %jmp/1 T_27.1, 6;
    %dup/vec4;
    %pushi/vec4 773, 0, 12;
    %cmp/u;
    %jmp/1 T_27.2, 6;
    %dup/vec4;
    %pushi/vec4 834, 0, 12;
    %cmp/u;
    %jmp/1 T_27.3, 6;
    %dup/vec4;
    %pushi/vec4 835, 0, 12;
    %cmp/u;
    %jmp/1 T_27.4, 6;
    %dup/vec4;
    %pushi/vec4 768, 0, 12;
    %cmp/u;
    %jmp/1 T_27.5, 6;
    %dup/vec4;
    %pushi/vec4 836, 0, 12;
    %cmp/u;
    %jmp/1 T_27.6, 6;
    %dup/vec4;
    %pushi/vec4 772, 0, 12;
    %cmp/u;
    %jmp/1 T_27.7, 6;
    %dup/vec4;
    %pushi/vec4 3072, 0, 12;
    %cmp/u;
    %jmp/1 T_27.8, 6;
    %dup/vec4;
    %pushi/vec4 3073, 0, 12;
    %cmp/u;
    %jmp/1 T_27.9, 6;
    %dup/vec4;
    %pushi/vec4 3201, 0, 12;
    %cmp/u;
    %jmp/1 T_27.10, 6;
    %dup/vec4;
    %pushi/vec4 3860, 0, 12;
    %cmp/u;
    %jmp/1 T_27.11, 6;
    %dup/vec4;
    %pushi/vec4 769, 0, 12;
    %cmp/u;
    %jmp/1 T_27.12, 6;
    %dup/vec4;
    %pushi/vec4 770, 0, 12;
    %cmp/u;
    %jmp/1 T_27.13, 6;
    %dup/vec4;
    %pushi/vec4 771, 0, 12;
    %cmp/u;
    %jmp/1 T_27.14, 6;
    %dup/vec4;
    %pushi/vec4 1984, 0, 12;
    %cmp/u;
    %jmp/1 T_27.15, 6;
    %dup/vec4;
    %pushi/vec4 256, 0, 12;
    %cmp/u;
    %jmp/1 T_27.16, 6;
    %dup/vec4;
    %pushi/vec4 324, 0, 12;
    %cmp/u;
    %jmp/1 T_27.17, 6;
    %dup/vec4;
    %pushi/vec4 260, 0, 12;
    %cmp/u;
    %jmp/1 T_27.18, 6;
    %dup/vec4;
    %pushi/vec4 321, 0, 12;
    %cmp/u;
    %jmp/1 T_27.19, 6;
    %dup/vec4;
    %pushi/vec4 261, 0, 12;
    %cmp/u;
    %jmp/1 T_27.20, 6;
    %dup/vec4;
    %pushi/vec4 322, 0, 12;
    %cmp/u;
    %jmp/1 T_27.21, 6;
    %dup/vec4;
    %pushi/vec4 323, 0, 12;
    %cmp/u;
    %jmp/1 T_27.22, 6;
    %dup/vec4;
    %pushi/vec4 384, 0, 12;
    %cmp/u;
    %jmp/1 T_27.23, 6;
    %dup/vec4;
    %pushi/vec4 320, 0, 12;
    %cmp/u;
    %jmp/1 T_27.24, 6;
    %pushi/vec4 0, 0, 32;
    %store/vec4 v0x5b10b3bdc500_0, 0, 32;
    %jmp T_27.26;
T_27.0 ;
    %load/vec4 v0x5b10b382ae40_0;
    %pushi/vec4 4294967295, 0, 32;
    %and;
    %store/vec4 v0x5b10b3bdc500_0, 0, 32;
    %jmp T_27.26;
T_27.1 ;
    %load/vec4 v0x5b10b36d2170_0;
    %pushi/vec4 4294967295, 0, 32;
    %and;
    %store/vec4 v0x5b10b3bdc500_0, 0, 32;
    %jmp T_27.26;
T_27.2 ;
    %load/vec4 v0x5b10b3729a90_0;
    %pushi/vec4 4294967295, 0, 32;
    %and;
    %store/vec4 v0x5b10b3bdc500_0, 0, 32;
    %jmp T_27.26;
T_27.3 ;
    %load/vec4 v0x5b10b3612950_0;
    %pushi/vec4 2147483663, 0, 32;
    %and;
    %store/vec4 v0x5b10b3bdc500_0, 0, 32;
    %jmp T_27.26;
T_27.4 ;
    %load/vec4 v0x5b10b3745f60_0;
    %pushi/vec4 4294967295, 0, 32;
    %and;
    %store/vec4 v0x5b10b3bdc500_0, 0, 32;
    %jmp T_27.26;
T_27.5 ;
    %load/vec4 v0x5b10b3d2ac90_0;
    %pushi/vec4 4294967295, 0, 32;
    %and;
    %store/vec4 v0x5b10b3bdc500_0, 0, 32;
    %jmp T_27.26;
T_27.6 ;
    %load/vec4 v0x5b10b367d8d0_0;
    %pushi/vec4 2730, 0, 32;
    %and;
    %store/vec4 v0x5b10b3bdc500_0, 0, 32;
    %jmp T_27.26;
T_27.7 ;
    %load/vec4 v0x5b10b387e0c0_0;
    %pushi/vec4 2730, 0, 32;
    %and;
    %store/vec4 v0x5b10b3bdc500_0, 0, 32;
    %jmp T_27.26;
T_27.8 ;
    %load/vec4 v0x5b10b362df70_0;
    %store/vec4 v0x5b10b3bdc500_0, 0, 32;
    %jmp T_27.26;
T_27.9 ;
    %load/vec4 v0x5b10b362df70_0;
    %store/vec4 v0x5b10b3bdc500_0, 0, 32;
    %jmp T_27.26;
T_27.10 ;
    %load/vec4 v0x5b10b35fbad0_0;
    %store/vec4 v0x5b10b3bdc500_0, 0, 32;
    %jmp T_27.26;
T_27.11 ;
    %load/vec4 v0x5b10b3784030_0;
    %store/vec4 v0x5b10b3bdc500_0, 0, 32;
    %jmp T_27.26;
T_27.12 ;
    %load/vec4 v0x5b10b3d1cdf0_0;
    %store/vec4 v0x5b10b3bdc500_0, 0, 32;
    %jmp T_27.26;
T_27.13 ;
    %pushi/vec4 0, 0, 32;
    %store/vec4 v0x5b10b3bdc500_0, 0, 32;
    %jmp T_27.26;
T_27.14 ;
    %pushi/vec4 0, 0, 32;
    %store/vec4 v0x5b10b3bdc500_0, 0, 32;
    %jmp T_27.26;
T_27.15 ;
    %load/vec4 v0x5b10b37d5b80_0;
    %store/vec4 v0x5b10b3bdc500_0, 0, 32;
    %jmp T_27.26;
T_27.16 ;
    %pushi/vec4 0, 0, 32;
    %store/vec4 v0x5b10b3bdc500_0, 0, 32;
    %jmp T_27.26;
T_27.17 ;
    %pushi/vec4 0, 0, 32;
    %store/vec4 v0x5b10b3bdc500_0, 0, 32;
    %jmp T_27.26;
T_27.18 ;
    %pushi/vec4 0, 0, 32;
    %store/vec4 v0x5b10b3bdc500_0, 0, 32;
    %jmp T_27.26;
T_27.19 ;
    %pushi/vec4 0, 0, 32;
    %store/vec4 v0x5b10b3bdc500_0, 0, 32;
    %jmp T_27.26;
T_27.20 ;
    %pushi/vec4 0, 0, 32;
    %store/vec4 v0x5b10b3bdc500_0, 0, 32;
    %jmp T_27.26;
T_27.21 ;
    %pushi/vec4 0, 0, 32;
    %store/vec4 v0x5b10b3bdc500_0, 0, 32;
    %jmp T_27.26;
T_27.22 ;
    %pushi/vec4 0, 0, 32;
    %store/vec4 v0x5b10b3bdc500_0, 0, 32;
    %jmp T_27.26;
T_27.23 ;
    %pushi/vec4 0, 0, 32;
    %store/vec4 v0x5b10b3bdc500_0, 0, 32;
    %jmp T_27.26;
T_27.24 ;
    %pushi/vec4 0, 0, 32;
    %store/vec4 v0x5b10b3bdc500_0, 0, 32;
    %jmp T_27.26;
T_27.26 ;
    %pop/vec4 1;
    %jmp T_27;
    .thread T_27, $push;
    .scope S_0x5b10b3bec770;
T_28 ;
    %wait E_0x5b10b37b5ae0;
    %load/vec4 v0x5b10b388b9a0_0;
    %store/vec4 v0x5b10b39422a0_0, 0, 32;
    %load/vec4 v0x5b10b36d2170_0;
    %store/vec4 v0x5b10b367dcd0_0, 0, 32;
    %load/vec4 v0x5b10b3d2ac90_0;
    %store/vec4 v0x5b10b3d08880_0, 0, 32;
    %load/vec4 v0x5b10b3612950_0;
    %store/vec4 v0x5b10b3717c50_0, 0, 32;
    %load/vec4 v0x5b10b3745f60_0;
    %store/vec4 v0x5b10b3729eb0_0, 0, 32;
    %load/vec4 v0x5b10b3729a90_0;
    %store/vec4 v0x5b10b3729d30_0, 0, 32;
    %load/vec4 v0x5b10b367d8d0_0;
    %store/vec4 v0x5b10b382b760_0, 0, 32;
    %load/vec4 v0x5b10b387e0c0_0;
    %store/vec4 v0x5b10b3859c90_0, 0, 32;
    %load/vec4 v0x5b10b37ddc90_0;
    %store/vec4 v0x5b10b3821620_0, 0, 2;
    %load/vec4 v0x5b10b382ae40_0;
    %store/vec4 v0x5b10b382b5e0_0, 0, 32;
    %load/vec4 v0x5b10b362df70_0;
    %addi 1, 0, 32;
    %store/vec4 v0x5b10b363f7b0_0, 0, 32;
    %load/vec4 v0x5b10b37d5b80_0;
    %store/vec4 v0x5b10b3791980_0, 0, 32;
    %load/vec4 v0x5b10b382ba60_0;
    %store/vec4 v0x5b10b382b460_0, 0, 1;
    %load/vec4 v0x5b10b36205e0_0;
    %store/vec4 v0x5b10b3669010_0, 0, 32;
    %load/vec4 v0x5b10b382b8e0_0;
    %store/vec4 v0x5b10b38563f0_0, 0, 32;
    %load/vec4 v0x5b10b3d2f220_0;
    %store/vec4 v0x5b10b3d2c5e0_0, 0, 32;
    %load/vec4 v0x5b10b3c51680_0;
    %store/vec4 v0x5b10b38e3f40_0, 0, 32;
    %load/vec4 v0x5b10b3c1cd70_0;
    %store/vec4 v0x5b10b3d32410_0, 0, 32;
    %load/vec4 v0x5b10b3cbb590_0;
    %store/vec4 v0x5b10b3c77090_0, 0, 32;
    %load/vec4 v0x5b10b3d84b90_0;
    %store/vec4 v0x5b10b3bed3b0_0, 0, 32;
    %load/vec4 v0x5b10b3cd6100_0;
    %store/vec4 v0x5b10b3caf890_0, 0, 32;
    %load/vec4 v0x5b10b38578a0_0;
    %pushi/vec4 48, 0, 6;
    %and;
    %cmpi/e 32, 0, 6;
    %jmp/0xz  T_28.0, 4;
    %load/vec4 v0x5b10b3d8fba0_0;
    %cmpi/e 3, 0, 2;
    %jmp/0xz  T_28.2, 4;
    %load/vec4 v0x5b10b3d08880_0;
    %parti/s 1, 3, 3;
    %ix/load 4, 7, 0;
    %flag_set/imm 4, 0;
    %store/vec4 v0x5b10b3d08880_0, 4, 1;
    %load/vec4 v0x5b10b37ddc90_0;
    %ix/load 4, 11, 0;
    %flag_set/imm 4, 0;
    %store/vec4 v0x5b10b3d08880_0, 4, 2;
    %pushi/vec4 0, 0, 1;
    %ix/load 4, 3, 0;
    %flag_set/imm 4, 0;
    %store/vec4 v0x5b10b3d08880_0, 4, 1;
    %pushi/vec4 3, 0, 2;
    %store/vec4 v0x5b10b3821620_0, 0, 2;
    %load/vec4 v0x5b10b382b2c0_0;
    %store/vec4 v0x5b10b367dcd0_0, 0, 32;
    %pushi/vec4 0, 0, 32;
    %store/vec4 v0x5b10b3729eb0_0, 0, 32;
    %load/vec4 v0x5b10b37180c0_0;
    %parti/s 1, 3, 3;
    %flag_set/vec4 8;
    %jmp/0xz  T_28.4, 8;
    %pushi/vec4 2147483651, 0, 32;
    %store/vec4 v0x5b10b3717c50_0, 0, 32;
    %jmp T_28.5;
T_28.4 ;
    %load/vec4 v0x5b10b37180c0_0;
    %parti/s 1, 7, 4;
    %flag_set/vec4 8;
    %jmp/0xz  T_28.6, 8;
    %pushi/vec4 2147483655, 0, 32;
    %store/vec4 v0x5b10b3717c50_0, 0, 32;
    %jmp T_28.7;
T_28.6 ;
    %load/vec4 v0x5b10b37180c0_0;
    %parti/s 1, 11, 5;
    %flag_set/vec4 8;
    %jmp/0xz  T_28.8, 8;
    %pushi/vec4 2147483659, 0, 32;
    %store/vec4 v0x5b10b3717c50_0, 0, 32;
T_28.8 ;
T_28.7 ;
T_28.5 ;
    %jmp T_28.3;
T_28.2 ;
    %load/vec4 v0x5b10b3d08880_0;
    %parti/s 1, 1, 2;
    %ix/load 4, 5, 0;
    %flag_set/imm 4, 0;
    %store/vec4 v0x5b10b3d08880_0, 4, 1;
    %load/vec4 v0x5b10b37ddc90_0;
    %pushi/vec4 1, 0, 2;
    %cmp/e;
    %flag_get/vec4 4;
    %ix/load 4, 8, 0;
    %flag_set/imm 4, 0;
    %store/vec4 v0x5b10b3d08880_0, 4, 1;
    %pushi/vec4 0, 0, 1;
    %ix/load 4, 1, 0;
    %flag_set/imm 4, 0;
    %store/vec4 v0x5b10b3d08880_0, 4, 1;
    %pushi/vec4 1, 0, 2;
    %store/vec4 v0x5b10b3821620_0, 0, 2;
    %load/vec4 v0x5b10b382b2c0_0;
    %store/vec4 v0x5b10b3d2c5e0_0, 0, 32;
    %pushi/vec4 0, 0, 32;
    %store/vec4 v0x5b10b3c77090_0, 0, 32;
    %load/vec4 v0x5b10b37180c0_0;
    %parti/s 1, 1, 2;
    %flag_set/vec4 8;
    %jmp/0xz  T_28.10, 8;
    %pushi/vec4 2147483649, 0, 32;
    %store/vec4 v0x5b10b3d32410_0, 0, 32;
    %jmp T_28.11;
T_28.10 ;
    %load/vec4 v0x5b10b37180c0_0;
    %parti/s 1, 5, 4;
    %flag_set/vec4 8;
    %jmp/0xz  T_28.12, 8;
    %pushi/vec4 2147483653, 0, 32;
    %store/vec4 v0x5b10b3d32410_0, 0, 32;
    %jmp T_28.13;
T_28.12 ;
    %load/vec4 v0x5b10b37180c0_0;
    %parti/s 1, 9, 5;
    %flag_set/vec4 8;
    %jmp/0xz  T_28.14, 8;
    %pushi/vec4 2147483657, 0, 32;
    %store/vec4 v0x5b10b3d32410_0, 0, 32;
T_28.14 ;
T_28.13 ;
T_28.11 ;
T_28.3 ;
    %jmp T_28.1;
T_28.0 ;
    %pushi/vec4 48, 0, 6;
    %load/vec4 v0x5b10b38578a0_0;
    %cmp/u;
    %flag_get/vec4 4;
    %flag_get/vec4 5;
    %or;
    %load/vec4 v0x5b10b38578a0_0;
    %cmpi/u 51, 0, 6;
    %flag_get/vec4 4;
    %flag_get/vec4 5;
    %or;
    %and;
    %flag_set/vec4 8;
    %jmp/0xz  T_28.16, 8;
    %load/vec4 v0x5b10b38578a0_0;
    %parti/s 2, 0, 2;
    %cmpi/e 3, 0, 2;
    %jmp/0xz  T_28.18, 4;
    %load/vec4 v0x5b10b3d08880_0;
    %parti/s 2, 11, 5;
    %store/vec4 v0x5b10b3821620_0, 0, 2;
    %load/vec4 v0x5b10b3d08880_0;
    %parti/s 1, 7, 4;
    %ix/load 4, 3, 0;
    %flag_set/imm 4, 0;
    %store/vec4 v0x5b10b3d08880_0, 4, 1;
    %pushi/vec4 1, 0, 1;
    %ix/load 4, 7, 0;
    %flag_set/imm 4, 0;
    %store/vec4 v0x5b10b3d08880_0, 4, 1;
    %pushi/vec4 0, 0, 2;
    %ix/load 4, 11, 0;
    %flag_set/imm 4, 0;
    %store/vec4 v0x5b10b3d08880_0, 4, 2;
    %jmp T_28.19;
T_28.18 ;
    %load/vec4 v0x5b10b3d08880_0;
    %parti/s 1, 8, 5;
    %flag_set/vec4 8;
    %jmp/0 T_28.20, 8;
    %pushi/vec4 1, 0, 2;
    %jmp/1 T_28.21, 8;
T_28.20 ; End of true expr.
    %pushi/vec4 0, 0, 2;
    %jmp/0 T_28.21, 8;
 ; End of false expr.
    %blend;
T_28.21;
    %store/vec4 v0x5b10b3821620_0, 0, 2;
    %load/vec4 v0x5b10b3d08880_0;
    %parti/s 1, 5, 4;
    %ix/load 4, 1, 0;
    %flag_set/imm 4, 0;
    %store/vec4 v0x5b10b3d08880_0, 4, 1;
    %pushi/vec4 1, 0, 1;
    %ix/load 4, 5, 0;
    %flag_set/imm 4, 0;
    %store/vec4 v0x5b10b3d08880_0, 4, 1;
    %pushi/vec4 0, 0, 1;
    %ix/load 4, 8, 0;
    %flag_set/imm 4, 0;
    %store/vec4 v0x5b10b3d08880_0, 4, 1;
T_28.19 ;
    %jmp T_28.17;
T_28.16 ;
    %load/vec4 v0x5b10b3d90d80_0;
    %load/vec4 v0x5b10b382afa0_0;
    %and;
    %flag_set/vec4 8;
    %jmp/0xz  T_28.22, 8;
    %load/vec4 v0x5b10b3d08880_0;
    %parti/s 1, 1, 2;
    %ix/load 4, 5, 0;
    %flag_set/imm 4, 0;
    %store/vec4 v0x5b10b3d08880_0, 4, 1;
    %load/vec4 v0x5b10b37ddc90_0;
    %pushi/vec4 1, 0, 2;
    %cmp/e;
    %flag_get/vec4 4;
    %ix/load 4, 8, 0;
    %flag_set/imm 4, 0;
    %store/vec4 v0x5b10b3d08880_0, 4, 1;
    %pushi/vec4 0, 0, 1;
    %ix/load 4, 1, 0;
    %flag_set/imm 4, 0;
    %store/vec4 v0x5b10b3d08880_0, 4, 1;
    %pushi/vec4 1, 0, 2;
    %store/vec4 v0x5b10b3821620_0, 0, 2;
    %load/vec4 v0x5b10b382b2c0_0;
    %store/vec4 v0x5b10b3d2c5e0_0, 0, 32;
    %load/vec4 v0x5b10b38578a0_0;
    %dup/vec4;
    %pushi/vec4 16, 0, 6;
    %cmp/u;
    %jmp/1 T_28.24, 6;
    %dup/vec4;
    %pushi/vec4 17, 0, 6;
    %cmp/u;
    %jmp/1 T_28.25, 6;
    %dup/vec4;
    %pushi/vec4 28, 0, 6;
    %cmp/u;
    %jmp/1 T_28.26, 6;
    %dup/vec4;
    %pushi/vec4 18, 0, 6;
    %cmp/u;
    %jmp/1 T_28.27, 6;
    %dup/vec4;
    %pushi/vec4 20, 0, 6;
    %cmp/u;
    %jmp/1 T_28.28, 6;
    %dup/vec4;
    %pushi/vec4 21, 0, 6;
    %cmp/u;
    %jmp/1 T_28.29, 6;
    %dup/vec4;
    %pushi/vec4 22, 0, 6;
    %cmp/u;
    %jmp/1 T_28.30, 6;
    %dup/vec4;
    %pushi/vec4 23, 0, 6;
    %cmp/u;
    %jmp/1 T_28.31, 6;
    %dup/vec4;
    %pushi/vec4 29, 0, 6;
    %cmp/u;
    %jmp/1 T_28.32, 6;
    %dup/vec4;
    %pushi/vec4 31, 0, 6;
    %cmp/u;
    %jmp/1 T_28.33, 6;
    %pushi/vec4 0, 0, 32;
    %store/vec4 v0x5b10b3c77090_0, 0, 32;
    %jmp T_28.35;
T_28.24 ;
    %load/vec4 v0x5b10b382b2c0_0;
    %store/vec4 v0x5b10b3c77090_0, 0, 32;
    %jmp T_28.35;
T_28.25 ;
    %load/vec4 v0x5b10b382b2c0_0;
    %store/vec4 v0x5b10b3c77090_0, 0, 32;
    %jmp T_28.35;
T_28.26 ;
    %load/vec4 v0x5b10b382b2c0_0;
    %store/vec4 v0x5b10b3c77090_0, 0, 32;
    %jmp T_28.35;
T_28.27 ;
    %load/vec4 v0x5b10b3856060_0;
    %store/vec4 v0x5b10b3c77090_0, 0, 32;
    %jmp T_28.35;
T_28.28 ;
    %load/vec4 v0x5b10b3856060_0;
    %store/vec4 v0x5b10b3c77090_0, 0, 32;
    %jmp T_28.35;
T_28.29 ;
    %load/vec4 v0x5b10b3856060_0;
    %store/vec4 v0x5b10b3c77090_0, 0, 32;
    %jmp T_28.35;
T_28.30 ;
    %load/vec4 v0x5b10b3856060_0;
    %store/vec4 v0x5b10b3c77090_0, 0, 32;
    %jmp T_28.35;
T_28.31 ;
    %load/vec4 v0x5b10b3856060_0;
    %store/vec4 v0x5b10b3c77090_0, 0, 32;
    %jmp T_28.35;
T_28.32 ;
    %load/vec4 v0x5b10b3856060_0;
    %store/vec4 v0x5b10b3c77090_0, 0, 32;
    %jmp T_28.35;
T_28.33 ;
    %load/vec4 v0x5b10b3856060_0;
    %store/vec4 v0x5b10b3c77090_0, 0, 32;
    %jmp T_28.35;
T_28.35 ;
    %pop/vec4 1;
    %pushi/vec4 0, 0, 28;
    %load/vec4 v0x5b10b38578a0_0;
    %parti/s 4, 0, 2;
    %concat/vec4; draw_concat_vec4
    %store/vec4 v0x5b10b3d32410_0, 0, 32;
    %jmp T_28.23;
T_28.22 ;
    %load/vec4 v0x5b10b3d90d80_0;
    %flag_set/vec4 8;
    %jmp/0xz  T_28.36, 8;
    %load/vec4 v0x5b10b3d08880_0;
    %parti/s 1, 3, 3;
    %ix/load 4, 7, 0;
    %flag_set/imm 4, 0;
    %store/vec4 v0x5b10b3d08880_0, 4, 1;
    %load/vec4 v0x5b10b37ddc90_0;
    %ix/load 4, 11, 0;
    %flag_set/imm 4, 0;
    %store/vec4 v0x5b10b3d08880_0, 4, 2;
    %pushi/vec4 0, 0, 1;
    %ix/load 4, 3, 0;
    %flag_set/imm 4, 0;
    %store/vec4 v0x5b10b3d08880_0, 4, 1;
    %pushi/vec4 3, 0, 2;
    %store/vec4 v0x5b10b3821620_0, 0, 2;
    %load/vec4 v0x5b10b382b2c0_0;
    %store/vec4 v0x5b10b367dcd0_0, 0, 32;
    %load/vec4 v0x5b10b38578a0_0;
    %dup/vec4;
    %pushi/vec4 16, 0, 6;
    %cmp/u;
    %jmp/1 T_28.38, 6;
    %dup/vec4;
    %pushi/vec4 17, 0, 6;
    %cmp/u;
    %jmp/1 T_28.39, 6;
    %dup/vec4;
    %pushi/vec4 28, 0, 6;
    %cmp/u;
    %jmp/1 T_28.40, 6;
    %dup/vec4;
    %pushi/vec4 18, 0, 6;
    %cmp/u;
    %jmp/1 T_28.41, 6;
    %dup/vec4;
    %pushi/vec4 20, 0, 6;
    %cmp/u;
    %jmp/1 T_28.42, 6;
    %dup/vec4;
    %pushi/vec4 21, 0, 6;
    %cmp/u;
    %jmp/1 T_28.43, 6;
    %dup/vec4;
    %pushi/vec4 22, 0, 6;
    %cmp/u;
    %jmp/1 T_28.44, 6;
    %dup/vec4;
    %pushi/vec4 23, 0, 6;
    %cmp/u;
    %jmp/1 T_28.45, 6;
    %dup/vec4;
    %pushi/vec4 29, 0, 6;
    %cmp/u;
    %jmp/1 T_28.46, 6;
    %dup/vec4;
    %pushi/vec4 31, 0, 6;
    %cmp/u;
    %jmp/1 T_28.47, 6;
    %pushi/vec4 0, 0, 32;
    %store/vec4 v0x5b10b3729eb0_0, 0, 32;
    %jmp T_28.49;
T_28.38 ;
    %load/vec4 v0x5b10b382b2c0_0;
    %store/vec4 v0x5b10b3729eb0_0, 0, 32;
    %jmp T_28.49;
T_28.39 ;
    %load/vec4 v0x5b10b382b2c0_0;
    %store/vec4 v0x5b10b3729eb0_0, 0, 32;
    %jmp T_28.49;
T_28.40 ;
    %load/vec4 v0x5b10b382b2c0_0;
    %store/vec4 v0x5b10b3729eb0_0, 0, 32;
    %jmp T_28.49;
T_28.41 ;
    %load/vec4 v0x5b10b3856060_0;
    %store/vec4 v0x5b10b3729eb0_0, 0, 32;
    %jmp T_28.49;
T_28.42 ;
    %load/vec4 v0x5b10b3856060_0;
    %store/vec4 v0x5b10b3729eb0_0, 0, 32;
    %jmp T_28.49;
T_28.43 ;
    %load/vec4 v0x5b10b3856060_0;
    %store/vec4 v0x5b10b3729eb0_0, 0, 32;
    %jmp T_28.49;
T_28.44 ;
    %load/vec4 v0x5b10b3856060_0;
    %store/vec4 v0x5b10b3729eb0_0, 0, 32;
    %jmp T_28.49;
T_28.45 ;
    %load/vec4 v0x5b10b3856060_0;
    %store/vec4 v0x5b10b3729eb0_0, 0, 32;
    %jmp T_28.49;
T_28.46 ;
    %load/vec4 v0x5b10b3856060_0;
    %store/vec4 v0x5b10b3729eb0_0, 0, 32;
    %jmp T_28.49;
T_28.47 ;
    %load/vec4 v0x5b10b3856060_0;
    %store/vec4 v0x5b10b3729eb0_0, 0, 32;
    %jmp T_28.49;
T_28.49 ;
    %pop/vec4 1;
    %pushi/vec4 0, 0, 28;
    %load/vec4 v0x5b10b38578a0_0;
    %parti/s 4, 0, 2;
    %concat/vec4; draw_concat_vec4
    %store/vec4 v0x5b10b3717c50_0, 0, 32;
    %jmp T_28.37;
T_28.36 ;
    %load/vec4 v0x5b10b36859f0_0;
    %dup/vec4;
    %pushi/vec4 832, 0, 12;
    %cmp/u;
    %jmp/1 T_28.50, 6;
    %dup/vec4;
    %pushi/vec4 833, 0, 12;
    %cmp/u;
    %jmp/1 T_28.51, 6;
    %dup/vec4;
    %pushi/vec4 773, 0, 12;
    %cmp/u;
    %jmp/1 T_28.52, 6;
    %dup/vec4;
    %pushi/vec4 834, 0, 12;
    %cmp/u;
    %jmp/1 T_28.53, 6;
    %dup/vec4;
    %pushi/vec4 835, 0, 12;
    %cmp/u;
    %jmp/1 T_28.54, 6;
    %dup/vec4;
    %pushi/vec4 768, 0, 12;
    %cmp/u;
    %jmp/1 T_28.55, 6;
    %dup/vec4;
    %pushi/vec4 836, 0, 12;
    %cmp/u;
    %jmp/1 T_28.56, 6;
    %dup/vec4;
    %pushi/vec4 772, 0, 12;
    %cmp/u;
    %jmp/1 T_28.57, 6;
    %dup/vec4;
    %pushi/vec4 770, 0, 12;
    %cmp/u;
    %jmp/1 T_28.58, 6;
    %dup/vec4;
    %pushi/vec4 771, 0, 12;
    %cmp/u;
    %jmp/1 T_28.59, 6;
    %dup/vec4;
    %pushi/vec4 1984, 0, 12;
    %cmp/u;
    %jmp/1 T_28.60, 6;
    %dup/vec4;
    %pushi/vec4 321, 0, 12;
    %cmp/u;
    %jmp/1 T_28.61, 6;
    %dup/vec4;
    %pushi/vec4 261, 0, 12;
    %cmp/u;
    %jmp/1 T_28.62, 6;
    %dup/vec4;
    %pushi/vec4 322, 0, 12;
    %cmp/u;
    %jmp/1 T_28.63, 6;
    %dup/vec4;
    %pushi/vec4 323, 0, 12;
    %cmp/u;
    %jmp/1 T_28.64, 6;
    %dup/vec4;
    %pushi/vec4 384, 0, 12;
    %cmp/u;
    %jmp/1 T_28.65, 6;
    %dup/vec4;
    %pushi/vec4 320, 0, 12;
    %cmp/u;
    %jmp/1 T_28.66, 6;
    %dup/vec4;
    %pushi/vec4 256, 0, 12;
    %cmp/u;
    %jmp/1 T_28.67, 6;
    %dup/vec4;
    %pushi/vec4 324, 0, 12;
    %cmp/u;
    %jmp/1 T_28.68, 6;
    %dup/vec4;
    %pushi/vec4 260, 0, 12;
    %cmp/u;
    %jmp/1 T_28.69, 6;
    %jmp T_28.71;
T_28.50 ;
    %load/vec4 v0x5b10b387a730_0;
    %pushi/vec4 4294967295, 0, 32;
    %and;
    %store/vec4 v0x5b10b382b5e0_0, 0, 32;
    %jmp T_28.71;
T_28.51 ;
    %load/vec4 v0x5b10b387a730_0;
    %pushi/vec4 4294967295, 0, 32;
    %and;
    %store/vec4 v0x5b10b367dcd0_0, 0, 32;
    %jmp T_28.71;
T_28.52 ;
    %load/vec4 v0x5b10b387a730_0;
    %pushi/vec4 4294967295, 0, 32;
    %and;
    %store/vec4 v0x5b10b3729d30_0, 0, 32;
    %jmp T_28.71;
T_28.53 ;
    %load/vec4 v0x5b10b387a730_0;
    %pushi/vec4 2147483663, 0, 32;
    %and;
    %store/vec4 v0x5b10b3717c50_0, 0, 32;
    %jmp T_28.71;
T_28.54 ;
    %load/vec4 v0x5b10b387a730_0;
    %pushi/vec4 4294967295, 0, 32;
    %and;
    %store/vec4 v0x5b10b3729eb0_0, 0, 32;
    %jmp T_28.71;
T_28.55 ;
    %load/vec4 v0x5b10b387a730_0;
    %pushi/vec4 4294967295, 0, 32;
    %and;
    %store/vec4 v0x5b10b3d08880_0, 0, 32;
    %jmp T_28.71;
T_28.56 ;
    %load/vec4 v0x5b10b387a730_0;
    %pushi/vec4 2730, 0, 32;
    %and;
    %store/vec4 v0x5b10b382b760_0, 0, 32;
    %jmp T_28.71;
T_28.57 ;
    %load/vec4 v0x5b10b387a730_0;
    %pushi/vec4 2730, 0, 32;
    %and;
    %store/vec4 v0x5b10b3859c90_0, 0, 32;
    %jmp T_28.71;
T_28.58 ;
    %load/vec4 v0x5b10b387a730_0;
    %pushi/vec4 65535, 0, 32;
    %and;
    %store/vec4 v0x5b10b3669010_0, 0, 32;
    %jmp T_28.71;
T_28.59 ;
    %load/vec4 v0x5b10b387a730_0;
    %pushi/vec4 65535, 0, 32;
    %and;
    %store/vec4 v0x5b10b38563f0_0, 0, 32;
    %jmp T_28.71;
T_28.60 ;
    %load/vec4 v0x5b10b387a730_0;
    %pushi/vec4 4294967295, 0, 32;
    %and;
    %store/vec4 v0x5b10b3791980_0, 0, 32;
    %pushi/vec4 1, 0, 1;
    %store/vec4 v0x5b10b382b460_0, 0, 1;
    %jmp T_28.71;
T_28.61 ;
    %load/vec4 v0x5b10b387a730_0;
    %pushi/vec4 4294967295, 0, 32;
    %and;
    %store/vec4 v0x5b10b3d2c5e0_0, 0, 32;
    %jmp T_28.71;
T_28.62 ;
    %load/vec4 v0x5b10b387a730_0;
    %pushi/vec4 4294967295, 0, 32;
    %and;
    %store/vec4 v0x5b10b38e3f40_0, 0, 32;
    %jmp T_28.71;
T_28.63 ;
    %load/vec4 v0x5b10b387a730_0;
    %pushi/vec4 2147483663, 0, 32;
    %and;
    %store/vec4 v0x5b10b3d32410_0, 0, 32;
    %jmp T_28.71;
T_28.64 ;
    %load/vec4 v0x5b10b387a730_0;
    %pushi/vec4 4294967295, 0, 32;
    %and;
    %store/vec4 v0x5b10b3c77090_0, 0, 32;
    %jmp T_28.71;
T_28.65 ;
    %load/vec4 v0x5b10b387a730_0;
    %pushi/vec4 4294967295, 0, 32;
    %and;
    %store/vec4 v0x5b10b3bed3b0_0, 0, 32;
    %jmp T_28.71;
T_28.66 ;
    %load/vec4 v0x5b10b387a730_0;
    %pushi/vec4 4294967295, 0, 32;
    %and;
    %store/vec4 v0x5b10b3caf890_0, 0, 32;
    %jmp T_28.71;
T_28.67 ;
    %load/vec4 v0x5b10b3d08880_0;
    %pushi/vec4 4294704844, 0, 32;
    %and;
    %load/vec4 v0x5b10b387a730_0;
    %pushi/vec4 262451, 0, 32;
    %and;
    %or;
    %store/vec4 v0x5b10b3d08880_0, 0, 32;
    %jmp T_28.71;
T_28.68 ;
    %load/vec4 v0x5b10b382b760_0;
    %pushi/vec4 4294966749, 0, 32;
    %and;
    %load/vec4 v0x5b10b387a730_0;
    %pushi/vec4 546, 0, 32;
    %and;
    %or;
    %store/vec4 v0x5b10b382b760_0, 0, 32;
    %jmp T_28.71;
T_28.69 ;
    %load/vec4 v0x5b10b3859c90_0;
    %pushi/vec4 4294966749, 0, 32;
    %and;
    %load/vec4 v0x5b10b387a730_0;
    %pushi/vec4 546, 0, 32;
    %and;
    %or;
    %store/vec4 v0x5b10b3859c90_0, 0, 32;
    %jmp T_28.71;
T_28.71 ;
    %pop/vec4 1;
T_28.37 ;
T_28.23 ;
T_28.17 ;
T_28.1 ;
    %load/vec4 v0x5b10b37183e0_0;
    %load/vec4 v0x5b10b382b8e0_0;
    %parti/s 1, 11, 5;
    %and;
    %flag_set/vec4 8;
    %jmp/0xz  T_28.72, 8;
    %pushi/vec4 1, 0, 1;
    %ix/load 4, 9, 0;
    %flag_set/imm 4, 0;
    %store/vec4 v0x5b10b39422a0_0, 4, 1;
T_28.72 ;
    %load/vec4 v0x5b10b37183e0_0;
    %load/vec4 v0x5b10b382b8e0_0;
    %parti/s 1, 11, 5;
    %inv;
    %and;
    %flag_set/vec4 8;
    %jmp/0xz  T_28.74, 8;
    %pushi/vec4 1, 0, 1;
    %ix/load 4, 11, 0;
    %flag_set/imm 4, 0;
    %store/vec4 v0x5b10b39422a0_0, 4, 1;
T_28.74 ;
    %load/vec4 v0x5b10b3d4e340_0;
    %load/vec4 v0x5b10b382b8e0_0;
    %parti/s 1, 7, 4;
    %and;
    %flag_set/vec4 8;
    %jmp/0xz  T_28.76, 8;
    %pushi/vec4 1, 0, 1;
    %ix/load 4, 5, 0;
    %flag_set/imm 4, 0;
    %store/vec4 v0x5b10b39422a0_0, 4, 1;
T_28.76 ;
    %load/vec4 v0x5b10b3d4e340_0;
    %load/vec4 v0x5b10b382b8e0_0;
    %parti/s 1, 7, 4;
    %inv;
    %and;
    %flag_set/vec4 8;
    %jmp/0xz  T_28.78, 8;
    %pushi/vec4 1, 0, 1;
    %ix/load 4, 7, 0;
    %flag_set/imm 4, 0;
    %store/vec4 v0x5b10b39422a0_0, 4, 1;
T_28.78 ;
    %pushi/vec4 1, 0, 1;
    %load/vec4 v0x5b10b362df70_0;
    %load/vec4 v0x5b10b37d5b80_0;
    %cmp/e;
    %flag_get/vec4 4;
    %and;
    %flag_set/vec4 8;
    %jmp/0xz  T_28.80, 8;
    %load/vec4 v0x5b10b382b8e0_0;
    %parti/s 1, 7, 4;
    %flag_set/vec4 8;
    %jmp/0xz  T_28.82, 8;
    %load/vec4 v0x5b10b382ba60_0;
    %ix/load 4, 5, 0;
    %flag_set/imm 4, 0;
    %store/vec4 v0x5b10b39422a0_0, 4, 1;
    %jmp T_28.83;
T_28.82 ;
    %load/vec4 v0x5b10b382ba60_0;
    %ix/load 4, 7, 0;
    %flag_set/imm 4, 0;
    %store/vec4 v0x5b10b39422a0_0, 4, 1;
T_28.83 ;
    %pushi/vec4 0, 0, 1;
    %store/vec4 v0x5b10b382b460_0, 0, 1;
T_28.80 ;
    %load/vec4 v0x5b10b382b760_0;
    %load/vec4 v0x5b10b39422a0_0;
    %or;
    %store/vec4 v0x5b10b382b760_0, 0, 32;
    %jmp T_28;
    .thread T_28, $push;
    .scope S_0x5b10b3bec770;
T_29 ;
    %wait E_0x5b10b35fb970;
    %load/vec4 v0x5b10b3c4f420_0;
    %flag_set/vec4 8;
    %jmp/0xz  T_29.0, 8;
    %pushi/vec4 0, 0, 32;
    %assign/vec4 v0x5b10b36d2170_0, 0;
    %pushi/vec4 0, 0, 32;
    %assign/vec4 v0x5b10b3d2ac90_0, 0;
    %pushi/vec4 0, 0, 32;
    %assign/vec4 v0x5b10b3612950_0, 0;
    %pushi/vec4 0, 0, 32;
    %assign/vec4 v0x5b10b3745f60_0, 0;
    %pushi/vec4 0, 0, 32;
    %assign/vec4 v0x5b10b3729a90_0, 0;
    %pushi/vec4 0, 0, 32;
    %assign/vec4 v0x5b10b367d8d0_0, 0;
    %pushi/vec4 0, 0, 32;
    %assign/vec4 v0x5b10b387e0c0_0, 0;
    %pushi/vec4 3, 0, 2;
    %assign/vec4 v0x5b10b37ddc90_0, 0;
    %pushi/vec4 0, 0, 32;
    %assign/vec4 v0x5b10b362df70_0, 0;
    %pushi/vec4 0, 0, 32;
    %assign/vec4 v0x5b10b35fbad0_0, 0;
    %pushi/vec4 0, 0, 32;
    %assign/vec4 v0x5b10b382ae40_0, 0;
    %pushi/vec4 0, 0, 32;
    %assign/vec4 v0x5b10b37d5b80_0, 0;
    %pushi/vec4 0, 0, 1;
    %assign/vec4 v0x5b10b382ba60_0, 0;
    %pushi/vec4 0, 0, 32;
    %assign/vec4 v0x5b10b36205e0_0, 0;
    %pushi/vec4 0, 0, 32;
    %assign/vec4 v0x5b10b382b8e0_0, 0;
    %pushi/vec4 0, 0, 32;
    %assign/vec4 v0x5b10b3d2f220_0, 0;
    %pushi/vec4 0, 0, 32;
    %assign/vec4 v0x5b10b3c51680_0, 0;
    %pushi/vec4 0, 0, 32;
    %assign/vec4 v0x5b10b3c1cd70_0, 0;
    %pushi/vec4 0, 0, 32;
    %assign/vec4 v0x5b10b3cbb590_0, 0;
    %pushi/vec4 0, 0, 32;
    %assign/vec4 v0x5b10b3d84b90_0, 0;
    %pushi/vec4 0, 0, 32;
    %assign/vec4 v0x5b10b3cd6100_0, 0;
    %pushi/vec4 0, 0, 32;
    %assign/vec4 v0x5b10b388b9a0_0, 0;
    %jmp T_29.1;
T_29.0 ;
    %load/vec4 v0x5b10b367dcd0_0;
    %assign/vec4 v0x5b10b36d2170_0, 0;
    %load/vec4 v0x5b10b3d08880_0;
    %assign/vec4 v0x5b10b3d2ac90_0, 0;
    %load/vec4 v0x5b10b3717c50_0;
    %assign/vec4 v0x5b10b3612950_0, 0;
    %load/vec4 v0x5b10b3729eb0_0;
    %assign/vec4 v0x5b10b3745f60_0, 0;
    %load/vec4 v0x5b10b3729d30_0;
    %assign/vec4 v0x5b10b3729a90_0, 0;
    %load/vec4 v0x5b10b382b760_0;
    %assign/vec4 v0x5b10b367d8d0_0, 0;
    %load/vec4 v0x5b10b3859c90_0;
    %assign/vec4 v0x5b10b387e0c0_0, 0;
    %pushi/vec4 3, 0, 2;
    %assign/vec4 v0x5b10b37ddc90_0, 0;
    %load/vec4 v0x5b10b363f7b0_0;
    %assign/vec4 v0x5b10b362df70_0, 0;
    %load/vec4 v0x5b10b382b5e0_0;
    %assign/vec4 v0x5b10b382ae40_0, 0;
    %load/vec4 v0x5b10b3791980_0;
    %assign/vec4 v0x5b10b37d5b80_0, 0;
    %load/vec4 v0x5b10b382b460_0;
    %assign/vec4 v0x5b10b382ba60_0, 0;
    %pushi/vec4 0, 0, 32;
    %assign/vec4 v0x5b10b36205e0_0, 0;
    %pushi/vec4 0, 0, 32;
    %assign/vec4 v0x5b10b382b8e0_0, 0;
    %pushi/vec4 0, 0, 32;
    %assign/vec4 v0x5b10b3d2f220_0, 0;
    %pushi/vec4 0, 0, 32;
    %assign/vec4 v0x5b10b3c51680_0, 0;
    %pushi/vec4 0, 0, 32;
    %assign/vec4 v0x5b10b3c1cd70_0, 0;
    %pushi/vec4 0, 0, 32;
    %assign/vec4 v0x5b10b3cbb590_0, 0;
    %pushi/vec4 0, 0, 32;
    %assign/vec4 v0x5b10b3d84b90_0, 0;
    %pushi/vec4 0, 0, 32;
    %assign/vec4 v0x5b10b3cd6100_0, 0;
    %load/vec4 v0x5b10b3718880_0;
    %flag_set/vec4 8;
    %jmp/0 T_29.2, 8;
    %load/vec4 v0x5b10b39422a0_0;
    %jmp/1 T_29.3, 8;
T_29.2 ; End of true expr.
    %pushi/vec4 0, 0, 32;
    %jmp/0 T_29.3, 8;
 ; End of false expr.
    %blend;
T_29.3;
    %assign/vec4 v0x5b10b388b9a0_0, 0;
    %load/vec4 v0x5b10b362df70_0;
    %cmpi/e 4294967295, 0, 32;
    %jmp/0xz  T_29.4, 4;
    %load/vec4 v0x5b10b35fbad0_0;
    %addi 1, 0, 32;
    %assign/vec4 v0x5b10b35fbad0_0, 0;
T_29.4 ;
    %load/vec4 v0x5b10b36859f0_0;
    %pushi/vec4 1970, 0, 12;
    %cmp/e;
    %flag_get/vec4 4;
    %load/vec4 v0x5b10b36859f0_0;
    %pushi/vec4 2226, 0, 12;
    %cmp/e;
    %flag_get/vec4 4;
    %or;
    %load/vec4 v0x5b10b38578a0_0;
    %or/r;
    %inv;
    %and;
    %flag_set/vec4 8;
    %jmp/0xz  T_29.6, 8;
    %load/vec4 v0x5b10b387a730_0;
    %pushi/vec4 4278190080, 0, 32;
    %and;
    %dup/vec4;
    %pushi/vec4 0, 0, 32;
    %cmp/u;
    %jmp/1 T_29.8, 6;
    %dup/vec4;
    %pushi/vec4 16777216, 0, 32;
    %cmp/u;
    %jmp/1 T_29.9, 6;
    %jmp T_29.10;
T_29.8 ;
    %vpi_call 7 551 "$finish" {0 0 0};
    %vpi_call 7 552 "$finish" {0 0 0};
    %jmp T_29.10;
T_29.9 ;
    %vpi_call 7 556 "$write", "%c", &PV<v0x5b10b387a730_0, 0, 8> {0 0 0};
    %jmp T_29.10;
T_29.10 ;
    %pop/vec4 1;
T_29.6 ;
T_29.1 ;
    %jmp T_29;
    .thread T_29;
    .scope S_0x5b10b3bec770;
T_30 ;
    %wait E_0x5b10b35dfb30;
    %pushi/vec4 0, 0, 1;
    %store/vec4 v0x5b10b3718b80_0, 0, 1;
    %pushi/vec4 0, 0, 32;
    %store/vec4 v0x5b10b3718580_0, 0, 32;
    %load/vec4 v0x5b10b38578a0_0;
    %cmpi/e 32, 0, 6;
    %jmp/0xz  T_30.0, 4;
    %pushi/vec4 1, 0, 1;
    %store/vec4 v0x5b10b3718b80_0, 0, 1;
    %load/vec4 v0x5b10b3d8fba0_0;
    %cmpi/e 3, 0, 2;
    %flag_mov 8, 4;
    %jmp/0 T_30.2, 8;
    %load/vec4 v0x5b10b3729a90_0;
    %jmp/1 T_30.3, 8;
T_30.2 ; End of true expr.
    %load/vec4 v0x5b10b3c51680_0;
    %jmp/0 T_30.3, 8;
 ; End of false expr.
    %blend;
T_30.3;
    %store/vec4 v0x5b10b3718580_0, 0, 32;
    %jmp T_30.1;
T_30.0 ;
    %pushi/vec4 48, 0, 6;
    %load/vec4 v0x5b10b38578a0_0;
    %cmp/u;
    %flag_get/vec4 4;
    %flag_get/vec4 5;
    %or;
    %load/vec4 v0x5b10b38578a0_0;
    %cmpi/u 51, 0, 6;
    %flag_get/vec4 4;
    %flag_get/vec4 5;
    %or;
    %and;
    %flag_set/vec4 8;
    %jmp/0xz  T_30.4, 8;
    %load/vec4 v0x5b10b38578a0_0;
    %parti/s 2, 0, 2;
    %cmpi/e 3, 0, 2;
    %jmp/0xz  T_30.6, 4;
    %pushi/vec4 1, 0, 1;
    %store/vec4 v0x5b10b3718b80_0, 0, 1;
    %load/vec4 v0x5b10b36d2170_0;
    %store/vec4 v0x5b10b3718580_0, 0, 32;
    %jmp T_30.7;
T_30.6 ;
    %pushi/vec4 1, 0, 1;
    %store/vec4 v0x5b10b3718b80_0, 0, 1;
    %load/vec4 v0x5b10b3d2f220_0;
    %store/vec4 v0x5b10b3718580_0, 0, 32;
T_30.7 ;
    %jmp T_30.5;
T_30.4 ;
    %load/vec4 v0x5b10b3d90d80_0;
    %load/vec4 v0x5b10b382afa0_0;
    %and;
    %flag_set/vec4 8;
    %jmp/0xz  T_30.8, 8;
    %pushi/vec4 1, 0, 1;
    %store/vec4 v0x5b10b3718b80_0, 0, 1;
    %load/vec4 v0x5b10b3c51680_0;
    %store/vec4 v0x5b10b3718580_0, 0, 32;
    %jmp T_30.9;
T_30.8 ;
    %load/vec4 v0x5b10b3d90d80_0;
    %flag_set/vec4 8;
    %jmp/0xz  T_30.10, 8;
    %pushi/vec4 1, 0, 1;
    %store/vec4 v0x5b10b3718b80_0, 0, 1;
    %load/vec4 v0x5b10b3729a90_0;
    %store/vec4 v0x5b10b3718580_0, 0, 32;
    %jmp T_30.11;
T_30.10 ;
    %load/vec4 v0x5b10b38578a0_0;
    %cmpi/e 52, 0, 6;
    %jmp/0xz  T_30.12, 4;
    %pushi/vec4 1, 0, 1;
    %store/vec4 v0x5b10b3718b80_0, 0, 1;
    %load/vec4 v0x5b10b382b2c0_0;
    %addi 4, 0, 32;
    %store/vec4 v0x5b10b3718580_0, 0, 32;
T_30.12 ;
T_30.11 ;
T_30.9 ;
T_30.5 ;
T_30.1 ;
    %jmp T_30;
    .thread T_30, $push;
    .scope S_0x5b10b3bf1100;
T_31 ;
    %wait E_0x5b10b35f6500;
    %load/vec4 v0x5b10b3ca7020_0;
    %load/vec4 v0x5b10b3ca74c0_0;
    %or;
    %load/vec4 v0x5b10b3d31450_0;
    %or;
    %load/vec4 v0x5b10b3ca6f60_0;
    %or;
    %store/vec4 v0x5b10b3ca5810_0, 0, 1;
    %load/vec4 v0x5b10b3ca7020_0;
    %load/vec4 v0x5b10b3ca24b0_0;
    %or;
    %load/vec4 v0x5b10b3d31450_0;
    %or;
    %load/vec4 v0x5b10b3ca7400_0;
    %or;
    %store/vec4 v0x5b10b3c286d0_0, 0, 1;
    %load/vec4 v0x5b10b3d2d910_0;
    %parti/s 2, 28, 6;
    %store/vec4 v0x5b10b3c1cb40_0, 0, 2;
    %load/vec4 v0x5b10b3d2d910_0;
    %parti/s 2, 30, 6;
    %pushi/vec4 3, 0, 2;
    %cmp/e;
    %flag_get/vec4 4;
    %store/vec4 v0x5b10b3ccf720_0, 0, 1;
    %load/vec4 v0x5b10b3d2cf90_0;
    %pushi/vec4 0, 0, 5;
    %cmp/ne;
    %flag_get/vec4 4;
    %load/vec4 v0x5b10b3ca7020_0;
    %or;
    %load/vec4 v0x5b10b3d31450_0;
    %or;
    %store/vec4 v0x5b10b3ccded0_0, 0, 1;
    %load/vec4 v0x5b10b3d31450_0;
    %load/vec4 v0x5b10b3ca6f60_0;
    %or;
    %load/vec4 v0x5b10b3ca7400_0;
    %or;
    %flag_set/vec4 8;
    %jmp/0 T_31.0, 8;
    %pushi/vec4 0, 0, 27;
    %load/vec4 v0x5b10b3d2cf90_0;
    %concat/vec4; draw_concat_vec4
    %jmp/1 T_31.1, 8;
T_31.0 ; End of true expr.
    %load/vec4 v0x5b10b3d2c330_0;
    %jmp/0 T_31.1, 8;
 ; End of false expr.
    %blend;
T_31.1;
    %store/vec4 v0x5b10b3d310f0_0, 0, 32;
    %pushi/vec4 0, 0, 1;
    %store/vec4 v0x5b10b3c1caa0_0, 0, 1;
    %jmp T_31;
    .thread T_31, $push;
    .scope S_0x5b10b3bf1100;
T_32 ;
    %wait E_0x5b10b35fb970;
    %load/vec4 v0x5b10b3ca5df0_0;
    %flag_set/vec4 8;
    %jmp/0xz  T_32.0, 8;
    %pushi/vec4 0, 0, 1;
    %assign/vec4 v0x5b10b3d2a990_0, 0;
    %pushi/vec4 0, 0, 32;
    %assign/vec4 v0x5b10b3d2a8d0_0, 0;
    %pushi/vec4 0, 0, 32;
    %assign/vec4 v0x5b10b3ccde10_0, 0;
    %pushi/vec4 0, 0, 6;
    %assign/vec4 v0x5b10b3d30370_0, 0;
    %jmp T_32.1;
T_32.0 ;
    %load/vec4 v0x5b10b3d2aa70_0;
    %flag_set/vec4 8;
    %jmp/0xz  T_32.2, 8;
    %load/vec4 v0x5b10b3ca5810_0;
    %load/vec4 v0x5b10b3c286d0_0;
    %or;
    %load/vec4 v0x5b10b3c1caa0_0;
    %inv;
    %and;
    %assign/vec4 v0x5b10b3d2a990_0, 0;
    %load/vec4 v0x5b10b3d2de90_0;
    %flag_set/vec4 8;
    %load/vec4 v0x5b10b3c1caa0_0;
    %flag_set/vec4 9;
    %flag_or 9, 8;
    %load/vec4 v0x5b10b3d30cf0_0;
    %flag_set/vec4 8;
    %flag_or 8, 9;
    %jmp/0xz  T_32.4, 8;
    %load/vec4 v0x5b10b3d2d910_0;
    %assign/vec4 v0x5b10b3d2a8d0_0, 0;
    %jmp T_32.5;
T_32.4 ;
    %load/vec4 v0x5b10b3bf3a00_0;
    %assign/vec4 v0x5b10b3d2a8d0_0, 0;
T_32.5 ;
    %load/vec4 v0x5b10b3d2d910_0;
    %pushi/vec4 4294967295, 0, 32;
    %and;
    %cmpi/e 115, 0, 32;
    %jmp/0xz  T_32.6, 4;
    %pushi/vec4 24, 0, 6;
    %pushi/vec4 0, 0, 4;
    %load/vec4 v0x5b10b3d314f0_0;
    %concat/vec4; draw_concat_vec4
    %add;
    %assign/vec4 v0x5b10b3d30370_0, 0;
    %jmp T_32.7;
T_32.6 ;
    %load/vec4 v0x5b10b3d30cf0_0;
    %flag_set/vec4 8;
    %jmp/0xz  T_32.8, 8;
    %pushi/vec4 18, 0, 6;
    %assign/vec4 v0x5b10b3d30370_0, 0;
    %jmp T_32.9;
T_32.8 ;
    %load/vec4 v0x5b10b3d2d910_0;
    %pushi/vec4 3489660927, 0, 32;
    %and;
    %cmpi/e 2097267, 0, 32;
    %jmp/0xz  T_32.10, 4;
    %pushi/vec4 48, 0, 6;
    %pushi/vec4 0, 0, 4;
    %load/vec4 v0x5b10b3d30770_0;
    %concat/vec4; draw_concat_vec4
    %add;
    %assign/vec4 v0x5b10b3d30370_0, 0;
    %jmp T_32.11;
T_32.10 ;
    %load/vec4 v0x5b10b3d2d910_0;
    %pushi/vec4 4294967295, 0, 32;
    %and;
    %cmpi/e 1048691, 0, 32;
    %jmp/0xz  T_32.12, 4;
    %pushi/vec4 19, 0, 6;
    %assign/vec4 v0x5b10b3d30370_0, 0;
    %jmp T_32.13;
T_32.12 ;
    %load/vec4 v0x5b10b3d2de90_0;
    %flag_set/vec4 8;
    %load/vec4 v0x5b10b3c1caa0_0;
    %flag_set/vec4 9;
    %flag_or 9, 8;
    %jmp/0xz  T_32.14, 9;
    %pushi/vec4 18, 0, 6;
    %assign/vec4 v0x5b10b3d30370_0, 0;
    %jmp T_32.15;
T_32.14 ;
    %load/vec4 v0x5b10b3d08180_0;
    %flag_set/vec4 8;
    %load/vec4 v0x5b10b3d2f9f0_0;
    %flag_set/vec4 9;
    %flag_or 9, 8;
    %load/vec4 v0x5b10b3ca58b0_0;
    %flag_set/vec4 8;
    %flag_or 8, 9;
    %jmp/0xz  T_32.16, 8;
    %pushi/vec4 52, 0, 6;
    %assign/vec4 v0x5b10b3d30370_0, 0;
    %jmp T_32.17;
T_32.16 ;
    %pushi/vec4 0, 0, 6;
    %assign/vec4 v0x5b10b3d30370_0, 0;
T_32.17 ;
T_32.15 ;
T_32.13 ;
T_32.11 ;
T_32.9 ;
T_32.7 ;
    %load/vec4 v0x5b10b3ca5810_0;
    %load/vec4 v0x5b10b3c286d0_0;
    %and;
    %flag_set/vec4 8;
    %jmp/0xz  T_32.18, 8;
    %load/vec4 v0x5b10b3d310f0_0;
    %assign/vec4 v0x5b10b3ccde10_0, 0;
    %jmp T_32.19;
T_32.18 ;
    %load/vec4 v0x5b10b3ca5810_0;
    %flag_set/vec4 8;
    %jmp/0xz  T_32.20, 8;
    %load/vec4 v0x5b10b3bf3a00_0;
    %load/vec4 v0x5b10b3d310f0_0;
    %or;
    %assign/vec4 v0x5b10b3ccde10_0, 0;
    %jmp T_32.21;
T_32.20 ;
    %load/vec4 v0x5b10b3c286d0_0;
    %flag_set/vec4 8;
    %jmp/0xz  T_32.22, 8;
    %load/vec4 v0x5b10b3bf3a00_0;
    %load/vec4 v0x5b10b3d310f0_0;
    %inv;
    %and;
    %assign/vec4 v0x5b10b3ccde10_0, 0;
T_32.22 ;
T_32.21 ;
T_32.19 ;
    %jmp T_32.3;
T_32.2 ;
    %pushi/vec4 0, 0, 1;
    %assign/vec4 v0x5b10b3d2a990_0, 0;
    %pushi/vec4 0, 0, 32;
    %assign/vec4 v0x5b10b3d2a8d0_0, 0;
    %pushi/vec4 0, 0, 32;
    %assign/vec4 v0x5b10b3ccde10_0, 0;
    %pushi/vec4 0, 0, 6;
    %assign/vec4 v0x5b10b3d30370_0, 0;
T_32.3 ;
T_32.1 ;
    %jmp T_32;
    .thread T_32;
    .scope S_0x5b10b3bf1100;
T_33 ;
    %wait E_0x5b10b35fb970;
    %load/vec4 v0x5b10b3ca5df0_0;
    %flag_set/vec4 8;
    %jmp/0xz  T_33.0, 8;
    %pushi/vec4 0, 0, 1;
    %assign/vec4 v0x5b10b3d03570_0, 0;
    %jmp T_33.1;
T_33.0 ;
    %load/vec4 v0x5b10b3d2ef70_0;
    %or/r;
    %load/vec4 v0x5b10b3d2f530_0;
    %inv;
    %and;
    %assign/vec4 v0x5b10b3d03570_0, 0;
T_33.1 ;
    %jmp T_33;
    .thread T_33;
    .scope S_0x5b10b3bf1100;
T_34 ;
    %wait E_0x5b10b35fb970;
    %load/vec4 v0x5b10b3ca5df0_0;
    %flag_set/vec4 8;
    %jmp/0xz  T_34.0, 8;
    %pushi/vec4 0, 0, 1;
    %assign/vec4 v0x5b10b3ca4e60_0, 0;
    %jmp T_34.1;
T_34.0 ;
    %load/vec4 v0x5b10b3d08180_0;
    %load/vec4 v0x5b10b3ca58b0_0;
    %or;
    %assign/vec4 v0x5b10b3ca4e60_0, 0;
T_34.1 ;
    %jmp T_34;
    .thread T_34;
    .scope S_0x5b10b3bf1100;
T_35 ;
    %wait E_0x5b10b35fb970;
    %load/vec4 v0x5b10b3ca5df0_0;
    %flag_set/vec4 8;
    %jmp/0xz  T_35.0, 8;
    %pushi/vec4 0, 0, 1;
    %assign/vec4 v0x5b10b3d2f930_0, 0;
    %jmp T_35.1;
T_35.0 ;
    %load/vec4 v0x5b10b3d2f9f0_0;
    %assign/vec4 v0x5b10b3d2f930_0, 0;
T_35.1 ;
    %jmp T_35;
    .thread T_35;
    .scope S_0x5b10b3bf1100;
T_36 ;
    %wait E_0x5b10b35fb970;
    %load/vec4 v0x5b10b3ca5df0_0;
    %flag_set/vec4 8;
    %jmp/0xz  T_36.0, 8;
    %pushi/vec4 0, 0, 3;
    %assign/vec4 v0x5b10b3d2f470_0, 0;
    %jmp T_36.1;
T_36.0 ;
    %load/vec4 v0x5b10b3d2f470_0;
    %cmpi/e 0, 0, 3;
    %jmp/0xz  T_36.2, 4;
    %pushi/vec4 1, 0, 3;
    %assign/vec4 v0x5b10b3d2f470_0, 0;
    %jmp T_36.3;
T_36.2 ;
    %load/vec4 v0x5b10b3d2f470_0;
    %cmpi/u 1, 0, 3;
    %flag_or 5, 4;
    %jmp/0xz  T_36.4, 5;
    %pushi/vec4 2, 0, 3;
    %assign/vec4 v0x5b10b3d2f470_0, 0;
T_36.4 ;
T_36.3 ;
T_36.1 ;
    %jmp T_36;
    .thread T_36;
    .scope S_0x5b10b3bf1100;
T_37 ;
    %wait E_0x5b10b35fb970;
    %load/vec4 v0x5b10b3ca5df0_0;
    %flag_set/vec4 8;
    %jmp/0xz  T_37.0, 8;
    %pushi/vec4 0, 0, 32;
    %assign/vec4 v0x5b10b3d84d10_0, 0;
    %pushi/vec4 0, 0, 1;
    %assign/vec4 v0x5b10b3d85030_0, 0;
    %jmp T_37.1;
T_37.0 ;
    %load/vec4 v0x5b10b3c27a80_0;
    %assign/vec4 v0x5b10b3d85030_0, 0;
    %load/vec4 v0x5b10b3cce320_0;
    %assign/vec4 v0x5b10b3d84d10_0, 0;
T_37.1 ;
    %jmp T_37;
    .thread T_37;
    .scope S_0x5b10b3e52ac0;
T_38 ;
    %wait E_0x5b10b3e52fd0;
    %load/vec4 v0x5b10b3e54940_0;
    %pushi/vec4 4261441663, 0, 32;
    %and;
    %cmpi/e 33562675, 0, 32;
    %jmp/0xz  T_38.0, 4;
    %load/vec4 v0x5b10b3e54dc0_0;
    %parti/s 1, 31, 6;
    %load/vec4 v0x5b10b3e54dc0_0;
    %concat/vec4; draw_concat_vec4
    %store/vec4 v0x5b10b3e55270_0, 0, 33;
    %jmp T_38.1;
T_38.0 ;
    %load/vec4 v0x5b10b3e54940_0;
    %pushi/vec4 4261441663, 0, 32;
    %and;
    %cmpi/e 33558579, 0, 32;
    %jmp/0xz  T_38.2, 4;
    %load/vec4 v0x5b10b3e54dc0_0;
    %parti/s 1, 31, 6;
    %load/vec4 v0x5b10b3e54dc0_0;
    %concat/vec4; draw_concat_vec4
    %store/vec4 v0x5b10b3e55270_0, 0, 33;
    %jmp T_38.3;
T_38.2 ;
    %pushi/vec4 0, 0, 1;
    %load/vec4 v0x5b10b3e54dc0_0;
    %concat/vec4; draw_concat_vec4
    %store/vec4 v0x5b10b3e55270_0, 0, 33;
T_38.3 ;
T_38.1 ;
    %jmp T_38;
    .thread T_38, $push;
    .scope S_0x5b10b3e52ac0;
T_39 ;
    %wait E_0x5b10b3e52f70;
    %load/vec4 v0x5b10b3e54940_0;
    %pushi/vec4 4261441663, 0, 32;
    %and;
    %cmpi/e 33562675, 0, 32;
    %jmp/0xz  T_39.0, 4;
    %pushi/vec4 0, 0, 1;
    %load/vec4 v0x5b10b3e54f60_0;
    %concat/vec4; draw_concat_vec4
    %store/vec4 v0x5b10b3e55430_0, 0, 33;
    %jmp T_39.1;
T_39.0 ;
    %load/vec4 v0x5b10b3e54940_0;
    %pushi/vec4 4261441663, 0, 32;
    %and;
    %cmpi/e 33558579, 0, 32;
    %jmp/0xz  T_39.2, 4;
    %load/vec4 v0x5b10b3e54f60_0;
    %parti/s 1, 31, 6;
    %load/vec4 v0x5b10b3e54f60_0;
    %concat/vec4; draw_concat_vec4
    %store/vec4 v0x5b10b3e55430_0, 0, 33;
    %jmp T_39.3;
T_39.2 ;
    %pushi/vec4 0, 0, 1;
    %load/vec4 v0x5b10b3e54f60_0;
    %concat/vec4; draw_concat_vec4
    %store/vec4 v0x5b10b3e55430_0, 0, 33;
T_39.3 ;
T_39.1 ;
    %jmp T_39;
    .thread T_39, $push;
    .scope S_0x5b10b3e52ac0;
T_40 ;
    %wait E_0x5b10b35fb970;
    %load/vec4 v0x5b10b3e557b0_0;
    %flag_set/vec4 8;
    %jmp/0xz  T_40.0, 8;
    %pushi/vec4 0, 0, 33;
    %assign/vec4 v0x5b10b3e551d0_0, 0;
    %pushi/vec4 0, 0, 33;
    %assign/vec4 v0x5b10b3e55350_0, 0;
    %pushi/vec4 0, 0, 1;
    %assign/vec4 v0x5b10b3e54630_0, 0;
    %jmp T_40.1;
T_40.0 ;
    %load/vec4 v0x5b10b3e54590_0;
    %flag_set/vec4 8;
    %jmp/0xz  T_40.2, 8;
    %jmp T_40.3;
T_40.2 ;
    %load/vec4 v0x5b10b3e55100_0;
    %load/vec4 v0x5b10b3e546d0_0;
    %and;
    %flag_set/vec4 8;
    %jmp/0xz  T_40.4, 8;
    %load/vec4 v0x5b10b3e55270_0;
    %assign/vec4 v0x5b10b3e551d0_0, 0;
    %load/vec4 v0x5b10b3e55430_0;
    %assign/vec4 v0x5b10b3e55350_0, 0;
    %load/vec4 v0x5b10b3e54940_0;
    %pushi/vec4 4261441663, 0, 32;
    %and;
    %pushi/vec4 33554483, 0, 32;
    %cmp/e;
    %flag_get/vec4 4;
    %inv;
    %assign/vec4 v0x5b10b3e54630_0, 0;
    %jmp T_40.5;
T_40.4 ;
    %pushi/vec4 0, 0, 33;
    %assign/vec4 v0x5b10b3e551d0_0, 0;
    %pushi/vec4 0, 0, 33;
    %assign/vec4 v0x5b10b3e55350_0, 0;
    %pushi/vec4 0, 0, 1;
    %assign/vec4 v0x5b10b3e54630_0, 0;
T_40.5 ;
T_40.3 ;
T_40.1 ;
    %jmp T_40;
    .thread T_40;
    .scope S_0x5b10b3e52ac0;
T_41 ;
    %wait E_0x5b10b3e52ef0;
    %load/vec4 v0x5b10b3e54630_0;
    %flag_set/vec4 8;
    %jmp/0 T_41.0, 8;
    %load/vec4 v0x5b10b3e54790_0;
    %parti/s 32, 32, 7;
    %jmp/1 T_41.1, 8;
T_41.0 ; End of true expr.
    %load/vec4 v0x5b10b3e54790_0;
    %parti/s 32, 0, 2;
    %jmp/0 T_41.1, 8;
 ; End of false expr.
    %blend;
T_41.1;
    %store/vec4 v0x5b10b3e556d0_0, 0, 32;
    %jmp T_41;
    .thread T_41, $push;
    .scope S_0x5b10b3e52ac0;
T_42 ;
    %wait E_0x5b10b35fb970;
    %load/vec4 v0x5b10b3e557b0_0;
    %flag_set/vec4 8;
    %jmp/0xz  T_42.0, 8;
    %pushi/vec4 0, 0, 32;
    %assign/vec4 v0x5b10b3e55510_0, 0;
    %jmp T_42.1;
T_42.0 ;
    %load/vec4 v0x5b10b3e54590_0;
    %inv;
    %flag_set/vec4 8;
    %jmp/0xz  T_42.2, 8;
    %load/vec4 v0x5b10b3e556d0_0;
    %assign/vec4 v0x5b10b3e55510_0, 0;
T_42.2 ;
T_42.1 ;
    %jmp T_42;
    .thread T_42;
    .scope S_0x5b10b3e52ac0;
T_43 ;
    %wait E_0x5b10b35fb970;
    %load/vec4 v0x5b10b3e557b0_0;
    %flag_set/vec4 8;
    %jmp/0xz  T_43.0, 8;
    %pushi/vec4 0, 0, 32;
    %assign/vec4 v0x5b10b3e555f0_0, 0;
    %jmp T_43.1;
T_43.0 ;
    %load/vec4 v0x5b10b3e54590_0;
    %inv;
    %flag_set/vec4 8;
    %jmp/0xz  T_43.2, 8;
    %load/vec4 v0x5b10b3e55510_0;
    %assign/vec4 v0x5b10b3e555f0_0, 0;
T_43.2 ;
T_43.1 ;
    %jmp T_43;
    .thread T_43;
    .scope S_0x5b10b3bf0260;
T_44 ;
    %wait E_0x5b10b35fb970;
    %load/vec4 v0x5b10b3c78070_0;
    %flag_set/vec4 8;
    %jmp/0xz  T_44.0, 8;
    %pushi/vec4 0, 0, 1;
    %assign/vec4 v0x5b10b3bdcfb0_0, 0;
    %pushi/vec4 0, 0, 32;
    %assign/vec4 v0x5b10b3a3d570_0, 0;
    %pushi/vec4 0, 0, 63;
    %assign/vec4 v0x5b10b3a3d150_0, 0;
    %pushi/vec4 0, 0, 1;
    %assign/vec4 v0x5b10b3a3df50_0, 0;
    %pushi/vec4 0, 0, 32;
    %assign/vec4 v0x5b10b3c3ffe0_0, 0;
    %pushi/vec4 0, 0, 32;
    %assign/vec4 v0x5b10b3c99380_0, 0;
    %pushi/vec4 0, 0, 1;
    %assign/vec4 v0x5b10b3bdb3f0_0, 0;
    %pushi/vec4 0, 0, 32;
    %assign/vec4 v0x5b10b3a3e010_0, 0;
    %pushi/vec4 0, 0, 32;
    %assign/vec4 v0x5b10b3a3db50_0, 0;
    %pushi/vec4 0, 0, 1;
    %assign/vec4 v0x5b10b3a2aa70_0, 0;
    %pushi/vec4 0, 0, 1;
    %assign/vec4 v0x5b10b3a2ab30_0, 0;
    %pushi/vec4 0, 0, 1;
    %assign/vec4 v0x5b10b3a2a5d0_0, 0;
    %pushi/vec4 0, 0, 1;
    %assign/vec4 v0x5b10b3a2a690_0, 0;
    %jmp T_44.1;
T_44.0 ;
    %load/vec4 v0x5b10b3a3d4b0_0;
    %flag_set/vec4 8;
    %jmp/0xz  T_44.2, 8;
    %load/vec4 v0x5b10b3a3e010_0;
    %load/vec4 v0x5b10b3d68be0_0;
    %cmp/e;
    %flag_get/vec4 4;
    %load/vec4 v0x5b10b3a3db50_0;
    %load/vec4 v0x5b10b3d530a0_0;
    %cmp/e;
    %flag_get/vec4 4;
    %and;
    %load/vec4 v0x5b10b3a2aa70_0;
    %load/vec4 v0x5b10b3bd9850_0;
    %cmp/e;
    %flag_get/vec4 4;
    %and;
    %load/vec4 v0x5b10b3a2ab30_0;
    %load/vec4 v0x5b10b3bd9910_0;
    %cmp/e;
    %flag_get/vec4 4;
    %and;
    %load/vec4 v0x5b10b3a2a5d0_0;
    %load/vec4 v0x5b10b3b0bc00_0;
    %cmp/e;
    %flag_get/vec4 4;
    %and;
    %load/vec4 v0x5b10b3a2a690_0;
    %load/vec4 v0x5b10b3b0bcc0_0;
    %cmp/e;
    %flag_get/vec4 4;
    %and;
    %flag_set/vec4 8;
    %jmp/0xz  T_44.4, 8;
    %pushi/vec4 1, 0, 1;
    %assign/vec4 v0x5b10b3bdcfb0_0, 0;
    %jmp T_44.5;
T_44.4 ;
    %load/vec4 v0x5b10b3d68be0_0;
    %assign/vec4 v0x5b10b3a3e010_0, 0;
    %load/vec4 v0x5b10b3d530a0_0;
    %assign/vec4 v0x5b10b3a3db50_0, 0;
    %load/vec4 v0x5b10b3bd9850_0;
    %assign/vec4 v0x5b10b3a2aa70_0, 0;
    %load/vec4 v0x5b10b3bd9910_0;
    %assign/vec4 v0x5b10b3a2ab30_0, 0;
    %load/vec4 v0x5b10b3b0bc00_0;
    %assign/vec4 v0x5b10b3a2a5d0_0, 0;
    %load/vec4 v0x5b10b3b0bcc0_0;
    %assign/vec4 v0x5b10b3a2a690_0, 0;
    %pushi/vec4 1, 0, 1;
    %assign/vec4 v0x5b10b3bdcfb0_0, 0;
    %load/vec4 v0x5b10b3bdaf50_0;
    %assign/vec4 v0x5b10b3bdb3f0_0, 0;
    %load/vec4 v0x5b10b3c76e30_0;
    %load/vec4 v0x5b10b3d68be0_0;
    %parti/s 1, 31, 6;
    %and;
    %flag_set/vec4 8;
    %jmp/0xz  T_44.6, 8;
    %load/vec4 v0x5b10b3d68be0_0;
    %inv;
    %pushi/vec4 1, 0, 32;
    %add;
    %assign/vec4 v0x5b10b3a3d570_0, 0;
    %jmp T_44.7;
T_44.6 ;
    %load/vec4 v0x5b10b3d68be0_0;
    %assign/vec4 v0x5b10b3a3d570_0, 0;
T_44.7 ;
    %load/vec4 v0x5b10b3c76e30_0;
    %load/vec4 v0x5b10b3d530a0_0;
    %parti/s 1, 31, 6;
    %and;
    %flag_set/vec4 8;
    %jmp/0xz  T_44.8, 8;
    %load/vec4 v0x5b10b3d530a0_0;
    %inv;
    %pushi/vec4 1, 0, 32;
    %add;
    %concati/vec4 0, 0, 31;
    %assign/vec4 v0x5b10b3a3d150_0, 0;
    %jmp T_44.9;
T_44.8 ;
    %load/vec4 v0x5b10b3d530a0_0;
    %concati/vec4 0, 0, 31;
    %assign/vec4 v0x5b10b3a3d150_0, 0;
T_44.9 ;
    %load/vec4 v0x5b10b3a2a260_0;
    %pushi/vec4 4261441663, 0, 32;
    %and;
    %pushi/vec4 33570867, 0, 32;
    %cmp/e;
    %flag_get/vec4 4;
    %load/vec4 v0x5b10b3d68be0_0;
    %parti/s 1, 31, 6;
    %load/vec4 v0x5b10b3d530a0_0;
    %parti/s 1, 31, 6;
    %cmp/ne;
    %flag_get/vec4 4;
    %and;
    %load/vec4 v0x5b10b3d530a0_0;
    %or/r;
    %and;
    %load/vec4 v0x5b10b3a2a260_0;
    %pushi/vec4 4261441663, 0, 32;
    %and;
    %pushi/vec4 33579059, 0, 32;
    %cmp/e;
    %flag_get/vec4 4;
    %load/vec4 v0x5b10b3d68be0_0;
    %parti/s 1, 31, 6;
    %and;
    %or;
    %assign/vec4 v0x5b10b3a3df50_0, 0;
    %pushi/vec4 0, 0, 32;
    %assign/vec4 v0x5b10b3c3ffe0_0, 0;
    %pushi/vec4 2147483648, 0, 32;
    %assign/vec4 v0x5b10b3c99380_0, 0;
T_44.5 ;
    %jmp T_44.3;
T_44.2 ;
    %load/vec4 v0x5b10b3bdb330_0;
    %flag_set/vec4 8;
    %jmp/0xz  T_44.10, 8;
    %pushi/vec4 0, 0, 1;
    %assign/vec4 v0x5b10b3bdcfb0_0, 0;
    %jmp T_44.11;
T_44.10 ;
    %load/vec4 v0x5b10b3bdcfb0_0;
    %flag_set/vec4 8;
    %jmp/0xz  T_44.12, 8;
    %load/vec4 v0x5b10b3a3d150_0;
    %pushi/vec4 0, 0, 31;
    %load/vec4 v0x5b10b3a3d570_0;
    %concat/vec4; draw_concat_vec4
    %cmp/u;
    %flag_or 5, 4;
    %jmp/0xz  T_44.14, 5;
    %load/vec4 v0x5b10b3a3d570_0;
    %load/vec4 v0x5b10b3a3d150_0;
    %parti/s 32, 0, 2;
    %sub;
    %assign/vec4 v0x5b10b3a3d570_0, 0;
    %load/vec4 v0x5b10b3c3ffe0_0;
    %load/vec4 v0x5b10b3c99380_0;
    %or;
    %assign/vec4 v0x5b10b3c3ffe0_0, 0;
T_44.14 ;
    %pushi/vec4 0, 0, 1;
    %load/vec4 v0x5b10b3a3d150_0;
    %parti/s 62, 1, 2;
    %concat/vec4; draw_concat_vec4
    %assign/vec4 v0x5b10b3a3d150_0, 0;
    %pushi/vec4 0, 0, 1;
    %load/vec4 v0x5b10b3c99380_0;
    %parti/s 31, 1, 2;
    %concat/vec4; draw_concat_vec4
    %assign/vec4 v0x5b10b3c99380_0, 0;
T_44.12 ;
T_44.11 ;
T_44.3 ;
T_44.1 ;
    %jmp T_44;
    .thread T_44;
    .scope S_0x5b10b3bf0260;
T_45 ;
    %wait E_0x5b10b3d3db40;
    %pushi/vec4 0, 0, 32;
    %store/vec4 v0x5b10b3a3d890_0, 0, 32;
    %load/vec4 v0x5b10b3bdb3f0_0;
    %flag_set/vec4 8;
    %jmp/0xz  T_45.0, 8;
    %load/vec4 v0x5b10b3a3df50_0;
    %flag_set/vec4 8;
    %jmp/0 T_45.2, 8;
    %load/vec4 v0x5b10b3c3ffe0_0;
    %inv;
    %pushi/vec4 1, 0, 32;
    %add;
    %jmp/1 T_45.3, 8;
T_45.2 ; End of true expr.
    %load/vec4 v0x5b10b3c3ffe0_0;
    %jmp/0 T_45.3, 8;
 ; End of false expr.
    %blend;
T_45.3;
    %store/vec4 v0x5b10b3a3d890_0, 0, 32;
    %jmp T_45.1;
T_45.0 ;
    %load/vec4 v0x5b10b3a3df50_0;
    %flag_set/vec4 8;
    %jmp/0 T_45.4, 8;
    %load/vec4 v0x5b10b3a3d570_0;
    %inv;
    %pushi/vec4 1, 0, 32;
    %add;
    %jmp/1 T_45.5, 8;
T_45.4 ; End of true expr.
    %load/vec4 v0x5b10b3a3d570_0;
    %jmp/0 T_45.5, 8;
 ; End of false expr.
    %blend;
T_45.5;
    %store/vec4 v0x5b10b3a3d890_0, 0, 32;
T_45.1 ;
    %jmp T_45;
    .thread T_45, $push;
    .scope S_0x5b10b3bf0260;
T_46 ;
    %wait E_0x5b10b35fb970;
    %load/vec4 v0x5b10b3c78070_0;
    %flag_set/vec4 8;
    %jmp/0xz  T_46.0, 8;
    %pushi/vec4 0, 0, 1;
    %assign/vec4 v0x5b10b3c76ef0_0, 0;
    %jmp T_46.1;
T_46.0 ;
    %load/vec4 v0x5b10b3bdb330_0;
    %assign/vec4 v0x5b10b3c76ef0_0, 0;
T_46.1 ;
    %jmp T_46;
    .thread T_46;
    .scope S_0x5b10b3bf0260;
T_47 ;
    %wait E_0x5b10b35fb970;
    %load/vec4 v0x5b10b3c78070_0;
    %flag_set/vec4 8;
    %jmp/0xz  T_47.0, 8;
    %pushi/vec4 0, 0, 32;
    %assign/vec4 v0x5b10b3c751b0_0, 0;
    %jmp T_47.1;
T_47.0 ;
    %load/vec4 v0x5b10b3bdb330_0;
    %flag_set/vec4 8;
    %jmp/0xz  T_47.2, 8;
    %load/vec4 v0x5b10b3a3d890_0;
    %assign/vec4 v0x5b10b3c751b0_0, 0;
T_47.2 ;
T_47.1 ;
    %jmp T_47;
    .thread T_47;
    .scope S_0x5b10b3e15c00;
T_48 ;
    %wait E_0x5b10b35fb970;
    %load/vec4 v0x5b10b3e1b810_0;
    %flag_set/vec4 8;
    %jmp/0xz  T_48.0, 8;
    %pushi/vec4 0, 0, 1;
    %assign/vec4 v0x5b10b3e1c6c0_0, 0;
    %pushi/vec4 0, 0, 10;
    %assign/vec4 v0x5b10b3e18860_0, 0;
    %pushi/vec4 0, 0, 32;
    %assign/vec4 v0x5b10b3e1af70_0, 0;
    %pushi/vec4 0, 0, 32;
    %assign/vec4 v0x5b10b3e1a390_0, 0;
    %pushi/vec4 0, 0, 32;
    %assign/vec4 v0x5b10b3e1a610_0, 0;
    %pushi/vec4 0, 0, 32;
    %assign/vec4 v0x5b10b3e1a930_0, 0;
    %pushi/vec4 0, 0, 32;
    %assign/vec4 v0x5b10b3e1ac50_0, 0;
    %pushi/vec4 0, 0, 6;
    %assign/vec4 v0x5b10b3e18c20_0, 0;
    %jmp T_48.1;
T_48.0 ;
    %load/vec4 v0x5b10b3e19cb0_0;
    %flag_set/vec4 8;
    %jmp/0xz  T_48.2, 8;
    %jmp T_48.3;
T_48.2 ;
    %load/vec4 v0x5b10b3e19d50_0;
    %load/vec4 v0x5b10b3e18f40_0;
    %and;
    %load/vec4 v0x5b10b3e1b970_0;
    %load/vec4 v0x5b10b3e1b8b0_0;
    %or;
    %inv;
    %and;
    %flag_set/vec4 8;
    %jmp/0xz  T_48.4, 8;
    %pushi/vec4 1, 0, 1;
    %assign/vec4 v0x5b10b3e1c6c0_0, 0;
    %load/vec4 v0x5b10b3e197b0_0;
    %load/vec4 v0x5b10b3e195d0_0;
    %or;
    %load/vec4 v0x5b10b3e19670_0;
    %or;
    %load/vec4 v0x5b10b3e19850_0;
    %or;
    %inv;
    %ix/load 4, 0, 0;
    %ix/load 5, 0, 0;
    %flag_set/imm 4, 0;
    %assign/vec4/off/d v0x5b10b3e18860_0, 4, 5;
    %load/vec4 v0x5b10b3e197b0_0;
    %load/vec4 v0x5b10b3e19c10_0;
    %and;
    %load/vec4 v0x5b10b3e1c600_0;
    %inv;
    %and;
    %ix/load 4, 1, 0;
    %ix/load 5, 0, 0;
    %flag_set/imm 4, 0;
    %assign/vec4/off/d v0x5b10b3e18860_0, 4, 5;
    %load/vec4 v0x5b10b3e197b0_0;
    %load/vec4 v0x5b10b3e19c10_0;
    %inv;
    %and;
    %load/vec4 v0x5b10b3e1c600_0;
    %inv;
    %and;
    %ix/load 4, 2, 0;
    %ix/load 5, 0, 0;
    %flag_set/imm 4, 0;
    %assign/vec4/off/d v0x5b10b3e18860_0, 4, 5;
    %load/vec4 v0x5b10b3e195d0_0;
    %load/vec4 v0x5b10b3e1c600_0;
    %inv;
    %and;
    %ix/load 4, 3, 0;
    %ix/load 5, 0, 0;
    %flag_set/imm 4, 0;
    %assign/vec4/off/d v0x5b10b3e18860_0, 4, 5;
    %load/vec4 v0x5b10b3e19670_0;
    %load/vec4 v0x5b10b3e1c600_0;
    %inv;
    %and;
    %ix/load 4, 4, 0;
    %ix/load 5, 0, 0;
    %flag_set/imm 4, 0;
    %assign/vec4/off/d v0x5b10b3e18860_0, 4, 5;
    %load/vec4 v0x5b10b3e19850_0;
    %load/vec4 v0x5b10b3e1c600_0;
    %inv;
    %and;
    %ix/load 4, 5, 0;
    %ix/load 5, 0, 0;
    %flag_set/imm 4, 0;
    %assign/vec4/off/d v0x5b10b3e18860_0, 4, 5;
    %load/vec4 v0x5b10b3e193f0_0;
    %load/vec4 v0x5b10b3e1c600_0;
    %inv;
    %and;
    %ix/load 4, 6, 0;
    %ix/load 5, 0, 0;
    %flag_set/imm 4, 0;
    %assign/vec4/off/d v0x5b10b3e18860_0, 4, 5;
    %load/vec4 v0x5b10b3e19c10_0;
    %load/vec4 v0x5b10b3e1c600_0;
    %inv;
    %and;
    %ix/load 4, 7, 0;
    %ix/load 5, 0, 0;
    %flag_set/imm 4, 0;
    %assign/vec4/off/d v0x5b10b3e18860_0, 4, 5;
    %load/vec4 v0x5b10b3e1c600_0;
    %ix/load 4, 8, 0;
    %ix/load 5, 0, 0;
    %flag_set/imm 4, 0;
    %assign/vec4/off/d v0x5b10b3e18860_0, 4, 5;
    %pushi/vec4 1, 0, 1;
    %ix/load 4, 9, 0;
    %ix/load 5, 0, 0;
    %flag_set/imm 4, 0;
    %assign/vec4/off/d v0x5b10b3e18860_0, 4, 5;
    %load/vec4 v0x5b10b3e19ad0_0;
    %assign/vec4 v0x5b10b3e1af70_0, 0;
    %load/vec4 v0x5b10b3e19490_0;
    %flag_set/vec4 8;
    %jmp/0 T_48.6, 8;
    %load/vec4 v0x5b10b3e19530_0;
    %jmp/1 T_48.7, 8;
T_48.6 ; End of true expr.
    %load/vec4 v0x5b10b3e19ad0_0;
    %addi 4, 0, 32;
    %jmp/0 T_48.7, 8;
 ; End of false expr.
    %blend;
T_48.7;
    %assign/vec4 v0x5b10b3e1a390_0, 0;
    %load/vec4 v0x5b10b3e198f0_0;
    %assign/vec4 v0x5b10b3e1a610_0, 0;
    %load/vec4 v0x5b10b3e19990_0;
    %assign/vec4 v0x5b10b3e1a930_0, 0;
    %load/vec4 v0x5b10b3e19a30_0;
    %assign/vec4 v0x5b10b3e1ac50_0, 0;
    %load/vec4 v0x5b10b3e19710_0;
    %or/r;
    %flag_set/vec4 8;
    %jmp/0 T_48.8, 8;
    %load/vec4 v0x5b10b3e19710_0;
    %jmp/1 T_48.9, 8;
T_48.8 ; End of true expr.
    %load/vec4 v0x5b10b3e17e60_0;
    %flag_set/vec4 9;
    %jmp/0 T_48.10, 9;
    %pushi/vec4 16, 0, 6;
    %jmp/1 T_48.11, 9;
T_48.10 ; End of true expr.
    %pushi/vec4 0, 0, 6;
    %jmp/0 T_48.11, 9;
 ; End of false expr.
    %blend;
T_48.11;
    %jmp/0 T_48.9, 8;
 ; End of false expr.
    %blend;
T_48.9;
    %assign/vec4 v0x5b10b3e18c20_0, 0;
    %jmp T_48.5;
T_48.4 ;
    %pushi/vec4 0, 0, 1;
    %assign/vec4 v0x5b10b3e1c6c0_0, 0;
    %pushi/vec4 0, 0, 10;
    %assign/vec4 v0x5b10b3e18860_0, 0;
    %pushi/vec4 0, 0, 32;
    %assign/vec4 v0x5b10b3e1af70_0, 0;
    %pushi/vec4 0, 0, 32;
    %assign/vec4 v0x5b10b3e1a390_0, 0;
    %pushi/vec4 0, 0, 32;
    %assign/vec4 v0x5b10b3e1a610_0, 0;
    %pushi/vec4 0, 0, 32;
    %assign/vec4 v0x5b10b3e1a930_0, 0;
    %pushi/vec4 0, 0, 32;
    %assign/vec4 v0x5b10b3e1ac50_0, 0;
    %pushi/vec4 0, 0, 6;
    %assign/vec4 v0x5b10b3e18c20_0, 0;
T_48.5 ;
T_48.3 ;
T_48.1 ;
    %jmp T_48;
    .thread T_48;
    .scope S_0x5b10b3e15c00;
T_49 ;
    %wait E_0x5b10b35fb970;
    %load/vec4 v0x5b10b3e1b810_0;
    %flag_set/vec4 8;
    %jmp/0xz  T_49.0, 8;
    %pushi/vec4 0, 0, 1;
    %assign/vec4 v0x5b10b3e1c780_0, 0;
    %pushi/vec4 0, 0, 10;
    %assign/vec4 v0x5b10b3e18900_0, 0;
    %pushi/vec4 0, 0, 1;
    %assign/vec4 v0x5b10b3e18680_0, 0;
    %pushi/vec4 0, 0, 32;
    %assign/vec4 v0x5b10b3e184a0_0, 0;
    %pushi/vec4 0, 0, 32;
    %assign/vec4 v0x5b10b3e1b010_0, 0;
    %pushi/vec4 0, 0, 32;
    %assign/vec4 v0x5b10b3e1a430_0, 0;
    %pushi/vec4 0, 0, 32;
    %assign/vec4 v0x5b10b3e1a6b0_0, 0;
    %pushi/vec4 0, 0, 32;
    %assign/vec4 v0x5b10b3e1a9d0_0, 0;
    %pushi/vec4 0, 0, 32;
    %assign/vec4 v0x5b10b3e1acf0_0, 0;
    %pushi/vec4 0, 0, 32;
    %assign/vec4 v0x5b10b3e1b490_0, 0;
    %pushi/vec4 0, 0, 6;
    %assign/vec4 v0x5b10b3e18cc0_0, 0;
    %jmp T_49.1;
T_49.0 ;
    %load/vec4 v0x5b10b3e19cb0_0;
    %flag_set/vec4 8;
    %jmp/0xz  T_49.2, 8;
    %jmp T_49.3;
T_49.2 ;
    %load/vec4 v0x5b10b3e1b970_0;
    %flag_set/vec4 8;
    %load/vec4 v0x5b10b3e1b8b0_0;
    %flag_set/vec4 9;
    %flag_or 9, 8;
    %jmp/0xz  T_49.4, 9;
    %pushi/vec4 0, 0, 1;
    %assign/vec4 v0x5b10b3e1c780_0, 0;
    %pushi/vec4 0, 0, 10;
    %assign/vec4 v0x5b10b3e18900_0, 0;
    %pushi/vec4 0, 0, 1;
    %assign/vec4 v0x5b10b3e18680_0, 0;
    %pushi/vec4 0, 0, 32;
    %assign/vec4 v0x5b10b3e184a0_0, 0;
    %pushi/vec4 0, 0, 32;
    %assign/vec4 v0x5b10b3e1b010_0, 0;
    %pushi/vec4 0, 0, 32;
    %assign/vec4 v0x5b10b3e1a430_0, 0;
    %pushi/vec4 0, 0, 32;
    %assign/vec4 v0x5b10b3e1a6b0_0, 0;
    %pushi/vec4 0, 0, 32;
    %assign/vec4 v0x5b10b3e1a9d0_0, 0;
    %pushi/vec4 0, 0, 32;
    %assign/vec4 v0x5b10b3e1acf0_0, 0;
    %pushi/vec4 0, 0, 32;
    %assign/vec4 v0x5b10b3e1b490_0, 0;
    %pushi/vec4 0, 0, 6;
    %assign/vec4 v0x5b10b3e18cc0_0, 0;
    %jmp T_49.5;
T_49.4 ;
    %load/vec4 v0x5b10b3e1c6c0_0;
    %assign/vec4 v0x5b10b3e1c780_0, 0;
    %load/vec4 v0x5b10b3e18860_0;
    %assign/vec4 v0x5b10b3e18900_0, 0;
    %load/vec4 v0x5b10b3e182c0_0;
    %assign/vec4 v0x5b10b3e18680_0, 0;
    %load/vec4 v0x5b10b3e18220_0;
    %assign/vec4 v0x5b10b3e184a0_0, 0;
    %load/vec4 v0x5b10b3e1af70_0;
    %assign/vec4 v0x5b10b3e1b010_0, 0;
    %load/vec4 v0x5b10b3e1a390_0;
    %assign/vec4 v0x5b10b3e1a430_0, 0;
    %load/vec4 v0x5b10b3e1a610_0;
    %assign/vec4 v0x5b10b3e1a6b0_0, 0;
    %load/vec4 v0x5b10b3e1a930_0;
    %assign/vec4 v0x5b10b3e1a9d0_0, 0;
    %load/vec4 v0x5b10b3e1ac50_0;
    %assign/vec4 v0x5b10b3e1acf0_0, 0;
    %load/vec4 v0x5b10b3e18860_0;
    %parti/s 1, 8, 5;
    %flag_set/vec4 8;
    %jmp/0xz  T_49.6, 8;
    %pushi/vec4 32, 0, 6;
    %assign/vec4 v0x5b10b3e18cc0_0, 0;
    %jmp T_49.7;
T_49.6 ;
    %load/vec4 v0x5b10b3e18c20_0;
    %or/r;
    %flag_set/vec4 8;
    %jmp/0xz  T_49.8, 8;
    %pushi/vec4 0, 0, 1;
    %assign/vec4 v0x5b10b3e1c780_0, 0;
    %load/vec4 v0x5b10b3e18c20_0;
    %assign/vec4 v0x5b10b3e18cc0_0, 0;
    %jmp T_49.9;
T_49.8 ;
    %load/vec4 v0x5b10b3e180e0_0;
    %assign/vec4 v0x5b10b3e18cc0_0, 0;
T_49.9 ;
T_49.7 ;
    %load/vec4 v0x5b10b3e18860_0;
    %parti/s 1, 4, 4;
    %flag_set/vec4 8;
    %jmp/0xz  T_49.10, 8;
    %load/vec4 v0x5b10b3e18b80_0;
    %assign/vec4 v0x5b10b3e1b490_0, 0;
    %jmp T_49.11;
T_49.10 ;
    %load/vec4 v0x5b10b3e18860_0;
    %parti/s 1, 3, 3;
    %flag_set/vec4 8;
    %jmp/0xz  T_49.12, 8;
    %load/vec4 v0x5b10b3e18180_0;
    %assign/vec4 v0x5b10b3e1b490_0, 0;
    %jmp T_49.13;
T_49.12 ;
    %load/vec4 v0x5b10b3e17d20_0;
    %assign/vec4 v0x5b10b3e1b490_0, 0;
T_49.13 ;
T_49.11 ;
T_49.5 ;
T_49.3 ;
T_49.1 ;
    %jmp T_49;
    .thread T_49;
    .scope S_0x5b10b3e15c00;
T_50 ;
    %wait E_0x5b10b3cf57e0;
    %load/vec4 v0x5b10b3e1b490_0;
    %store/vec4 v0x5b10b3e1b570_0, 0, 32;
    %pushi/vec4 1, 0, 1;
    %load/vec4 v0x5b10b3e1c840_0;
    %and;
    %load/vec4 v0x5b10b3e18900_0;
    %parti/s 1, 1, 2;
    %load/vec4 v0x5b10b3e18900_0;
    %parti/s 1, 2, 3;
    %or;
    %and;
    %flag_set/vec4 8;
    %jmp/0xz  T_50.0, 8;
    %load/vec4 v0x5b10b3e1a110_0;
    %store/vec4 v0x5b10b3e1b570_0, 0, 32;
    %jmp T_50.1;
T_50.0 ;
    %pushi/vec4 1, 0, 1;
    %load/vec4 v0x5b10b3e1c840_0;
    %and;
    %load/vec4 v0x5b10b3e18900_0;
    %parti/s 1, 5, 4;
    %and;
    %flag_set/vec4 8;
    %jmp/0xz  T_50.2, 8;
    %load/vec4 v0x5b10b3e1a2f0_0;
    %store/vec4 v0x5b10b3e1b570_0, 0, 32;
T_50.2 ;
T_50.1 ;
    %jmp T_50;
    .thread T_50, $push;
    .scope S_0x5b10b3e15c00;
T_51 ;
    %wait E_0x5b10b3cf57a0;
    %load/vec4 v0x5b10b3e1c780_0;
    %load/vec4 v0x5b10b3e18900_0;
    %parti/s 1, 1, 2;
    %load/vec4 v0x5b10b3e18900_0;
    %parti/s 1, 2, 3;
    %or;
    %and;
    %load/vec4 v0x5b10b3e19fd0_0;
    %and;
    %flag_set/vec4 8;
    %jmp/0xz  T_51.0, 8;
    %load/vec4 v0x5b10b3e1a070_0;
    %store/vec4 v0x5b10b3e18d60_0, 0, 6;
    %jmp T_51.1;
T_51.0 ;
    %load/vec4 v0x5b10b3e18cc0_0;
    %store/vec4 v0x5b10b3e18d60_0, 0, 6;
T_51.1 ;
    %jmp T_51;
    .thread T_51, $push;
    .scope S_0x5b10b3e15c00;
T_52 ;
    %wait E_0x5b10b35fb970;
    %load/vec4 v0x5b10b3e1b810_0;
    %flag_set/vec4 8;
    %jmp/0xz  T_52.0, 8;
    %pushi/vec4 0, 0, 1;
    %assign/vec4 v0x5b10b3e1ba30_0, 0;
    %jmp T_52.1;
T_52.0 ;
    %load/vec4 v0x5b10b3e19cb0_0;
    %inv;
    %flag_set/vec4 8;
    %jmp/0xz  T_52.2, 8;
    %load/vec4 v0x5b10b3e1baf0_0;
    %assign/vec4 v0x5b10b3e1ba30_0, 0;
T_52.2 ;
T_52.1 ;
    %jmp T_52;
    .thread T_52;
    .scope S_0x5b10b3e15c00;
T_53 ;
    %wait E_0x5b10b35fb970;
    %load/vec4 v0x5b10b3e1b810_0;
    %flag_set/vec4 8;
    %jmp/0xz  T_53.0, 8;
    %pushi/vec4 0, 0, 1;
    %assign/vec4 v0x5b10b3e1c9c0_0, 0;
    %pushi/vec4 0, 0, 10;
    %assign/vec4 v0x5b10b3e189a0_0, 0;
    %pushi/vec4 0, 0, 1;
    %assign/vec4 v0x5b10b3e18720_0, 0;
    %pushi/vec4 0, 0, 32;
    %assign/vec4 v0x5b10b3e185e0_0, 0;
    %pushi/vec4 0, 0, 32;
    %assign/vec4 v0x5b10b3e1b150_0, 0;
    %pushi/vec4 0, 0, 32;
    %assign/vec4 v0x5b10b3e1a4d0_0, 0;
    %pushi/vec4 0, 0, 32;
    %assign/vec4 v0x5b10b3e1a7f0_0, 0;
    %pushi/vec4 0, 0, 32;
    %assign/vec4 v0x5b10b3e1ab10_0, 0;
    %pushi/vec4 0, 0, 32;
    %assign/vec4 v0x5b10b3e1ae30_0, 0;
    %pushi/vec4 0, 0, 32;
    %assign/vec4 v0x5b10b3e1b730_0, 0;
    %pushi/vec4 0, 0, 6;
    %assign/vec4 v0x5b10b3e18ea0_0, 0;
    %jmp T_53.1;
T_53.0 ;
    %load/vec4 v0x5b10b3e19cb0_0;
    %flag_set/vec4 8;
    %jmp/0xz  T_53.2, 8;
    %jmp T_53.3;
T_53.2 ;
    %load/vec4 v0x5b10b3e1bbb0_0;
    %flag_set/vec4 8;
    %jmp/0xz  T_53.4, 8;
    %pushi/vec4 0, 0, 1;
    %assign/vec4 v0x5b10b3e1c9c0_0, 0;
    %pushi/vec4 0, 0, 10;
    %assign/vec4 v0x5b10b3e189a0_0, 0;
    %pushi/vec4 0, 0, 1;
    %assign/vec4 v0x5b10b3e18720_0, 0;
    %pushi/vec4 0, 0, 32;
    %assign/vec4 v0x5b10b3e185e0_0, 0;
    %pushi/vec4 0, 0, 32;
    %assign/vec4 v0x5b10b3e1b150_0, 0;
    %pushi/vec4 0, 0, 32;
    %assign/vec4 v0x5b10b3e1a4d0_0, 0;
    %pushi/vec4 0, 0, 32;
    %assign/vec4 v0x5b10b3e1a7f0_0, 0;
    %pushi/vec4 0, 0, 32;
    %assign/vec4 v0x5b10b3e1ab10_0, 0;
    %pushi/vec4 0, 0, 32;
    %assign/vec4 v0x5b10b3e1ae30_0, 0;
    %pushi/vec4 0, 0, 32;
    %assign/vec4 v0x5b10b3e1b730_0, 0;
    %pushi/vec4 0, 0, 6;
    %assign/vec4 v0x5b10b3e18ea0_0, 0;
    %jmp T_53.5;
T_53.4 ;
    %load/vec4 v0x5b10b3e18d60_0;
    %dup/vec4;
    %pushi/vec4 20, 0, 6;
    %cmp/u;
    %jmp/1 T_53.6, 6;
    %dup/vec4;
    %pushi/vec4 21, 0, 6;
    %cmp/u;
    %jmp/1 T_53.7, 6;
    %dup/vec4;
    %pushi/vec4 22, 0, 6;
    %cmp/u;
    %jmp/1 T_53.8, 6;
    %dup/vec4;
    %pushi/vec4 23, 0, 6;
    %cmp/u;
    %jmp/1 T_53.9, 6;
    %dup/vec4;
    %pushi/vec4 29, 0, 6;
    %cmp/u;
    %jmp/1 T_53.10, 6;
    %dup/vec4;
    %pushi/vec4 31, 0, 6;
    %cmp/u;
    %jmp/1 T_53.11, 6;
    %load/vec4 v0x5b10b3e1c780_0;
    %assign/vec4 v0x5b10b3e1c9c0_0, 0;
    %jmp T_53.13;
T_53.6 ;
    %pushi/vec4 0, 0, 1;
    %assign/vec4 v0x5b10b3e1c9c0_0, 0;
    %jmp T_53.13;
T_53.7 ;
    %pushi/vec4 0, 0, 1;
    %assign/vec4 v0x5b10b3e1c9c0_0, 0;
    %jmp T_53.13;
T_53.8 ;
    %pushi/vec4 0, 0, 1;
    %assign/vec4 v0x5b10b3e1c9c0_0, 0;
    %jmp T_53.13;
T_53.9 ;
    %pushi/vec4 0, 0, 1;
    %assign/vec4 v0x5b10b3e1c9c0_0, 0;
    %jmp T_53.13;
T_53.10 ;
    %pushi/vec4 0, 0, 1;
    %assign/vec4 v0x5b10b3e1c9c0_0, 0;
    %jmp T_53.13;
T_53.11 ;
    %pushi/vec4 0, 0, 1;
    %assign/vec4 v0x5b10b3e1c9c0_0, 0;
    %jmp T_53.13;
T_53.13 ;
    %pop/vec4 1;
    %load/vec4 v0x5b10b3e18680_0;
    %assign/vec4 v0x5b10b3e18720_0, 0;
    %load/vec4 v0x5b10b3e184a0_0;
    %assign/vec4 v0x5b10b3e185e0_0, 0;
    %load/vec4 v0x5b10b3e18d60_0;
    %or/r;
    %flag_set/vec4 8;
    %jmp/0xz  T_53.14, 8;
    %load/vec4 v0x5b10b3e18900_0;
    %pushi/vec4 895, 0, 10;
    %and;
    %assign/vec4 v0x5b10b3e189a0_0, 0;
    %jmp T_53.15;
T_53.14 ;
    %load/vec4 v0x5b10b3e18900_0;
    %assign/vec4 v0x5b10b3e189a0_0, 0;
T_53.15 ;
    %load/vec4 v0x5b10b3e1b010_0;
    %assign/vec4 v0x5b10b3e1b150_0, 0;
    %load/vec4 v0x5b10b3e1a430_0;
    %assign/vec4 v0x5b10b3e1a4d0_0, 0;
    %load/vec4 v0x5b10b3e1a6b0_0;
    %assign/vec4 v0x5b10b3e1a7f0_0, 0;
    %load/vec4 v0x5b10b3e1a9d0_0;
    %assign/vec4 v0x5b10b3e1ab10_0, 0;
    %load/vec4 v0x5b10b3e1acf0_0;
    %assign/vec4 v0x5b10b3e1ae30_0, 0;
    %load/vec4 v0x5b10b3e18d60_0;
    %assign/vec4 v0x5b10b3e18ea0_0, 0;
    %load/vec4 v0x5b10b3e1c840_0;
    %load/vec4 v0x5b10b3e18900_0;
    %parti/s 1, 1, 2;
    %load/vec4 v0x5b10b3e18900_0;
    %parti/s 1, 2, 3;
    %or;
    %and;
    %flag_set/vec4 8;
    %jmp/0xz  T_53.16, 8;
    %load/vec4 v0x5b10b3e1a110_0;
    %assign/vec4 v0x5b10b3e1b730_0, 0;
    %jmp T_53.17;
T_53.16 ;
    %load/vec4 v0x5b10b3e1c840_0;
    %load/vec4 v0x5b10b3e18900_0;
    %parti/s 1, 5, 4;
    %and;
    %flag_set/vec4 8;
    %jmp/0xz  T_53.18, 8;
    %load/vec4 v0x5b10b3e1a2f0_0;
    %assign/vec4 v0x5b10b3e1b730_0, 0;
    %jmp T_53.19;
T_53.18 ;
    %load/vec4 v0x5b10b3e1b490_0;
    %assign/vec4 v0x5b10b3e1b730_0, 0;
T_53.19 ;
T_53.17 ;
T_53.5 ;
T_53.3 ;
T_53.1 ;
    %jmp T_53;
    .thread T_53;
    .scope S_0x5b10b3e1d3f0;
T_54 ;
    %wait E_0x5b10b35fb970;
    %load/vec4 v0x5b10b3e24190_0;
    %flag_set/vec4 8;
    %jmp/0xz  T_54.0, 8;
    %pushi/vec4 0, 0, 1;
    %assign/vec4 v0x5b10b3e25050_0, 0;
    %pushi/vec4 0, 0, 10;
    %assign/vec4 v0x5b10b3e20980_0, 0;
    %pushi/vec4 0, 0, 32;
    %assign/vec4 v0x5b10b3e23710_0, 0;
    %pushi/vec4 0, 0, 32;
    %assign/vec4 v0x5b10b3e22690_0, 0;
    %pushi/vec4 0, 0, 32;
    %assign/vec4 v0x5b10b3e229f0_0, 0;
    %pushi/vec4 0, 0, 32;
    %assign/vec4 v0x5b10b3e22e50_0, 0;
    %pushi/vec4 0, 0, 32;
    %assign/vec4 v0x5b10b3e232b0_0, 0;
    %pushi/vec4 0, 0, 6;
    %assign/vec4 v0x5b10b3e20ee0_0, 0;
    %jmp T_54.1;
T_54.0 ;
    %load/vec4 v0x5b10b3e21ee0_0;
    %flag_set/vec4 8;
    %jmp/0xz  T_54.2, 8;
    %jmp T_54.3;
T_54.2 ;
    %load/vec4 v0x5b10b3e21f80_0;
    %load/vec4 v0x5b10b3e21340_0;
    %and;
    %load/vec4 v0x5b10b3e24300_0;
    %load/vec4 v0x5b10b3e24230_0;
    %or;
    %inv;
    %and;
    %flag_set/vec4 8;
    %jmp/0xz  T_54.4, 8;
    %pushi/vec4 1, 0, 1;
    %assign/vec4 v0x5b10b3e25050_0, 0;
    %load/vec4 v0x5b10b3e218c0_0;
    %load/vec4 v0x5b10b3e21660_0;
    %or;
    %load/vec4 v0x5b10b3e21720_0;
    %or;
    %load/vec4 v0x5b10b3e21980_0;
    %or;
    %inv;
    %ix/load 4, 0, 0;
    %ix/load 5, 0, 0;
    %flag_set/imm 4, 0;
    %assign/vec4/off/d v0x5b10b3e20980_0, 4, 5;
    %load/vec4 v0x5b10b3e218c0_0;
    %load/vec4 v0x5b10b3e21e20_0;
    %and;
    %load/vec4 v0x5b10b3e24f90_0;
    %inv;
    %and;
    %ix/load 4, 1, 0;
    %ix/load 5, 0, 0;
    %flag_set/imm 4, 0;
    %assign/vec4/off/d v0x5b10b3e20980_0, 4, 5;
    %load/vec4 v0x5b10b3e218c0_0;
    %load/vec4 v0x5b10b3e21e20_0;
    %inv;
    %and;
    %load/vec4 v0x5b10b3e24f90_0;
    %inv;
    %and;
    %ix/load 4, 2, 0;
    %ix/load 5, 0, 0;
    %flag_set/imm 4, 0;
    %assign/vec4/off/d v0x5b10b3e20980_0, 4, 5;
    %load/vec4 v0x5b10b3e21660_0;
    %load/vec4 v0x5b10b3e24f90_0;
    %inv;
    %and;
    %ix/load 4, 3, 0;
    %ix/load 5, 0, 0;
    %flag_set/imm 4, 0;
    %assign/vec4/off/d v0x5b10b3e20980_0, 4, 5;
    %load/vec4 v0x5b10b3e21720_0;
    %load/vec4 v0x5b10b3e24f90_0;
    %inv;
    %and;
    %ix/load 4, 4, 0;
    %ix/load 5, 0, 0;
    %flag_set/imm 4, 0;
    %assign/vec4/off/d v0x5b10b3e20980_0, 4, 5;
    %load/vec4 v0x5b10b3e21980_0;
    %load/vec4 v0x5b10b3e24f90_0;
    %inv;
    %and;
    %ix/load 4, 5, 0;
    %ix/load 5, 0, 0;
    %flag_set/imm 4, 0;
    %assign/vec4/off/d v0x5b10b3e20980_0, 4, 5;
    %load/vec4 v0x5b10b3e21400_0;
    %load/vec4 v0x5b10b3e24f90_0;
    %inv;
    %and;
    %ix/load 4, 6, 0;
    %ix/load 5, 0, 0;
    %flag_set/imm 4, 0;
    %assign/vec4/off/d v0x5b10b3e20980_0, 4, 5;
    %load/vec4 v0x5b10b3e21e20_0;
    %load/vec4 v0x5b10b3e24f90_0;
    %inv;
    %and;
    %ix/load 4, 7, 0;
    %ix/load 5, 0, 0;
    %flag_set/imm 4, 0;
    %assign/vec4/off/d v0x5b10b3e20980_0, 4, 5;
    %load/vec4 v0x5b10b3e24f90_0;
    %ix/load 4, 8, 0;
    %ix/load 5, 0, 0;
    %flag_set/imm 4, 0;
    %assign/vec4/off/d v0x5b10b3e20980_0, 4, 5;
    %pushi/vec4 1, 0, 1;
    %ix/load 4, 9, 0;
    %ix/load 5, 0, 0;
    %flag_set/imm 4, 0;
    %assign/vec4/off/d v0x5b10b3e20980_0, 4, 5;
    %load/vec4 v0x5b10b3e21c80_0;
    %assign/vec4 v0x5b10b3e23710_0, 0;
    %load/vec4 v0x5b10b3e214c0_0;
    %flag_set/vec4 8;
    %jmp/0 T_54.6, 8;
    %load/vec4 v0x5b10b3e21580_0;
    %jmp/1 T_54.7, 8;
T_54.6 ; End of true expr.
    %load/vec4 v0x5b10b3e21c80_0;
    %addi 4, 0, 32;
    %jmp/0 T_54.7, 8;
 ; End of false expr.
    %blend;
T_54.7;
    %assign/vec4 v0x5b10b3e22690_0, 0;
    %load/vec4 v0x5b10b3e21a40_0;
    %assign/vec4 v0x5b10b3e229f0_0, 0;
    %load/vec4 v0x5b10b3e21b20_0;
    %assign/vec4 v0x5b10b3e22e50_0, 0;
    %load/vec4 v0x5b10b3e21be0_0;
    %assign/vec4 v0x5b10b3e232b0_0, 0;
    %load/vec4 v0x5b10b3e217e0_0;
    %or/r;
    %flag_set/vec4 8;
    %jmp/0 T_54.8, 8;
    %load/vec4 v0x5b10b3e217e0_0;
    %jmp/1 T_54.9, 8;
T_54.8 ; End of true expr.
    %load/vec4 v0x5b10b3e1fc50_0;
    %flag_set/vec4 9;
    %jmp/0 T_54.10, 9;
    %pushi/vec4 16, 0, 6;
    %jmp/1 T_54.11, 9;
T_54.10 ; End of true expr.
    %pushi/vec4 0, 0, 6;
    %jmp/0 T_54.11, 9;
 ; End of false expr.
    %blend;
T_54.11;
    %jmp/0 T_54.9, 8;
 ; End of false expr.
    %blend;
T_54.9;
    %assign/vec4 v0x5b10b3e20ee0_0, 0;
    %jmp T_54.5;
T_54.4 ;
    %pushi/vec4 0, 0, 1;
    %assign/vec4 v0x5b10b3e25050_0, 0;
    %pushi/vec4 0, 0, 10;
    %assign/vec4 v0x5b10b3e20980_0, 0;
    %pushi/vec4 0, 0, 32;
    %assign/vec4 v0x5b10b3e23710_0, 0;
    %pushi/vec4 0, 0, 32;
    %assign/vec4 v0x5b10b3e22690_0, 0;
    %pushi/vec4 0, 0, 32;
    %assign/vec4 v0x5b10b3e229f0_0, 0;
    %pushi/vec4 0, 0, 32;
    %assign/vec4 v0x5b10b3e22e50_0, 0;
    %pushi/vec4 0, 0, 32;
    %assign/vec4 v0x5b10b3e232b0_0, 0;
    %pushi/vec4 0, 0, 6;
    %assign/vec4 v0x5b10b3e20ee0_0, 0;
T_54.5 ;
T_54.3 ;
T_54.1 ;
    %jmp T_54;
    .thread T_54;
    .scope S_0x5b10b3e1d3f0;
T_55 ;
    %wait E_0x5b10b35fb970;
    %load/vec4 v0x5b10b3e24190_0;
    %flag_set/vec4 8;
    %jmp/0xz  T_55.0, 8;
    %pushi/vec4 0, 0, 1;
    %assign/vec4 v0x5b10b3e25110_0, 0;
    %pushi/vec4 0, 0, 10;
    %assign/vec4 v0x5b10b3e20a60_0, 0;
    %pushi/vec4 0, 0, 1;
    %assign/vec4 v0x5b10b3e20740_0, 0;
    %pushi/vec4 0, 0, 32;
    %assign/vec4 v0x5b10b3e204a0_0, 0;
    %pushi/vec4 0, 0, 32;
    %assign/vec4 v0x5b10b3e237f0_0, 0;
    %pushi/vec4 0, 0, 32;
    %assign/vec4 v0x5b10b3e22750_0, 0;
    %pushi/vec4 0, 0, 32;
    %assign/vec4 v0x5b10b3e22ad0_0, 0;
    %pushi/vec4 0, 0, 32;
    %assign/vec4 v0x5b10b3e22f30_0, 0;
    %pushi/vec4 0, 0, 32;
    %assign/vec4 v0x5b10b3e23390_0, 0;
    %pushi/vec4 0, 0, 32;
    %assign/vec4 v0x5b10b3e23e10_0, 0;
    %pushi/vec4 0, 0, 6;
    %assign/vec4 v0x5b10b3e20fc0_0, 0;
    %jmp T_55.1;
T_55.0 ;
    %load/vec4 v0x5b10b3e21ee0_0;
    %flag_set/vec4 8;
    %jmp/0xz  T_55.2, 8;
    %jmp T_55.3;
T_55.2 ;
    %load/vec4 v0x5b10b3e24300_0;
    %flag_set/vec4 8;
    %load/vec4 v0x5b10b3e24230_0;
    %flag_set/vec4 9;
    %flag_or 9, 8;
    %jmp/0xz  T_55.4, 9;
    %pushi/vec4 0, 0, 1;
    %assign/vec4 v0x5b10b3e25110_0, 0;
    %pushi/vec4 0, 0, 10;
    %assign/vec4 v0x5b10b3e20a60_0, 0;
    %pushi/vec4 0, 0, 1;
    %assign/vec4 v0x5b10b3e20740_0, 0;
    %pushi/vec4 0, 0, 32;
    %assign/vec4 v0x5b10b3e204a0_0, 0;
    %pushi/vec4 0, 0, 32;
    %assign/vec4 v0x5b10b3e237f0_0, 0;
    %pushi/vec4 0, 0, 32;
    %assign/vec4 v0x5b10b3e22750_0, 0;
    %pushi/vec4 0, 0, 32;
    %assign/vec4 v0x5b10b3e22ad0_0, 0;
    %pushi/vec4 0, 0, 32;
    %assign/vec4 v0x5b10b3e22f30_0, 0;
    %pushi/vec4 0, 0, 32;
    %assign/vec4 v0x5b10b3e23390_0, 0;
    %pushi/vec4 0, 0, 32;
    %assign/vec4 v0x5b10b3e23e10_0, 0;
    %pushi/vec4 0, 0, 6;
    %assign/vec4 v0x5b10b3e20fc0_0, 0;
    %jmp T_55.5;
T_55.4 ;
    %load/vec4 v0x5b10b3e25050_0;
    %assign/vec4 v0x5b10b3e25110_0, 0;
    %load/vec4 v0x5b10b3e20980_0;
    %assign/vec4 v0x5b10b3e20a60_0, 0;
    %load/vec4 v0x5b10b3e20210_0;
    %assign/vec4 v0x5b10b3e20740_0, 0;
    %load/vec4 v0x5b10b3e20100_0;
    %assign/vec4 v0x5b10b3e204a0_0, 0;
    %load/vec4 v0x5b10b3e23710_0;
    %assign/vec4 v0x5b10b3e237f0_0, 0;
    %load/vec4 v0x5b10b3e22690_0;
    %assign/vec4 v0x5b10b3e22750_0, 0;
    %load/vec4 v0x5b10b3e229f0_0;
    %assign/vec4 v0x5b10b3e22ad0_0, 0;
    %load/vec4 v0x5b10b3e22e50_0;
    %assign/vec4 v0x5b10b3e22f30_0, 0;
    %load/vec4 v0x5b10b3e232b0_0;
    %assign/vec4 v0x5b10b3e23390_0, 0;
    %load/vec4 v0x5b10b3e20980_0;
    %parti/s 1, 8, 5;
    %flag_set/vec4 8;
    %jmp/0xz  T_55.6, 8;
    %pushi/vec4 32, 0, 6;
    %assign/vec4 v0x5b10b3e20fc0_0, 0;
    %jmp T_55.7;
T_55.6 ;
    %load/vec4 v0x5b10b3e20ee0_0;
    %or/r;
    %flag_set/vec4 8;
    %jmp/0xz  T_55.8, 8;
    %pushi/vec4 0, 0, 1;
    %assign/vec4 v0x5b10b3e25110_0, 0;
    %load/vec4 v0x5b10b3e20ee0_0;
    %assign/vec4 v0x5b10b3e20fc0_0, 0;
    %jmp T_55.9;
T_55.8 ;
    %load/vec4 v0x5b10b3e1ff30_0;
    %assign/vec4 v0x5b10b3e20fc0_0, 0;
T_55.9 ;
T_55.7 ;
    %load/vec4 v0x5b10b3e20980_0;
    %parti/s 1, 4, 4;
    %flag_set/vec4 8;
    %jmp/0xz  T_55.10, 8;
    %load/vec4 v0x5b10b3e20dd0_0;
    %assign/vec4 v0x5b10b3e23e10_0, 0;
    %jmp T_55.11;
T_55.10 ;
    %load/vec4 v0x5b10b3e20980_0;
    %parti/s 1, 3, 3;
    %flag_set/vec4 8;
    %jmp/0xz  T_55.12, 8;
    %load/vec4 v0x5b10b3e1fff0_0;
    %assign/vec4 v0x5b10b3e23e10_0, 0;
    %jmp T_55.13;
T_55.12 ;
    %load/vec4 v0x5b10b3e1faf0_0;
    %assign/vec4 v0x5b10b3e23e10_0, 0;
T_55.13 ;
T_55.11 ;
T_55.5 ;
T_55.3 ;
T_55.1 ;
    %jmp T_55;
    .thread T_55;
    .scope S_0x5b10b3e1d3f0;
T_56 ;
    %wait E_0x5b10b3e1dc70;
    %load/vec4 v0x5b10b3e23e10_0;
    %store/vec4 v0x5b10b3e23ef0_0, 0, 32;
    %pushi/vec4 1, 0, 1;
    %load/vec4 v0x5b10b3e251d0_0;
    %and;
    %load/vec4 v0x5b10b3e20a60_0;
    %parti/s 1, 1, 2;
    %load/vec4 v0x5b10b3e20a60_0;
    %parti/s 1, 2, 3;
    %or;
    %and;
    %flag_set/vec4 8;
    %jmp/0xz  T_56.0, 8;
    %load/vec4 v0x5b10b3e223a0_0;
    %store/vec4 v0x5b10b3e23ef0_0, 0, 32;
    %jmp T_56.1;
T_56.0 ;
    %pushi/vec4 1, 0, 1;
    %load/vec4 v0x5b10b3e251d0_0;
    %and;
    %load/vec4 v0x5b10b3e20a60_0;
    %parti/s 1, 5, 4;
    %and;
    %flag_set/vec4 8;
    %jmp/0xz  T_56.2, 8;
    %load/vec4 v0x5b10b3e225a0_0;
    %store/vec4 v0x5b10b3e23ef0_0, 0, 32;
T_56.2 ;
T_56.1 ;
    %jmp T_56;
    .thread T_56, $push;
    .scope S_0x5b10b3e1d3f0;
T_57 ;
    %wait E_0x5b10b3d6c560;
    %load/vec4 v0x5b10b3e25110_0;
    %load/vec4 v0x5b10b3e20a60_0;
    %parti/s 1, 1, 2;
    %load/vec4 v0x5b10b3e20a60_0;
    %parti/s 1, 2, 3;
    %or;
    %and;
    %load/vec4 v0x5b10b3e22260_0;
    %and;
    %flag_set/vec4 8;
    %jmp/0xz  T_57.0, 8;
    %load/vec4 v0x5b10b3e22300_0;
    %store/vec4 v0x5b10b3e210a0_0, 0, 6;
    %jmp T_57.1;
T_57.0 ;
    %load/vec4 v0x5b10b3e20fc0_0;
    %store/vec4 v0x5b10b3e210a0_0, 0, 6;
T_57.1 ;
    %jmp T_57;
    .thread T_57, $push;
    .scope S_0x5b10b3e1d3f0;
T_58 ;
    %wait E_0x5b10b35fb970;
    %load/vec4 v0x5b10b3e24190_0;
    %flag_set/vec4 8;
    %jmp/0xz  T_58.0, 8;
    %pushi/vec4 0, 0, 1;
    %assign/vec4 v0x5b10b3e243d0_0, 0;
    %jmp T_58.1;
T_58.0 ;
    %load/vec4 v0x5b10b3e21ee0_0;
    %inv;
    %flag_set/vec4 8;
    %jmp/0xz  T_58.2, 8;
    %load/vec4 v0x5b10b3e24470_0;
    %assign/vec4 v0x5b10b3e243d0_0, 0;
T_58.2 ;
T_58.1 ;
    %jmp T_58;
    .thread T_58;
    .scope S_0x5b10b3e1d3f0;
T_59 ;
    %wait E_0x5b10b35fb970;
    %load/vec4 v0x5b10b3e24190_0;
    %flag_set/vec4 8;
    %jmp/0xz  T_59.0, 8;
    %pushi/vec4 0, 0, 1;
    %assign/vec4 v0x5b10b3e25350_0, 0;
    %pushi/vec4 0, 0, 10;
    %assign/vec4 v0x5b10b3e20b40_0, 0;
    %pushi/vec4 0, 0, 1;
    %assign/vec4 v0x5b10b3e20800_0, 0;
    %pushi/vec4 0, 0, 32;
    %assign/vec4 v0x5b10b3e20660_0, 0;
    %pushi/vec4 0, 0, 32;
    %assign/vec4 v0x5b10b3e239b0_0, 0;
    %pushi/vec4 0, 0, 32;
    %assign/vec4 v0x5b10b3e22830_0, 0;
    %pushi/vec4 0, 0, 32;
    %assign/vec4 v0x5b10b3e22c90_0, 0;
    %pushi/vec4 0, 0, 32;
    %assign/vec4 v0x5b10b3e230f0_0, 0;
    %pushi/vec4 0, 0, 32;
    %assign/vec4 v0x5b10b3e23550_0, 0;
    %pushi/vec4 0, 0, 32;
    %assign/vec4 v0x5b10b3e240b0_0, 0;
    %pushi/vec4 0, 0, 6;
    %assign/vec4 v0x5b10b3e21260_0, 0;
    %jmp T_59.1;
T_59.0 ;
    %load/vec4 v0x5b10b3e21ee0_0;
    %flag_set/vec4 8;
    %jmp/0xz  T_59.2, 8;
    %jmp T_59.3;
T_59.2 ;
    %load/vec4 v0x5b10b3e24510_0;
    %flag_set/vec4 8;
    %jmp/0xz  T_59.4, 8;
    %pushi/vec4 0, 0, 1;
    %assign/vec4 v0x5b10b3e25350_0, 0;
    %pushi/vec4 0, 0, 10;
    %assign/vec4 v0x5b10b3e20b40_0, 0;
    %pushi/vec4 0, 0, 1;
    %assign/vec4 v0x5b10b3e20800_0, 0;
    %pushi/vec4 0, 0, 32;
    %assign/vec4 v0x5b10b3e20660_0, 0;
    %pushi/vec4 0, 0, 32;
    %assign/vec4 v0x5b10b3e239b0_0, 0;
    %pushi/vec4 0, 0, 32;
    %assign/vec4 v0x5b10b3e22830_0, 0;
    %pushi/vec4 0, 0, 32;
    %assign/vec4 v0x5b10b3e22c90_0, 0;
    %pushi/vec4 0, 0, 32;
    %assign/vec4 v0x5b10b3e230f0_0, 0;
    %pushi/vec4 0, 0, 32;
    %assign/vec4 v0x5b10b3e23550_0, 0;
    %pushi/vec4 0, 0, 32;
    %assign/vec4 v0x5b10b3e240b0_0, 0;
    %pushi/vec4 0, 0, 6;
    %assign/vec4 v0x5b10b3e21260_0, 0;
    %jmp T_59.5;
T_59.4 ;
    %load/vec4 v0x5b10b3e210a0_0;
    %dup/vec4;
    %pushi/vec4 20, 0, 6;
    %cmp/u;
    %jmp/1 T_59.6, 6;
    %dup/vec4;
    %pushi/vec4 21, 0, 6;
    %cmp/u;
    %jmp/1 T_59.7, 6;
    %dup/vec4;
    %pushi/vec4 22, 0, 6;
    %cmp/u;
    %jmp/1 T_59.8, 6;
    %dup/vec4;
    %pushi/vec4 23, 0, 6;
    %cmp/u;
    %jmp/1 T_59.9, 6;
    %dup/vec4;
    %pushi/vec4 29, 0, 6;
    %cmp/u;
    %jmp/1 T_59.10, 6;
    %dup/vec4;
    %pushi/vec4 31, 0, 6;
    %cmp/u;
    %jmp/1 T_59.11, 6;
    %load/vec4 v0x5b10b3e25110_0;
    %assign/vec4 v0x5b10b3e25350_0, 0;
    %jmp T_59.13;
T_59.6 ;
    %pushi/vec4 0, 0, 1;
    %assign/vec4 v0x5b10b3e25350_0, 0;
    %jmp T_59.13;
T_59.7 ;
    %pushi/vec4 0, 0, 1;
    %assign/vec4 v0x5b10b3e25350_0, 0;
    %jmp T_59.13;
T_59.8 ;
    %pushi/vec4 0, 0, 1;
    %assign/vec4 v0x5b10b3e25350_0, 0;
    %jmp T_59.13;
T_59.9 ;
    %pushi/vec4 0, 0, 1;
    %assign/vec4 v0x5b10b3e25350_0, 0;
    %jmp T_59.13;
T_59.10 ;
    %pushi/vec4 0, 0, 1;
    %assign/vec4 v0x5b10b3e25350_0, 0;
    %jmp T_59.13;
T_59.11 ;
    %pushi/vec4 0, 0, 1;
    %assign/vec4 v0x5b10b3e25350_0, 0;
    %jmp T_59.13;
T_59.13 ;
    %pop/vec4 1;
    %load/vec4 v0x5b10b3e20740_0;
    %assign/vec4 v0x5b10b3e20800_0, 0;
    %load/vec4 v0x5b10b3e204a0_0;
    %assign/vec4 v0x5b10b3e20660_0, 0;
    %load/vec4 v0x5b10b3e210a0_0;
    %or/r;
    %flag_set/vec4 8;
    %jmp/0xz  T_59.14, 8;
    %load/vec4 v0x5b10b3e20a60_0;
    %pushi/vec4 895, 0, 10;
    %and;
    %assign/vec4 v0x5b10b3e20b40_0, 0;
    %jmp T_59.15;
T_59.14 ;
    %load/vec4 v0x5b10b3e20a60_0;
    %assign/vec4 v0x5b10b3e20b40_0, 0;
T_59.15 ;
    %load/vec4 v0x5b10b3e237f0_0;
    %assign/vec4 v0x5b10b3e239b0_0, 0;
    %load/vec4 v0x5b10b3e22750_0;
    %assign/vec4 v0x5b10b3e22830_0, 0;
    %load/vec4 v0x5b10b3e22ad0_0;
    %assign/vec4 v0x5b10b3e22c90_0, 0;
    %load/vec4 v0x5b10b3e22f30_0;
    %assign/vec4 v0x5b10b3e230f0_0, 0;
    %load/vec4 v0x5b10b3e23390_0;
    %assign/vec4 v0x5b10b3e23550_0, 0;
    %load/vec4 v0x5b10b3e210a0_0;
    %assign/vec4 v0x5b10b3e21260_0, 0;
    %load/vec4 v0x5b10b3e251d0_0;
    %load/vec4 v0x5b10b3e20a60_0;
    %parti/s 1, 1, 2;
    %load/vec4 v0x5b10b3e20a60_0;
    %parti/s 1, 2, 3;
    %or;
    %and;
    %flag_set/vec4 8;
    %jmp/0xz  T_59.16, 8;
    %load/vec4 v0x5b10b3e223a0_0;
    %assign/vec4 v0x5b10b3e240b0_0, 0;
    %jmp T_59.17;
T_59.16 ;
    %load/vec4 v0x5b10b3e251d0_0;
    %load/vec4 v0x5b10b3e20a60_0;
    %parti/s 1, 5, 4;
    %and;
    %flag_set/vec4 8;
    %jmp/0xz  T_59.18, 8;
    %load/vec4 v0x5b10b3e225a0_0;
    %assign/vec4 v0x5b10b3e240b0_0, 0;
    %jmp T_59.19;
T_59.18 ;
    %load/vec4 v0x5b10b3e23e10_0;
    %assign/vec4 v0x5b10b3e240b0_0, 0;
T_59.19 ;
T_59.17 ;
T_59.5 ;
T_59.3 ;
T_59.1 ;
    %jmp T_59;
    .thread T_59;
    .scope S_0x5b10b3e261c0;
T_60 ;
    %wait E_0x5b10b372f8a0;
    %load/vec4 v0x5b10b3e2ac50_0;
    %flag_set/vec4 8;
    %jmp/0xz  T_60.0, 8;
    %pushi/vec4 0, 0, 32;
    %assign/vec4 v0x5b10b3e27320_0, 0;
    %pushi/vec4 0, 0, 32;
    %assign/vec4 v0x5b10b3e27cc0_0, 0;
    %pushi/vec4 0, 0, 32;
    %assign/vec4 v0x5b10b3e27f60_0, 0;
    %pushi/vec4 0, 0, 32;
    %assign/vec4 v0x5b10b3e28040_0, 0;
    %pushi/vec4 0, 0, 32;
    %assign/vec4 v0x5b10b3e28120_0, 0;
    %pushi/vec4 0, 0, 32;
    %assign/vec4 v0x5b10b3e28200_0, 0;
    %pushi/vec4 0, 0, 32;
    %assign/vec4 v0x5b10b3e282e0_0, 0;
    %pushi/vec4 0, 0, 32;
    %assign/vec4 v0x5b10b3e283c0_0, 0;
    %pushi/vec4 0, 0, 32;
    %assign/vec4 v0x5b10b3e284a0_0, 0;
    %pushi/vec4 0, 0, 32;
    %assign/vec4 v0x5b10b3e26a10_0, 0;
    %pushi/vec4 0, 0, 32;
    %assign/vec4 v0x5b10b3e26b40_0, 0;
    %pushi/vec4 0, 0, 32;
    %assign/vec4 v0x5b10b3e26c20_0, 0;
    %pushi/vec4 0, 0, 32;
    %assign/vec4 v0x5b10b3e26d00_0, 0;
    %pushi/vec4 0, 0, 32;
    %assign/vec4 v0x5b10b3e26de0_0, 0;
    %pushi/vec4 0, 0, 32;
    %assign/vec4 v0x5b10b3e26ec0_0, 0;
    %pushi/vec4 0, 0, 32;
    %assign/vec4 v0x5b10b3e26fa0_0, 0;
    %pushi/vec4 0, 0, 32;
    %assign/vec4 v0x5b10b3e27080_0, 0;
    %pushi/vec4 0, 0, 32;
    %assign/vec4 v0x5b10b3e27160_0, 0;
    %pushi/vec4 0, 0, 32;
    %assign/vec4 v0x5b10b3e27240_0, 0;
    %pushi/vec4 0, 0, 32;
    %assign/vec4 v0x5b10b3e27400_0, 0;
    %pushi/vec4 0, 0, 32;
    %assign/vec4 v0x5b10b3e274e0_0, 0;
    %pushi/vec4 0, 0, 32;
    %assign/vec4 v0x5b10b3e275c0_0, 0;
    %pushi/vec4 0, 0, 32;
    %assign/vec4 v0x5b10b3e276a0_0, 0;
    %pushi/vec4 0, 0, 32;
    %assign/vec4 v0x5b10b3e27780_0, 0;
    %pushi/vec4 0, 0, 32;
    %assign/vec4 v0x5b10b3e27860_0, 0;
    %pushi/vec4 0, 0, 32;
    %assign/vec4 v0x5b10b3e27940_0, 0;
    %pushi/vec4 0, 0, 32;
    %assign/vec4 v0x5b10b3e27a20_0, 0;
    %pushi/vec4 0, 0, 32;
    %assign/vec4 v0x5b10b3e27b00_0, 0;
    %pushi/vec4 0, 0, 32;
    %assign/vec4 v0x5b10b3e27be0_0, 0;
    %pushi/vec4 0, 0, 32;
    %assign/vec4 v0x5b10b3e27da0_0, 0;
    %pushi/vec4 0, 0, 32;
    %assign/vec4 v0x5b10b3e27e80_0, 0;
    %jmp T_60.1;
T_60.0 ;
    %load/vec4 v0x5b10b3e2a920_0;
    %cmpi/e 1, 0, 5;
    %jmp/0xz  T_60.2, 4;
    %load/vec4 v0x5b10b3e2a9e0_0;
    %assign/vec4 v0x5b10b3e27320_0, 0;
    %jmp T_60.3;
T_60.2 ;
    %load/vec4 v0x5b10b3e2aab0_0;
    %cmpi/e 1, 0, 5;
    %jmp/0xz  T_60.4, 4;
    %load/vec4 v0x5b10b3e2ab80_0;
    %assign/vec4 v0x5b10b3e27320_0, 0;
T_60.4 ;
T_60.3 ;
    %load/vec4 v0x5b10b3e2a920_0;
    %cmpi/e 2, 0, 5;
    %jmp/0xz  T_60.6, 4;
    %load/vec4 v0x5b10b3e2a9e0_0;
    %assign/vec4 v0x5b10b3e27cc0_0, 0;
    %jmp T_60.7;
T_60.6 ;
    %load/vec4 v0x5b10b3e2aab0_0;
    %cmpi/e 2, 0, 5;
    %jmp/0xz  T_60.8, 4;
    %load/vec4 v0x5b10b3e2ab80_0;
    %assign/vec4 v0x5b10b3e27cc0_0, 0;
T_60.8 ;
T_60.7 ;
    %load/vec4 v0x5b10b3e2a920_0;
    %cmpi/e 3, 0, 5;
    %jmp/0xz  T_60.10, 4;
    %load/vec4 v0x5b10b3e2a9e0_0;
    %assign/vec4 v0x5b10b3e27f60_0, 0;
    %jmp T_60.11;
T_60.10 ;
    %load/vec4 v0x5b10b3e2aab0_0;
    %cmpi/e 3, 0, 5;
    %jmp/0xz  T_60.12, 4;
    %load/vec4 v0x5b10b3e2ab80_0;
    %assign/vec4 v0x5b10b3e27f60_0, 0;
T_60.12 ;
T_60.11 ;
    %load/vec4 v0x5b10b3e2a920_0;
    %cmpi/e 4, 0, 5;
    %jmp/0xz  T_60.14, 4;
    %load/vec4 v0x5b10b3e2a9e0_0;
    %assign/vec4 v0x5b10b3e28040_0, 0;
    %jmp T_60.15;
T_60.14 ;
    %load/vec4 v0x5b10b3e2aab0_0;
    %cmpi/e 4, 0, 5;
    %jmp/0xz  T_60.16, 4;
    %load/vec4 v0x5b10b3e2ab80_0;
    %assign/vec4 v0x5b10b3e28040_0, 0;
T_60.16 ;
T_60.15 ;
    %load/vec4 v0x5b10b3e2a920_0;
    %cmpi/e 5, 0, 5;
    %jmp/0xz  T_60.18, 4;
    %load/vec4 v0x5b10b3e2a9e0_0;
    %assign/vec4 v0x5b10b3e28120_0, 0;
    %jmp T_60.19;
T_60.18 ;
    %load/vec4 v0x5b10b3e2aab0_0;
    %cmpi/e 5, 0, 5;
    %jmp/0xz  T_60.20, 4;
    %load/vec4 v0x5b10b3e2ab80_0;
    %assign/vec4 v0x5b10b3e28120_0, 0;
T_60.20 ;
T_60.19 ;
    %load/vec4 v0x5b10b3e2a920_0;
    %cmpi/e 6, 0, 5;
    %jmp/0xz  T_60.22, 4;
    %load/vec4 v0x5b10b3e2a9e0_0;
    %assign/vec4 v0x5b10b3e28200_0, 0;
    %jmp T_60.23;
T_60.22 ;
    %load/vec4 v0x5b10b3e2aab0_0;
    %cmpi/e 6, 0, 5;
    %jmp/0xz  T_60.24, 4;
    %load/vec4 v0x5b10b3e2ab80_0;
    %assign/vec4 v0x5b10b3e28200_0, 0;
T_60.24 ;
T_60.23 ;
    %load/vec4 v0x5b10b3e2a920_0;
    %cmpi/e 7, 0, 5;
    %jmp/0xz  T_60.26, 4;
    %load/vec4 v0x5b10b3e2a9e0_0;
    %assign/vec4 v0x5b10b3e282e0_0, 0;
    %jmp T_60.27;
T_60.26 ;
    %load/vec4 v0x5b10b3e2aab0_0;
    %cmpi/e 7, 0, 5;
    %jmp/0xz  T_60.28, 4;
    %load/vec4 v0x5b10b3e2ab80_0;
    %assign/vec4 v0x5b10b3e282e0_0, 0;
T_60.28 ;
T_60.27 ;
    %load/vec4 v0x5b10b3e2a920_0;
    %cmpi/e 8, 0, 5;
    %jmp/0xz  T_60.30, 4;
    %load/vec4 v0x5b10b3e2a9e0_0;
    %assign/vec4 v0x5b10b3e283c0_0, 0;
    %jmp T_60.31;
T_60.30 ;
    %load/vec4 v0x5b10b3e2aab0_0;
    %cmpi/e 8, 0, 5;
    %jmp/0xz  T_60.32, 4;
    %load/vec4 v0x5b10b3e2ab80_0;
    %assign/vec4 v0x5b10b3e283c0_0, 0;
T_60.32 ;
T_60.31 ;
    %load/vec4 v0x5b10b3e2a920_0;
    %cmpi/e 9, 0, 5;
    %jmp/0xz  T_60.34, 4;
    %load/vec4 v0x5b10b3e2a9e0_0;
    %assign/vec4 v0x5b10b3e284a0_0, 0;
    %jmp T_60.35;
T_60.34 ;
    %load/vec4 v0x5b10b3e2aab0_0;
    %cmpi/e 9, 0, 5;
    %jmp/0xz  T_60.36, 4;
    %load/vec4 v0x5b10b3e2ab80_0;
    %assign/vec4 v0x5b10b3e284a0_0, 0;
T_60.36 ;
T_60.35 ;
    %load/vec4 v0x5b10b3e2a920_0;
    %cmpi/e 10, 0, 5;
    %jmp/0xz  T_60.38, 4;
    %load/vec4 v0x5b10b3e2a9e0_0;
    %assign/vec4 v0x5b10b3e26a10_0, 0;
    %jmp T_60.39;
T_60.38 ;
    %load/vec4 v0x5b10b3e2aab0_0;
    %cmpi/e 10, 0, 5;
    %jmp/0xz  T_60.40, 4;
    %load/vec4 v0x5b10b3e2ab80_0;
    %assign/vec4 v0x5b10b3e26a10_0, 0;
T_60.40 ;
T_60.39 ;
    %load/vec4 v0x5b10b3e2a920_0;
    %cmpi/e 11, 0, 5;
    %jmp/0xz  T_60.42, 4;
    %load/vec4 v0x5b10b3e2a9e0_0;
    %assign/vec4 v0x5b10b3e26b40_0, 0;
    %jmp T_60.43;
T_60.42 ;
    %load/vec4 v0x5b10b3e2aab0_0;
    %cmpi/e 11, 0, 5;
    %jmp/0xz  T_60.44, 4;
    %load/vec4 v0x5b10b3e2ab80_0;
    %assign/vec4 v0x5b10b3e26b40_0, 0;
T_60.44 ;
T_60.43 ;
    %load/vec4 v0x5b10b3e2a920_0;
    %cmpi/e 12, 0, 5;
    %jmp/0xz  T_60.46, 4;
    %load/vec4 v0x5b10b3e2a9e0_0;
    %assign/vec4 v0x5b10b3e26c20_0, 0;
    %jmp T_60.47;
T_60.46 ;
    %load/vec4 v0x5b10b3e2aab0_0;
    %cmpi/e 12, 0, 5;
    %jmp/0xz  T_60.48, 4;
    %load/vec4 v0x5b10b3e2ab80_0;
    %assign/vec4 v0x5b10b3e26c20_0, 0;
T_60.48 ;
T_60.47 ;
    %load/vec4 v0x5b10b3e2a920_0;
    %cmpi/e 13, 0, 5;
    %jmp/0xz  T_60.50, 4;
    %load/vec4 v0x5b10b3e2a9e0_0;
    %assign/vec4 v0x5b10b3e26d00_0, 0;
    %jmp T_60.51;
T_60.50 ;
    %load/vec4 v0x5b10b3e2aab0_0;
    %cmpi/e 13, 0, 5;
    %jmp/0xz  T_60.52, 4;
    %load/vec4 v0x5b10b3e2ab80_0;
    %assign/vec4 v0x5b10b3e26d00_0, 0;
T_60.52 ;
T_60.51 ;
    %load/vec4 v0x5b10b3e2a920_0;
    %cmpi/e 14, 0, 5;
    %jmp/0xz  T_60.54, 4;
    %load/vec4 v0x5b10b3e2a9e0_0;
    %assign/vec4 v0x5b10b3e26de0_0, 0;
    %jmp T_60.55;
T_60.54 ;
    %load/vec4 v0x5b10b3e2aab0_0;
    %cmpi/e 14, 0, 5;
    %jmp/0xz  T_60.56, 4;
    %load/vec4 v0x5b10b3e2ab80_0;
    %assign/vec4 v0x5b10b3e26de0_0, 0;
T_60.56 ;
T_60.55 ;
    %load/vec4 v0x5b10b3e2a920_0;
    %cmpi/e 15, 0, 5;
    %jmp/0xz  T_60.58, 4;
    %load/vec4 v0x5b10b3e2a9e0_0;
    %assign/vec4 v0x5b10b3e26ec0_0, 0;
    %jmp T_60.59;
T_60.58 ;
    %load/vec4 v0x5b10b3e2aab0_0;
    %cmpi/e 15, 0, 5;
    %jmp/0xz  T_60.60, 4;
    %load/vec4 v0x5b10b3e2ab80_0;
    %assign/vec4 v0x5b10b3e26ec0_0, 0;
T_60.60 ;
T_60.59 ;
    %load/vec4 v0x5b10b3e2a920_0;
    %cmpi/e 16, 0, 5;
    %jmp/0xz  T_60.62, 4;
    %load/vec4 v0x5b10b3e2a9e0_0;
    %assign/vec4 v0x5b10b3e26fa0_0, 0;
    %jmp T_60.63;
T_60.62 ;
    %load/vec4 v0x5b10b3e2aab0_0;
    %cmpi/e 16, 0, 5;
    %jmp/0xz  T_60.64, 4;
    %load/vec4 v0x5b10b3e2ab80_0;
    %assign/vec4 v0x5b10b3e26fa0_0, 0;
T_60.64 ;
T_60.63 ;
    %load/vec4 v0x5b10b3e2a920_0;
    %cmpi/e 17, 0, 5;
    %jmp/0xz  T_60.66, 4;
    %load/vec4 v0x5b10b3e2a9e0_0;
    %assign/vec4 v0x5b10b3e27080_0, 0;
    %jmp T_60.67;
T_60.66 ;
    %load/vec4 v0x5b10b3e2aab0_0;
    %cmpi/e 17, 0, 5;
    %jmp/0xz  T_60.68, 4;
    %load/vec4 v0x5b10b3e2ab80_0;
    %assign/vec4 v0x5b10b3e27080_0, 0;
T_60.68 ;
T_60.67 ;
    %load/vec4 v0x5b10b3e2a920_0;
    %cmpi/e 18, 0, 5;
    %jmp/0xz  T_60.70, 4;
    %load/vec4 v0x5b10b3e2a9e0_0;
    %assign/vec4 v0x5b10b3e27160_0, 0;
    %jmp T_60.71;
T_60.70 ;
    %load/vec4 v0x5b10b3e2aab0_0;
    %cmpi/e 18, 0, 5;
    %jmp/0xz  T_60.72, 4;
    %load/vec4 v0x5b10b3e2ab80_0;
    %assign/vec4 v0x5b10b3e27160_0, 0;
T_60.72 ;
T_60.71 ;
    %load/vec4 v0x5b10b3e2a920_0;
    %cmpi/e 19, 0, 5;
    %jmp/0xz  T_60.74, 4;
    %load/vec4 v0x5b10b3e2a9e0_0;
    %assign/vec4 v0x5b10b3e27240_0, 0;
    %jmp T_60.75;
T_60.74 ;
    %load/vec4 v0x5b10b3e2aab0_0;
    %cmpi/e 19, 0, 5;
    %jmp/0xz  T_60.76, 4;
    %load/vec4 v0x5b10b3e2ab80_0;
    %assign/vec4 v0x5b10b3e27240_0, 0;
T_60.76 ;
T_60.75 ;
    %load/vec4 v0x5b10b3e2a920_0;
    %cmpi/e 20, 0, 5;
    %jmp/0xz  T_60.78, 4;
    %load/vec4 v0x5b10b3e2a9e0_0;
    %assign/vec4 v0x5b10b3e27400_0, 0;
    %jmp T_60.79;
T_60.78 ;
    %load/vec4 v0x5b10b3e2aab0_0;
    %cmpi/e 20, 0, 5;
    %jmp/0xz  T_60.80, 4;
    %load/vec4 v0x5b10b3e2ab80_0;
    %assign/vec4 v0x5b10b3e27400_0, 0;
T_60.80 ;
T_60.79 ;
    %load/vec4 v0x5b10b3e2a920_0;
    %cmpi/e 21, 0, 5;
    %jmp/0xz  T_60.82, 4;
    %load/vec4 v0x5b10b3e2a9e0_0;
    %assign/vec4 v0x5b10b3e274e0_0, 0;
    %jmp T_60.83;
T_60.82 ;
    %load/vec4 v0x5b10b3e2aab0_0;
    %cmpi/e 21, 0, 5;
    %jmp/0xz  T_60.84, 4;
    %load/vec4 v0x5b10b3e2ab80_0;
    %assign/vec4 v0x5b10b3e274e0_0, 0;
T_60.84 ;
T_60.83 ;
    %load/vec4 v0x5b10b3e2a920_0;
    %cmpi/e 22, 0, 5;
    %jmp/0xz  T_60.86, 4;
    %load/vec4 v0x5b10b3e2a9e0_0;
    %assign/vec4 v0x5b10b3e275c0_0, 0;
    %jmp T_60.87;
T_60.86 ;
    %load/vec4 v0x5b10b3e2aab0_0;
    %cmpi/e 22, 0, 5;
    %jmp/0xz  T_60.88, 4;
    %load/vec4 v0x5b10b3e2ab80_0;
    %assign/vec4 v0x5b10b3e275c0_0, 0;
T_60.88 ;
T_60.87 ;
    %load/vec4 v0x5b10b3e2a920_0;
    %cmpi/e 23, 0, 5;
    %jmp/0xz  T_60.90, 4;
    %load/vec4 v0x5b10b3e2a9e0_0;
    %assign/vec4 v0x5b10b3e276a0_0, 0;
    %jmp T_60.91;
T_60.90 ;
    %load/vec4 v0x5b10b3e2aab0_0;
    %cmpi/e 23, 0, 5;
    %jmp/0xz  T_60.92, 4;
    %load/vec4 v0x5b10b3e2ab80_0;
    %assign/vec4 v0x5b10b3e276a0_0, 0;
T_60.92 ;
T_60.91 ;
    %load/vec4 v0x5b10b3e2a920_0;
    %cmpi/e 24, 0, 5;
    %jmp/0xz  T_60.94, 4;
    %load/vec4 v0x5b10b3e2a9e0_0;
    %assign/vec4 v0x5b10b3e27780_0, 0;
    %jmp T_60.95;
T_60.94 ;
    %load/vec4 v0x5b10b3e2aab0_0;
    %cmpi/e 24, 0, 5;
    %jmp/0xz  T_60.96, 4;
    %load/vec4 v0x5b10b3e2ab80_0;
    %assign/vec4 v0x5b10b3e27780_0, 0;
T_60.96 ;
T_60.95 ;
    %load/vec4 v0x5b10b3e2a920_0;
    %cmpi/e 25, 0, 5;
    %jmp/0xz  T_60.98, 4;
    %load/vec4 v0x5b10b3e2a9e0_0;
    %assign/vec4 v0x5b10b3e27860_0, 0;
    %jmp T_60.99;
T_60.98 ;
    %load/vec4 v0x5b10b3e2aab0_0;
    %cmpi/e 25, 0, 5;
    %jmp/0xz  T_60.100, 4;
    %load/vec4 v0x5b10b3e2ab80_0;
    %assign/vec4 v0x5b10b3e27860_0, 0;
T_60.100 ;
T_60.99 ;
    %load/vec4 v0x5b10b3e2a920_0;
    %cmpi/e 26, 0, 5;
    %jmp/0xz  T_60.102, 4;
    %load/vec4 v0x5b10b3e2a9e0_0;
    %assign/vec4 v0x5b10b3e27940_0, 0;
    %jmp T_60.103;
T_60.102 ;
    %load/vec4 v0x5b10b3e2aab0_0;
    %cmpi/e 26, 0, 5;
    %jmp/0xz  T_60.104, 4;
    %load/vec4 v0x5b10b3e2ab80_0;
    %assign/vec4 v0x5b10b3e27940_0, 0;
T_60.104 ;
T_60.103 ;
    %load/vec4 v0x5b10b3e2a920_0;
    %cmpi/e 27, 0, 5;
    %jmp/0xz  T_60.106, 4;
    %load/vec4 v0x5b10b3e2a9e0_0;
    %assign/vec4 v0x5b10b3e27a20_0, 0;
    %jmp T_60.107;
T_60.106 ;
    %load/vec4 v0x5b10b3e2aab0_0;
    %cmpi/e 27, 0, 5;
    %jmp/0xz  T_60.108, 4;
    %load/vec4 v0x5b10b3e2ab80_0;
    %assign/vec4 v0x5b10b3e27a20_0, 0;
T_60.108 ;
T_60.107 ;
    %load/vec4 v0x5b10b3e2a920_0;
    %cmpi/e 28, 0, 5;
    %jmp/0xz  T_60.110, 4;
    %load/vec4 v0x5b10b3e2a9e0_0;
    %assign/vec4 v0x5b10b3e27b00_0, 0;
    %jmp T_60.111;
T_60.110 ;
    %load/vec4 v0x5b10b3e2aab0_0;
    %cmpi/e 28, 0, 5;
    %jmp/0xz  T_60.112, 4;
    %load/vec4 v0x5b10b3e2ab80_0;
    %assign/vec4 v0x5b10b3e27b00_0, 0;
T_60.112 ;
T_60.111 ;
    %load/vec4 v0x5b10b3e2a920_0;
    %cmpi/e 29, 0, 5;
    %jmp/0xz  T_60.114, 4;
    %load/vec4 v0x5b10b3e2a9e0_0;
    %assign/vec4 v0x5b10b3e27be0_0, 0;
    %jmp T_60.115;
T_60.114 ;
    %load/vec4 v0x5b10b3e2aab0_0;
    %cmpi/e 29, 0, 5;
    %jmp/0xz  T_60.116, 4;
    %load/vec4 v0x5b10b3e2ab80_0;
    %assign/vec4 v0x5b10b3e27be0_0, 0;
T_60.116 ;
T_60.115 ;
    %load/vec4 v0x5b10b3e2a920_0;
    %cmpi/e 30, 0, 5;
    %jmp/0xz  T_60.118, 4;
    %load/vec4 v0x5b10b3e2a9e0_0;
    %assign/vec4 v0x5b10b3e27da0_0, 0;
    %jmp T_60.119;
T_60.118 ;
    %load/vec4 v0x5b10b3e2aab0_0;
    %cmpi/e 30, 0, 5;
    %jmp/0xz  T_60.120, 4;
    %load/vec4 v0x5b10b3e2ab80_0;
    %assign/vec4 v0x5b10b3e27da0_0, 0;
T_60.120 ;
T_60.119 ;
    %load/vec4 v0x5b10b3e2a920_0;
    %cmpi/e 31, 0, 5;
    %jmp/0xz  T_60.122, 4;
    %load/vec4 v0x5b10b3e2a9e0_0;
    %assign/vec4 v0x5b10b3e27e80_0, 0;
    %jmp T_60.123;
T_60.122 ;
    %load/vec4 v0x5b10b3e2aab0_0;
    %cmpi/e 31, 0, 5;
    %jmp/0xz  T_60.124, 4;
    %load/vec4 v0x5b10b3e2ab80_0;
    %assign/vec4 v0x5b10b3e27e80_0, 0;
T_60.124 ;
T_60.123 ;
T_60.1 ;
    %jmp T_60;
    .thread T_60;
    .scope S_0x5b10b3e261c0;
T_61 ;
    %wait E_0x5b10b3e26510;
    %load/vec4 v0x5b10b3e2a240_0;
    %dup/vec4;
    %pushi/vec4 1, 0, 5;
    %cmp/u;
    %jmp/1 T_61.0, 6;
    %dup/vec4;
    %pushi/vec4 2, 0, 5;
    %cmp/u;
    %jmp/1 T_61.1, 6;
    %dup/vec4;
    %pushi/vec4 3, 0, 5;
    %cmp/u;
    %jmp/1 T_61.2, 6;
    %dup/vec4;
    %pushi/vec4 4, 0, 5;
    %cmp/u;
    %jmp/1 T_61.3, 6;
    %dup/vec4;
    %pushi/vec4 5, 0, 5;
    %cmp/u;
    %jmp/1 T_61.4, 6;
    %dup/vec4;
    %pushi/vec4 6, 0, 5;
    %cmp/u;
    %jmp/1 T_61.5, 6;
    %dup/vec4;
    %pushi/vec4 7, 0, 5;
    %cmp/u;
    %jmp/1 T_61.6, 6;
    %dup/vec4;
    %pushi/vec4 8, 0, 5;
    %cmp/u;
    %jmp/1 T_61.7, 6;
    %dup/vec4;
    %pushi/vec4 9, 0, 5;
    %cmp/u;
    %jmp/1 T_61.8, 6;
    %dup/vec4;
    %pushi/vec4 10, 0, 5;
    %cmp/u;
    %jmp/1 T_61.9, 6;
    %dup/vec4;
    %pushi/vec4 11, 0, 5;
    %cmp/u;
    %jmp/1 T_61.10, 6;
    %dup/vec4;
    %pushi/vec4 12, 0, 5;
    %cmp/u;
    %jmp/1 T_61.11, 6;
    %dup/vec4;
    %pushi/vec4 13, 0, 5;
    %cmp/u;
    %jmp/1 T_61.12, 6;
    %dup/vec4;
    %pushi/vec4 14, 0, 5;
    %cmp/u;
    %jmp/1 T_61.13, 6;
    %dup/vec4;
    %pushi/vec4 15, 0, 5;
    %cmp/u;
    %jmp/1 T_61.14, 6;
    %dup/vec4;
    %pushi/vec4 16, 0, 5;
    %cmp/u;
    %jmp/1 T_61.15, 6;
    %dup/vec4;
    %pushi/vec4 17, 0, 5;
    %cmp/u;
    %jmp/1 T_61.16, 6;
    %dup/vec4;
    %pushi/vec4 18, 0, 5;
    %cmp/u;
    %jmp/1 T_61.17, 6;
    %dup/vec4;
    %pushi/vec4 19, 0, 5;
    %cmp/u;
    %jmp/1 T_61.18, 6;
    %dup/vec4;
    %pushi/vec4 20, 0, 5;
    %cmp/u;
    %jmp/1 T_61.19, 6;
    %dup/vec4;
    %pushi/vec4 21, 0, 5;
    %cmp/u;
    %jmp/1 T_61.20, 6;
    %dup/vec4;
    %pushi/vec4 22, 0, 5;
    %cmp/u;
    %jmp/1 T_61.21, 6;
    %dup/vec4;
    %pushi/vec4 23, 0, 5;
    %cmp/u;
    %jmp/1 T_61.22, 6;
    %dup/vec4;
    %pushi/vec4 24, 0, 5;
    %cmp/u;
    %jmp/1 T_61.23, 6;
    %dup/vec4;
    %pushi/vec4 25, 0, 5;
    %cmp/u;
    %jmp/1 T_61.24, 6;
    %dup/vec4;
    %pushi/vec4 26, 0, 5;
    %cmp/u;
    %jmp/1 T_61.25, 6;
    %dup/vec4;
    %pushi/vec4 27, 0, 5;
    %cmp/u;
    %jmp/1 T_61.26, 6;
    %dup/vec4;
    %pushi/vec4 28, 0, 5;
    %cmp/u;
    %jmp/1 T_61.27, 6;
    %dup/vec4;
    %pushi/vec4 29, 0, 5;
    %cmp/u;
    %jmp/1 T_61.28, 6;
    %dup/vec4;
    %pushi/vec4 30, 0, 5;
    %cmp/u;
    %jmp/1 T_61.29, 6;
    %dup/vec4;
    %pushi/vec4 31, 0, 5;
    %cmp/u;
    %jmp/1 T_61.30, 6;
    %pushi/vec4 0, 0, 32;
    %store/vec4 v0x5b10b3e26660_0, 0, 32;
    %jmp T_61.32;
T_61.0 ;
    %load/vec4 v0x5b10b3e27320_0;
    %store/vec4 v0x5b10b3e26660_0, 0, 32;
    %jmp T_61.32;
T_61.1 ;
    %load/vec4 v0x5b10b3e27cc0_0;
    %store/vec4 v0x5b10b3e26660_0, 0, 32;
    %jmp T_61.32;
T_61.2 ;
    %load/vec4 v0x5b10b3e27f60_0;
    %store/vec4 v0x5b10b3e26660_0, 0, 32;
    %jmp T_61.32;
T_61.3 ;
    %load/vec4 v0x5b10b3e28040_0;
    %store/vec4 v0x5b10b3e26660_0, 0, 32;
    %jmp T_61.32;
T_61.4 ;
    %load/vec4 v0x5b10b3e28120_0;
    %store/vec4 v0x5b10b3e26660_0, 0, 32;
    %jmp T_61.32;
T_61.5 ;
    %load/vec4 v0x5b10b3e28200_0;
    %store/vec4 v0x5b10b3e26660_0, 0, 32;
    %jmp T_61.32;
T_61.6 ;
    %load/vec4 v0x5b10b3e282e0_0;
    %store/vec4 v0x5b10b3e26660_0, 0, 32;
    %jmp T_61.32;
T_61.7 ;
    %load/vec4 v0x5b10b3e283c0_0;
    %store/vec4 v0x5b10b3e26660_0, 0, 32;
    %jmp T_61.32;
T_61.8 ;
    %load/vec4 v0x5b10b3e284a0_0;
    %store/vec4 v0x5b10b3e26660_0, 0, 32;
    %jmp T_61.32;
T_61.9 ;
    %load/vec4 v0x5b10b3e26a10_0;
    %store/vec4 v0x5b10b3e26660_0, 0, 32;
    %jmp T_61.32;
T_61.10 ;
    %load/vec4 v0x5b10b3e26b40_0;
    %store/vec4 v0x5b10b3e26660_0, 0, 32;
    %jmp T_61.32;
T_61.11 ;
    %load/vec4 v0x5b10b3e26c20_0;
    %store/vec4 v0x5b10b3e26660_0, 0, 32;
    %jmp T_61.32;
T_61.12 ;
    %load/vec4 v0x5b10b3e26d00_0;
    %store/vec4 v0x5b10b3e26660_0, 0, 32;
    %jmp T_61.32;
T_61.13 ;
    %load/vec4 v0x5b10b3e26de0_0;
    %store/vec4 v0x5b10b3e26660_0, 0, 32;
    %jmp T_61.32;
T_61.14 ;
    %load/vec4 v0x5b10b3e26ec0_0;
    %store/vec4 v0x5b10b3e26660_0, 0, 32;
    %jmp T_61.32;
T_61.15 ;
    %load/vec4 v0x5b10b3e26fa0_0;
    %store/vec4 v0x5b10b3e26660_0, 0, 32;
    %jmp T_61.32;
T_61.16 ;
    %load/vec4 v0x5b10b3e27080_0;
    %store/vec4 v0x5b10b3e26660_0, 0, 32;
    %jmp T_61.32;
T_61.17 ;
    %load/vec4 v0x5b10b3e27160_0;
    %store/vec4 v0x5b10b3e26660_0, 0, 32;
    %jmp T_61.32;
T_61.18 ;
    %load/vec4 v0x5b10b3e27240_0;
    %store/vec4 v0x5b10b3e26660_0, 0, 32;
    %jmp T_61.32;
T_61.19 ;
    %load/vec4 v0x5b10b3e27400_0;
    %store/vec4 v0x5b10b3e26660_0, 0, 32;
    %jmp T_61.32;
T_61.20 ;
    %load/vec4 v0x5b10b3e274e0_0;
    %store/vec4 v0x5b10b3e26660_0, 0, 32;
    %jmp T_61.32;
T_61.21 ;
    %load/vec4 v0x5b10b3e275c0_0;
    %store/vec4 v0x5b10b3e26660_0, 0, 32;
    %jmp T_61.32;
T_61.22 ;
    %load/vec4 v0x5b10b3e276a0_0;
    %store/vec4 v0x5b10b3e26660_0, 0, 32;
    %jmp T_61.32;
T_61.23 ;
    %load/vec4 v0x5b10b3e27780_0;
    %store/vec4 v0x5b10b3e26660_0, 0, 32;
    %jmp T_61.32;
T_61.24 ;
    %load/vec4 v0x5b10b3e27860_0;
    %store/vec4 v0x5b10b3e26660_0, 0, 32;
    %jmp T_61.32;
T_61.25 ;
    %load/vec4 v0x5b10b3e27940_0;
    %store/vec4 v0x5b10b3e26660_0, 0, 32;
    %jmp T_61.32;
T_61.26 ;
    %load/vec4 v0x5b10b3e27a20_0;
    %store/vec4 v0x5b10b3e26660_0, 0, 32;
    %jmp T_61.32;
T_61.27 ;
    %load/vec4 v0x5b10b3e27b00_0;
    %store/vec4 v0x5b10b3e26660_0, 0, 32;
    %jmp T_61.32;
T_61.28 ;
    %load/vec4 v0x5b10b3e27be0_0;
    %store/vec4 v0x5b10b3e26660_0, 0, 32;
    %jmp T_61.32;
T_61.29 ;
    %load/vec4 v0x5b10b3e27da0_0;
    %store/vec4 v0x5b10b3e26660_0, 0, 32;
    %jmp T_61.32;
T_61.30 ;
    %load/vec4 v0x5b10b3e27e80_0;
    %store/vec4 v0x5b10b3e26660_0, 0, 32;
    %jmp T_61.32;
T_61.32 ;
    %pop/vec4 1;
    %load/vec4 v0x5b10b3e2a5a0_0;
    %dup/vec4;
    %pushi/vec4 1, 0, 5;
    %cmp/u;
    %jmp/1 T_61.33, 6;
    %dup/vec4;
    %pushi/vec4 2, 0, 5;
    %cmp/u;
    %jmp/1 T_61.34, 6;
    %dup/vec4;
    %pushi/vec4 3, 0, 5;
    %cmp/u;
    %jmp/1 T_61.35, 6;
    %dup/vec4;
    %pushi/vec4 4, 0, 5;
    %cmp/u;
    %jmp/1 T_61.36, 6;
    %dup/vec4;
    %pushi/vec4 5, 0, 5;
    %cmp/u;
    %jmp/1 T_61.37, 6;
    %dup/vec4;
    %pushi/vec4 6, 0, 5;
    %cmp/u;
    %jmp/1 T_61.38, 6;
    %dup/vec4;
    %pushi/vec4 7, 0, 5;
    %cmp/u;
    %jmp/1 T_61.39, 6;
    %dup/vec4;
    %pushi/vec4 8, 0, 5;
    %cmp/u;
    %jmp/1 T_61.40, 6;
    %dup/vec4;
    %pushi/vec4 9, 0, 5;
    %cmp/u;
    %jmp/1 T_61.41, 6;
    %dup/vec4;
    %pushi/vec4 10, 0, 5;
    %cmp/u;
    %jmp/1 T_61.42, 6;
    %dup/vec4;
    %pushi/vec4 11, 0, 5;
    %cmp/u;
    %jmp/1 T_61.43, 6;
    %dup/vec4;
    %pushi/vec4 12, 0, 5;
    %cmp/u;
    %jmp/1 T_61.44, 6;
    %dup/vec4;
    %pushi/vec4 13, 0, 5;
    %cmp/u;
    %jmp/1 T_61.45, 6;
    %dup/vec4;
    %pushi/vec4 14, 0, 5;
    %cmp/u;
    %jmp/1 T_61.46, 6;
    %dup/vec4;
    %pushi/vec4 15, 0, 5;
    %cmp/u;
    %jmp/1 T_61.47, 6;
    %dup/vec4;
    %pushi/vec4 16, 0, 5;
    %cmp/u;
    %jmp/1 T_61.48, 6;
    %dup/vec4;
    %pushi/vec4 17, 0, 5;
    %cmp/u;
    %jmp/1 T_61.49, 6;
    %dup/vec4;
    %pushi/vec4 18, 0, 5;
    %cmp/u;
    %jmp/1 T_61.50, 6;
    %dup/vec4;
    %pushi/vec4 19, 0, 5;
    %cmp/u;
    %jmp/1 T_61.51, 6;
    %dup/vec4;
    %pushi/vec4 20, 0, 5;
    %cmp/u;
    %jmp/1 T_61.52, 6;
    %dup/vec4;
    %pushi/vec4 21, 0, 5;
    %cmp/u;
    %jmp/1 T_61.53, 6;
    %dup/vec4;
    %pushi/vec4 22, 0, 5;
    %cmp/u;
    %jmp/1 T_61.54, 6;
    %dup/vec4;
    %pushi/vec4 23, 0, 5;
    %cmp/u;
    %jmp/1 T_61.55, 6;
    %dup/vec4;
    %pushi/vec4 24, 0, 5;
    %cmp/u;
    %jmp/1 T_61.56, 6;
    %dup/vec4;
    %pushi/vec4 25, 0, 5;
    %cmp/u;
    %jmp/1 T_61.57, 6;
    %dup/vec4;
    %pushi/vec4 26, 0, 5;
    %cmp/u;
    %jmp/1 T_61.58, 6;
    %dup/vec4;
    %pushi/vec4 27, 0, 5;
    %cmp/u;
    %jmp/1 T_61.59, 6;
    %dup/vec4;
    %pushi/vec4 28, 0, 5;
    %cmp/u;
    %jmp/1 T_61.60, 6;
    %dup/vec4;
    %pushi/vec4 29, 0, 5;
    %cmp/u;
    %jmp/1 T_61.61, 6;
    %dup/vec4;
    %pushi/vec4 30, 0, 5;
    %cmp/u;
    %jmp/1 T_61.62, 6;
    %dup/vec4;
    %pushi/vec4 31, 0, 5;
    %cmp/u;
    %jmp/1 T_61.63, 6;
    %pushi/vec4 0, 0, 32;
    %store/vec4 v0x5b10b3e26840_0, 0, 32;
    %jmp T_61.65;
T_61.33 ;
    %load/vec4 v0x5b10b3e27320_0;
    %store/vec4 v0x5b10b3e26840_0, 0, 32;
    %jmp T_61.65;
T_61.34 ;
    %load/vec4 v0x5b10b3e27cc0_0;
    %store/vec4 v0x5b10b3e26840_0, 0, 32;
    %jmp T_61.65;
T_61.35 ;
    %load/vec4 v0x5b10b3e27f60_0;
    %store/vec4 v0x5b10b3e26840_0, 0, 32;
    %jmp T_61.65;
T_61.36 ;
    %load/vec4 v0x5b10b3e28040_0;
    %store/vec4 v0x5b10b3e26840_0, 0, 32;
    %jmp T_61.65;
T_61.37 ;
    %load/vec4 v0x5b10b3e28120_0;
    %store/vec4 v0x5b10b3e26840_0, 0, 32;
    %jmp T_61.65;
T_61.38 ;
    %load/vec4 v0x5b10b3e28200_0;
    %store/vec4 v0x5b10b3e26840_0, 0, 32;
    %jmp T_61.65;
T_61.39 ;
    %load/vec4 v0x5b10b3e282e0_0;
    %store/vec4 v0x5b10b3e26840_0, 0, 32;
    %jmp T_61.65;
T_61.40 ;
    %load/vec4 v0x5b10b3e283c0_0;
    %store/vec4 v0x5b10b3e26840_0, 0, 32;
    %jmp T_61.65;
T_61.41 ;
    %load/vec4 v0x5b10b3e284a0_0;
    %store/vec4 v0x5b10b3e26840_0, 0, 32;
    %jmp T_61.65;
T_61.42 ;
    %load/vec4 v0x5b10b3e26a10_0;
    %store/vec4 v0x5b10b3e26840_0, 0, 32;
    %jmp T_61.65;
T_61.43 ;
    %load/vec4 v0x5b10b3e26b40_0;
    %store/vec4 v0x5b10b3e26840_0, 0, 32;
    %jmp T_61.65;
T_61.44 ;
    %load/vec4 v0x5b10b3e26c20_0;
    %store/vec4 v0x5b10b3e26840_0, 0, 32;
    %jmp T_61.65;
T_61.45 ;
    %load/vec4 v0x5b10b3e26d00_0;
    %store/vec4 v0x5b10b3e26840_0, 0, 32;
    %jmp T_61.65;
T_61.46 ;
    %load/vec4 v0x5b10b3e26de0_0;
    %store/vec4 v0x5b10b3e26840_0, 0, 32;
    %jmp T_61.65;
T_61.47 ;
    %load/vec4 v0x5b10b3e26ec0_0;
    %store/vec4 v0x5b10b3e26840_0, 0, 32;
    %jmp T_61.65;
T_61.48 ;
    %load/vec4 v0x5b10b3e26fa0_0;
    %store/vec4 v0x5b10b3e26840_0, 0, 32;
    %jmp T_61.65;
T_61.49 ;
    %load/vec4 v0x5b10b3e27080_0;
    %store/vec4 v0x5b10b3e26840_0, 0, 32;
    %jmp T_61.65;
T_61.50 ;
    %load/vec4 v0x5b10b3e27160_0;
    %store/vec4 v0x5b10b3e26840_0, 0, 32;
    %jmp T_61.65;
T_61.51 ;
    %load/vec4 v0x5b10b3e27240_0;
    %store/vec4 v0x5b10b3e26840_0, 0, 32;
    %jmp T_61.65;
T_61.52 ;
    %load/vec4 v0x5b10b3e27400_0;
    %store/vec4 v0x5b10b3e26840_0, 0, 32;
    %jmp T_61.65;
T_61.53 ;
    %load/vec4 v0x5b10b3e274e0_0;
    %store/vec4 v0x5b10b3e26840_0, 0, 32;
    %jmp T_61.65;
T_61.54 ;
    %load/vec4 v0x5b10b3e275c0_0;
    %store/vec4 v0x5b10b3e26840_0, 0, 32;
    %jmp T_61.65;
T_61.55 ;
    %load/vec4 v0x5b10b3e276a0_0;
    %store/vec4 v0x5b10b3e26840_0, 0, 32;
    %jmp T_61.65;
T_61.56 ;
    %load/vec4 v0x5b10b3e27780_0;
    %store/vec4 v0x5b10b3e26840_0, 0, 32;
    %jmp T_61.65;
T_61.57 ;
    %load/vec4 v0x5b10b3e27860_0;
    %store/vec4 v0x5b10b3e26840_0, 0, 32;
    %jmp T_61.65;
T_61.58 ;
    %load/vec4 v0x5b10b3e27940_0;
    %store/vec4 v0x5b10b3e26840_0, 0, 32;
    %jmp T_61.65;
T_61.59 ;
    %load/vec4 v0x5b10b3e27a20_0;
    %store/vec4 v0x5b10b3e26840_0, 0, 32;
    %jmp T_61.65;
T_61.60 ;
    %load/vec4 v0x5b10b3e27b00_0;
    %store/vec4 v0x5b10b3e26840_0, 0, 32;
    %jmp T_61.65;
T_61.61 ;
    %load/vec4 v0x5b10b3e27be0_0;
    %store/vec4 v0x5b10b3e26840_0, 0, 32;
    %jmp T_61.65;
T_61.62 ;
    %load/vec4 v0x5b10b3e27da0_0;
    %store/vec4 v0x5b10b3e26840_0, 0, 32;
    %jmp T_61.65;
T_61.63 ;
    %load/vec4 v0x5b10b3e27e80_0;
    %store/vec4 v0x5b10b3e26840_0, 0, 32;
    %jmp T_61.65;
T_61.65 ;
    %pop/vec4 1;
    %jmp T_61;
    .thread T_61, $push;
    .scope S_0x5b10b3e261c0;
T_62 ;
    %wait E_0x5b10b3e263a0;
    %load/vec4 v0x5b10b3e2a3e0_0;
    %dup/vec4;
    %pushi/vec4 1, 0, 5;
    %cmp/u;
    %jmp/1 T_62.0, 6;
    %dup/vec4;
    %pushi/vec4 2, 0, 5;
    %cmp/u;
    %jmp/1 T_62.1, 6;
    %dup/vec4;
    %pushi/vec4 3, 0, 5;
    %cmp/u;
    %jmp/1 T_62.2, 6;
    %dup/vec4;
    %pushi/vec4 4, 0, 5;
    %cmp/u;
    %jmp/1 T_62.3, 6;
    %dup/vec4;
    %pushi/vec4 5, 0, 5;
    %cmp/u;
    %jmp/1 T_62.4, 6;
    %dup/vec4;
    %pushi/vec4 6, 0, 5;
    %cmp/u;
    %jmp/1 T_62.5, 6;
    %dup/vec4;
    %pushi/vec4 7, 0, 5;
    %cmp/u;
    %jmp/1 T_62.6, 6;
    %dup/vec4;
    %pushi/vec4 8, 0, 5;
    %cmp/u;
    %jmp/1 T_62.7, 6;
    %dup/vec4;
    %pushi/vec4 9, 0, 5;
    %cmp/u;
    %jmp/1 T_62.8, 6;
    %dup/vec4;
    %pushi/vec4 10, 0, 5;
    %cmp/u;
    %jmp/1 T_62.9, 6;
    %dup/vec4;
    %pushi/vec4 11, 0, 5;
    %cmp/u;
    %jmp/1 T_62.10, 6;
    %dup/vec4;
    %pushi/vec4 12, 0, 5;
    %cmp/u;
    %jmp/1 T_62.11, 6;
    %dup/vec4;
    %pushi/vec4 13, 0, 5;
    %cmp/u;
    %jmp/1 T_62.12, 6;
    %dup/vec4;
    %pushi/vec4 14, 0, 5;
    %cmp/u;
    %jmp/1 T_62.13, 6;
    %dup/vec4;
    %pushi/vec4 15, 0, 5;
    %cmp/u;
    %jmp/1 T_62.14, 6;
    %dup/vec4;
    %pushi/vec4 16, 0, 5;
    %cmp/u;
    %jmp/1 T_62.15, 6;
    %dup/vec4;
    %pushi/vec4 17, 0, 5;
    %cmp/u;
    %jmp/1 T_62.16, 6;
    %dup/vec4;
    %pushi/vec4 18, 0, 5;
    %cmp/u;
    %jmp/1 T_62.17, 6;
    %dup/vec4;
    %pushi/vec4 19, 0, 5;
    %cmp/u;
    %jmp/1 T_62.18, 6;
    %dup/vec4;
    %pushi/vec4 20, 0, 5;
    %cmp/u;
    %jmp/1 T_62.19, 6;
    %dup/vec4;
    %pushi/vec4 21, 0, 5;
    %cmp/u;
    %jmp/1 T_62.20, 6;
    %dup/vec4;
    %pushi/vec4 22, 0, 5;
    %cmp/u;
    %jmp/1 T_62.21, 6;
    %dup/vec4;
    %pushi/vec4 23, 0, 5;
    %cmp/u;
    %jmp/1 T_62.22, 6;
    %dup/vec4;
    %pushi/vec4 24, 0, 5;
    %cmp/u;
    %jmp/1 T_62.23, 6;
    %dup/vec4;
    %pushi/vec4 25, 0, 5;
    %cmp/u;
    %jmp/1 T_62.24, 6;
    %dup/vec4;
    %pushi/vec4 26, 0, 5;
    %cmp/u;
    %jmp/1 T_62.25, 6;
    %dup/vec4;
    %pushi/vec4 27, 0, 5;
    %cmp/u;
    %jmp/1 T_62.26, 6;
    %dup/vec4;
    %pushi/vec4 28, 0, 5;
    %cmp/u;
    %jmp/1 T_62.27, 6;
    %dup/vec4;
    %pushi/vec4 29, 0, 5;
    %cmp/u;
    %jmp/1 T_62.28, 6;
    %dup/vec4;
    %pushi/vec4 30, 0, 5;
    %cmp/u;
    %jmp/1 T_62.29, 6;
    %dup/vec4;
    %pushi/vec4 31, 0, 5;
    %cmp/u;
    %jmp/1 T_62.30, 6;
    %pushi/vec4 0, 0, 32;
    %store/vec4 v0x5b10b3e26760_0, 0, 32;
    %jmp T_62.32;
T_62.0 ;
    %load/vec4 v0x5b10b3e27320_0;
    %store/vec4 v0x5b10b3e26760_0, 0, 32;
    %jmp T_62.32;
T_62.1 ;
    %load/vec4 v0x5b10b3e27cc0_0;
    %store/vec4 v0x5b10b3e26760_0, 0, 32;
    %jmp T_62.32;
T_62.2 ;
    %load/vec4 v0x5b10b3e27f60_0;
    %store/vec4 v0x5b10b3e26760_0, 0, 32;
    %jmp T_62.32;
T_62.3 ;
    %load/vec4 v0x5b10b3e28040_0;
    %store/vec4 v0x5b10b3e26760_0, 0, 32;
    %jmp T_62.32;
T_62.4 ;
    %load/vec4 v0x5b10b3e28120_0;
    %store/vec4 v0x5b10b3e26760_0, 0, 32;
    %jmp T_62.32;
T_62.5 ;
    %load/vec4 v0x5b10b3e28200_0;
    %store/vec4 v0x5b10b3e26760_0, 0, 32;
    %jmp T_62.32;
T_62.6 ;
    %load/vec4 v0x5b10b3e282e0_0;
    %store/vec4 v0x5b10b3e26760_0, 0, 32;
    %jmp T_62.32;
T_62.7 ;
    %load/vec4 v0x5b10b3e283c0_0;
    %store/vec4 v0x5b10b3e26760_0, 0, 32;
    %jmp T_62.32;
T_62.8 ;
    %load/vec4 v0x5b10b3e284a0_0;
    %store/vec4 v0x5b10b3e26760_0, 0, 32;
    %jmp T_62.32;
T_62.9 ;
    %load/vec4 v0x5b10b3e26a10_0;
    %store/vec4 v0x5b10b3e26760_0, 0, 32;
    %jmp T_62.32;
T_62.10 ;
    %load/vec4 v0x5b10b3e26b40_0;
    %store/vec4 v0x5b10b3e26760_0, 0, 32;
    %jmp T_62.32;
T_62.11 ;
    %load/vec4 v0x5b10b3e26c20_0;
    %store/vec4 v0x5b10b3e26760_0, 0, 32;
    %jmp T_62.32;
T_62.12 ;
    %load/vec4 v0x5b10b3e26d00_0;
    %store/vec4 v0x5b10b3e26760_0, 0, 32;
    %jmp T_62.32;
T_62.13 ;
    %load/vec4 v0x5b10b3e26de0_0;
    %store/vec4 v0x5b10b3e26760_0, 0, 32;
    %jmp T_62.32;
T_62.14 ;
    %load/vec4 v0x5b10b3e26ec0_0;
    %store/vec4 v0x5b10b3e26760_0, 0, 32;
    %jmp T_62.32;
T_62.15 ;
    %load/vec4 v0x5b10b3e26fa0_0;
    %store/vec4 v0x5b10b3e26760_0, 0, 32;
    %jmp T_62.32;
T_62.16 ;
    %load/vec4 v0x5b10b3e27080_0;
    %store/vec4 v0x5b10b3e26760_0, 0, 32;
    %jmp T_62.32;
T_62.17 ;
    %load/vec4 v0x5b10b3e27160_0;
    %store/vec4 v0x5b10b3e26760_0, 0, 32;
    %jmp T_62.32;
T_62.18 ;
    %load/vec4 v0x5b10b3e27240_0;
    %store/vec4 v0x5b10b3e26760_0, 0, 32;
    %jmp T_62.32;
T_62.19 ;
    %load/vec4 v0x5b10b3e27400_0;
    %store/vec4 v0x5b10b3e26760_0, 0, 32;
    %jmp T_62.32;
T_62.20 ;
    %load/vec4 v0x5b10b3e274e0_0;
    %store/vec4 v0x5b10b3e26760_0, 0, 32;
    %jmp T_62.32;
T_62.21 ;
    %load/vec4 v0x5b10b3e275c0_0;
    %store/vec4 v0x5b10b3e26760_0, 0, 32;
    %jmp T_62.32;
T_62.22 ;
    %load/vec4 v0x5b10b3e276a0_0;
    %store/vec4 v0x5b10b3e26760_0, 0, 32;
    %jmp T_62.32;
T_62.23 ;
    %load/vec4 v0x5b10b3e27780_0;
    %store/vec4 v0x5b10b3e26760_0, 0, 32;
    %jmp T_62.32;
T_62.24 ;
    %load/vec4 v0x5b10b3e27860_0;
    %store/vec4 v0x5b10b3e26760_0, 0, 32;
    %jmp T_62.32;
T_62.25 ;
    %load/vec4 v0x5b10b3e27940_0;
    %store/vec4 v0x5b10b3e26760_0, 0, 32;
    %jmp T_62.32;
T_62.26 ;
    %load/vec4 v0x5b10b3e27a20_0;
    %store/vec4 v0x5b10b3e26760_0, 0, 32;
    %jmp T_62.32;
T_62.27 ;
    %load/vec4 v0x5b10b3e27b00_0;
    %store/vec4 v0x5b10b3e26760_0, 0, 32;
    %jmp T_62.32;
T_62.28 ;
    %load/vec4 v0x5b10b3e27be0_0;
    %store/vec4 v0x5b10b3e26760_0, 0, 32;
    %jmp T_62.32;
T_62.29 ;
    %load/vec4 v0x5b10b3e27da0_0;
    %store/vec4 v0x5b10b3e26760_0, 0, 32;
    %jmp T_62.32;
T_62.30 ;
    %load/vec4 v0x5b10b3e27e80_0;
    %store/vec4 v0x5b10b3e26760_0, 0, 32;
    %jmp T_62.32;
T_62.32 ;
    %pop/vec4 1;
    %load/vec4 v0x5b10b3e2a760_0;
    %dup/vec4;
    %pushi/vec4 1, 0, 5;
    %cmp/u;
    %jmp/1 T_62.33, 6;
    %dup/vec4;
    %pushi/vec4 2, 0, 5;
    %cmp/u;
    %jmp/1 T_62.34, 6;
    %dup/vec4;
    %pushi/vec4 3, 0, 5;
    %cmp/u;
    %jmp/1 T_62.35, 6;
    %dup/vec4;
    %pushi/vec4 4, 0, 5;
    %cmp/u;
    %jmp/1 T_62.36, 6;
    %dup/vec4;
    %pushi/vec4 5, 0, 5;
    %cmp/u;
    %jmp/1 T_62.37, 6;
    %dup/vec4;
    %pushi/vec4 6, 0, 5;
    %cmp/u;
    %jmp/1 T_62.38, 6;
    %dup/vec4;
    %pushi/vec4 7, 0, 5;
    %cmp/u;
    %jmp/1 T_62.39, 6;
    %dup/vec4;
    %pushi/vec4 8, 0, 5;
    %cmp/u;
    %jmp/1 T_62.40, 6;
    %dup/vec4;
    %pushi/vec4 9, 0, 5;
    %cmp/u;
    %jmp/1 T_62.41, 6;
    %dup/vec4;
    %pushi/vec4 10, 0, 5;
    %cmp/u;
    %jmp/1 T_62.42, 6;
    %dup/vec4;
    %pushi/vec4 11, 0, 5;
    %cmp/u;
    %jmp/1 T_62.43, 6;
    %dup/vec4;
    %pushi/vec4 12, 0, 5;
    %cmp/u;
    %jmp/1 T_62.44, 6;
    %dup/vec4;
    %pushi/vec4 13, 0, 5;
    %cmp/u;
    %jmp/1 T_62.45, 6;
    %dup/vec4;
    %pushi/vec4 14, 0, 5;
    %cmp/u;
    %jmp/1 T_62.46, 6;
    %dup/vec4;
    %pushi/vec4 15, 0, 5;
    %cmp/u;
    %jmp/1 T_62.47, 6;
    %dup/vec4;
    %pushi/vec4 16, 0, 5;
    %cmp/u;
    %jmp/1 T_62.48, 6;
    %dup/vec4;
    %pushi/vec4 17, 0, 5;
    %cmp/u;
    %jmp/1 T_62.49, 6;
    %dup/vec4;
    %pushi/vec4 18, 0, 5;
    %cmp/u;
    %jmp/1 T_62.50, 6;
    %dup/vec4;
    %pushi/vec4 19, 0, 5;
    %cmp/u;
    %jmp/1 T_62.51, 6;
    %dup/vec4;
    %pushi/vec4 20, 0, 5;
    %cmp/u;
    %jmp/1 T_62.52, 6;
    %dup/vec4;
    %pushi/vec4 21, 0, 5;
    %cmp/u;
    %jmp/1 T_62.53, 6;
    %dup/vec4;
    %pushi/vec4 22, 0, 5;
    %cmp/u;
    %jmp/1 T_62.54, 6;
    %dup/vec4;
    %pushi/vec4 23, 0, 5;
    %cmp/u;
    %jmp/1 T_62.55, 6;
    %dup/vec4;
    %pushi/vec4 24, 0, 5;
    %cmp/u;
    %jmp/1 T_62.56, 6;
    %dup/vec4;
    %pushi/vec4 25, 0, 5;
    %cmp/u;
    %jmp/1 T_62.57, 6;
    %dup/vec4;
    %pushi/vec4 26, 0, 5;
    %cmp/u;
    %jmp/1 T_62.58, 6;
    %dup/vec4;
    %pushi/vec4 27, 0, 5;
    %cmp/u;
    %jmp/1 T_62.59, 6;
    %dup/vec4;
    %pushi/vec4 28, 0, 5;
    %cmp/u;
    %jmp/1 T_62.60, 6;
    %dup/vec4;
    %pushi/vec4 29, 0, 5;
    %cmp/u;
    %jmp/1 T_62.61, 6;
    %dup/vec4;
    %pushi/vec4 30, 0, 5;
    %cmp/u;
    %jmp/1 T_62.62, 6;
    %dup/vec4;
    %pushi/vec4 31, 0, 5;
    %cmp/u;
    %jmp/1 T_62.63, 6;
    %pushi/vec4 0, 0, 32;
    %store/vec4 v0x5b10b3e26930_0, 0, 32;
    %jmp T_62.65;
T_62.33 ;
    %load/vec4 v0x5b10b3e27320_0;
    %store/vec4 v0x5b10b3e26930_0, 0, 32;
    %jmp T_62.65;
T_62.34 ;
    %load/vec4 v0x5b10b3e27cc0_0;
    %store/vec4 v0x5b10b3e26930_0, 0, 32;
    %jmp T_62.65;
T_62.35 ;
    %load/vec4 v0x5b10b3e27f60_0;
    %store/vec4 v0x5b10b3e26930_0, 0, 32;
    %jmp T_62.65;
T_62.36 ;
    %load/vec4 v0x5b10b3e28040_0;
    %store/vec4 v0x5b10b3e26930_0, 0, 32;
    %jmp T_62.65;
T_62.37 ;
    %load/vec4 v0x5b10b3e28120_0;
    %store/vec4 v0x5b10b3e26930_0, 0, 32;
    %jmp T_62.65;
T_62.38 ;
    %load/vec4 v0x5b10b3e28200_0;
    %store/vec4 v0x5b10b3e26930_0, 0, 32;
    %jmp T_62.65;
T_62.39 ;
    %load/vec4 v0x5b10b3e282e0_0;
    %store/vec4 v0x5b10b3e26930_0, 0, 32;
    %jmp T_62.65;
T_62.40 ;
    %load/vec4 v0x5b10b3e283c0_0;
    %store/vec4 v0x5b10b3e26930_0, 0, 32;
    %jmp T_62.65;
T_62.41 ;
    %load/vec4 v0x5b10b3e284a0_0;
    %store/vec4 v0x5b10b3e26930_0, 0, 32;
    %jmp T_62.65;
T_62.42 ;
    %load/vec4 v0x5b10b3e26a10_0;
    %store/vec4 v0x5b10b3e26930_0, 0, 32;
    %jmp T_62.65;
T_62.43 ;
    %load/vec4 v0x5b10b3e26b40_0;
    %store/vec4 v0x5b10b3e26930_0, 0, 32;
    %jmp T_62.65;
T_62.44 ;
    %load/vec4 v0x5b10b3e26c20_0;
    %store/vec4 v0x5b10b3e26930_0, 0, 32;
    %jmp T_62.65;
T_62.45 ;
    %load/vec4 v0x5b10b3e26d00_0;
    %store/vec4 v0x5b10b3e26930_0, 0, 32;
    %jmp T_62.65;
T_62.46 ;
    %load/vec4 v0x5b10b3e26de0_0;
    %store/vec4 v0x5b10b3e26930_0, 0, 32;
    %jmp T_62.65;
T_62.47 ;
    %load/vec4 v0x5b10b3e26ec0_0;
    %store/vec4 v0x5b10b3e26930_0, 0, 32;
    %jmp T_62.65;
T_62.48 ;
    %load/vec4 v0x5b10b3e26fa0_0;
    %store/vec4 v0x5b10b3e26930_0, 0, 32;
    %jmp T_62.65;
T_62.49 ;
    %load/vec4 v0x5b10b3e27080_0;
    %store/vec4 v0x5b10b3e26930_0, 0, 32;
    %jmp T_62.65;
T_62.50 ;
    %load/vec4 v0x5b10b3e27160_0;
    %store/vec4 v0x5b10b3e26930_0, 0, 32;
    %jmp T_62.65;
T_62.51 ;
    %load/vec4 v0x5b10b3e27240_0;
    %store/vec4 v0x5b10b3e26930_0, 0, 32;
    %jmp T_62.65;
T_62.52 ;
    %load/vec4 v0x5b10b3e27400_0;
    %store/vec4 v0x5b10b3e26930_0, 0, 32;
    %jmp T_62.65;
T_62.53 ;
    %load/vec4 v0x5b10b3e274e0_0;
    %store/vec4 v0x5b10b3e26930_0, 0, 32;
    %jmp T_62.65;
T_62.54 ;
    %load/vec4 v0x5b10b3e275c0_0;
    %store/vec4 v0x5b10b3e26930_0, 0, 32;
    %jmp T_62.65;
T_62.55 ;
    %load/vec4 v0x5b10b3e276a0_0;
    %store/vec4 v0x5b10b3e26930_0, 0, 32;
    %jmp T_62.65;
T_62.56 ;
    %load/vec4 v0x5b10b3e27780_0;
    %store/vec4 v0x5b10b3e26930_0, 0, 32;
    %jmp T_62.65;
T_62.57 ;
    %load/vec4 v0x5b10b3e27860_0;
    %store/vec4 v0x5b10b3e26930_0, 0, 32;
    %jmp T_62.65;
T_62.58 ;
    %load/vec4 v0x5b10b3e27940_0;
    %store/vec4 v0x5b10b3e26930_0, 0, 32;
    %jmp T_62.65;
T_62.59 ;
    %load/vec4 v0x5b10b3e27a20_0;
    %store/vec4 v0x5b10b3e26930_0, 0, 32;
    %jmp T_62.65;
T_62.60 ;
    %load/vec4 v0x5b10b3e27b00_0;
    %store/vec4 v0x5b10b3e26930_0, 0, 32;
    %jmp T_62.65;
T_62.61 ;
    %load/vec4 v0x5b10b3e27be0_0;
    %store/vec4 v0x5b10b3e26930_0, 0, 32;
    %jmp T_62.65;
T_62.62 ;
    %load/vec4 v0x5b10b3e27da0_0;
    %store/vec4 v0x5b10b3e26930_0, 0, 32;
    %jmp T_62.65;
T_62.63 ;
    %load/vec4 v0x5b10b3e27e80_0;
    %store/vec4 v0x5b10b3e26930_0, 0, 32;
    %jmp T_62.65;
T_62.65 ;
    %pop/vec4 1;
    %jmp T_62;
    .thread T_62, $push;
    .scope S_0x5b10b3e14850;
T_63 ;
    %wait E_0x5b10b35fb970;
    %load/vec4 v0x5b10b3e3ac00_0;
    %flag_set/vec4 8;
    %jmp/0xz  T_63.0, 8;
    %pushi/vec4 0, 0, 32;
    %assign/vec4 v0x5b10b3e37b60_0, 0;
    %jmp T_63.1;
T_63.0 ;
    %load/vec4 v0x5b10b3e2ecc0_0;
    %flag_set/vec4 8;
    %jmp/0xz  T_63.2, 8;
    %load/vec4 v0x5b10b3e2eb30_0;
    %assign/vec4 v0x5b10b3e37b60_0, 0;
    %jmp T_63.3;
T_63.2 ;
    %load/vec4 v0x5b10b3e2f170_0;
    %flag_set/vec4 8;
    %jmp/0xz  T_63.4, 8;
    %load/vec4 v0x5b10b3e2efd0_0;
    %assign/vec4 v0x5b10b3e37b60_0, 0;
    %jmp T_63.5;
T_63.4 ;
    %load/vec4 v0x5b10b3e2ef00_0;
    %flag_set/vec4 8;
    %jmp/0xz  T_63.6, 8;
    %load/vec4 v0x5b10b3e2ed90_0;
    %assign/vec4 v0x5b10b3e37b60_0, 0;
    %jmp T_63.7;
T_63.6 ;
    %load/vec4 v0x5b10b3e31850_0;
    %flag_set/vec4 8;
    %jmp/0xz  T_63.8, 8;
    %load/vec4 v0x5b10b3e37b60_0;
    %addi 8, 0, 32;
    %assign/vec4 v0x5b10b3e37b60_0, 0;
    %jmp T_63.9;
T_63.8 ;
    %load/vec4 v0x5b10b3e3ad40_0;
    %flag_set/vec4 8;
    %jmp/0xz  T_63.10, 8;
    %load/vec4 v0x5b10b3e37b60_0;
    %addi 4, 0, 32;
    %assign/vec4 v0x5b10b3e37b60_0, 0;
T_63.10 ;
T_63.9 ;
T_63.7 ;
T_63.5 ;
T_63.3 ;
T_63.1 ;
    %jmp T_63;
    .thread T_63;
    .scope S_0x5b10b3e14850;
T_64 ;
    %wait E_0x5b10b35fb970;
    %load/vec4 v0x5b10b3e3ac00_0;
    %flag_set/vec4 8;
    %jmp/0xz  T_64.0, 8;
    %pushi/vec4 3, 0, 2;
    %assign/vec4 v0x5b10b3e3ab60_0, 0;
    %jmp T_64.1;
T_64.0 ;
    %load/vec4 v0x5b10b3e2ecc0_0;
    %flag_set/vec4 8;
    %jmp/0xz  T_64.2, 8;
    %load/vec4 v0x5b10b3e2ebf0_0;
    %assign/vec4 v0x5b10b3e3ab60_0, 0;
T_64.2 ;
T_64.1 ;
    %jmp T_64;
    .thread T_64;
    .scope S_0x5b10b3e14850;
T_65 ;
    %wait E_0x5b10b3d2bb40;
    %pushi/vec4 0, 0, 1;
    %store/vec4 v0x5b10b3e35b80_0, 0, 1;
    %pushi/vec4 0, 0, 1;
    %store/vec4 v0x5b10b3e3ade0_0, 0, 1;
    %pushi/vec4 0, 0, 1;
    %store/vec4 v0x5b10b3e3ae80_0, 0, 1;
    %load/vec4 v0x5b10b3e2ecc0_0;
    %flag_set/vec4 8;
    %load/vec4 v0x5b10b3e3af20_0;
    %flag_set/vec4 9;
    %flag_or 9, 8;
    %jmp/0xz  T_65.0, 9;
    %pushi/vec4 0, 0, 1;
    %store/vec4 v0x5b10b3e3ade0_0, 0, 1;
    %pushi/vec4 0, 0, 1;
    %store/vec4 v0x5b10b3e3ae80_0, 0, 1;
    %jmp T_65.1;
T_65.0 ;
    %load/vec4 v0x5b10b3e32f90_0;
    %load/vec4 v0x5b10b3e32ef0_0;
    %parti/s 30, 2, 3;
    %concati/vec4 0, 0, 2;
    %load/vec4 v0x5b10b3e37b60_0;
    %parti/s 30, 2, 3;
    %concati/vec4 0, 0, 2;
    %cmp/e;
    %flag_get/vec4 4;
    %and;
    %flag_set/vec4 8;
    %jmp/0xz  T_65.2, 8;
    %pushi/vec4 1, 0, 1;
    %store/vec4 v0x5b10b3e3ade0_0, 0, 1;
    %jmp T_65.3;
T_65.2 ;
    %load/vec4 v0x5b10b3e338e0_0;
    %load/vec4 v0x5b10b3e33840_0;
    %parti/s 30, 2, 3;
    %concati/vec4 0, 0, 2;
    %load/vec4 v0x5b10b3e37b60_0;
    %parti/s 30, 2, 3;
    %concati/vec4 0, 0, 2;
    %cmp/e;
    %flag_get/vec4 4;
    %and;
    %flag_set/vec4 8;
    %jmp/0xz  T_65.4, 8;
    %pushi/vec4 1, 0, 1;
    %store/vec4 v0x5b10b3e3ae80_0, 0, 1;
    %jmp T_65.5;
T_65.4 ;
    %load/vec4 v0x5b10b3e32f90_0;
    %flag_set/vec4 8;
    %load/vec4 v0x5b10b3e338e0_0;
    %flag_set/vec4 9;
    %flag_or 9, 8;
    %jmp/0xz  T_65.6, 9;
    %pushi/vec4 1, 0, 1;
    %store/vec4 v0x5b10b3e35b80_0, 0, 1;
T_65.6 ;
T_65.5 ;
T_65.3 ;
T_65.1 ;
    %jmp T_65;
    .thread T_65, $push;
    .scope S_0x5b10b3e14850;
T_66 ;
    %wait E_0x5b10b36244d0;
    %pushi/vec4 0, 0, 32;
    %store/vec4 v0x5b10b3e374e0_0, 0, 32;
    %pushi/vec4 0, 0, 32;
    %store/vec4 v0x5b10b3e379c0_0, 0, 32;
    %pushi/vec4 0, 0, 1;
    %store/vec4 v0x5b10b3e375c0_0, 0, 1;
    %pushi/vec4 0, 0, 1;
    %store/vec4 v0x5b10b3e37aa0_0, 0, 1;
    %pushi/vec4 0, 0, 2;
    %store/vec4 v0x5b10b3e37260_0, 0, 2;
    %pushi/vec4 0, 0, 2;
    %store/vec4 v0x5b10b3e37740_0, 0, 2;
    %pushi/vec4 0, 0, 32;
    %store/vec4 v0x5b10b3e37400_0, 0, 32;
    %pushi/vec4 0, 0, 32;
    %store/vec4 v0x5b10b3e378e0_0, 0, 32;
    %load/vec4 v0x5b10b3e3ade0_0;
    %flag_set/vec4 8;
    %jmp/0xz  T_66.0, 8;
    %pushi/vec4 1, 0, 1;
    %store/vec4 v0x5b10b3e375c0_0, 0, 1;
    %load/vec4 v0x5b10b3e338e0_0;
    %store/vec4 v0x5b10b3e37aa0_0, 0, 1;
    %load/vec4 v0x5b10b3e32bd0_0;
    %store/vec4 v0x5b10b3e374e0_0, 0, 32;
    %load/vec4 v0x5b10b3e32ef0_0;
    %store/vec4 v0x5b10b3e37400_0, 0, 32;
    %load/vec4 v0x5b10b3e32860_0;
    %load/vec4 v0x5b10b3e32770_0;
    %concat/vec4; draw_concat_vec4
    %store/vec4 v0x5b10b3e37260_0, 0, 2;
    %load/vec4 v0x5b10b3e33490_0;
    %store/vec4 v0x5b10b3e379c0_0, 0, 32;
    %load/vec4 v0x5b10b3e33840_0;
    %store/vec4 v0x5b10b3e378e0_0, 0, 32;
    %load/vec4 v0x5b10b3e33170_0;
    %load/vec4 v0x5b10b3e330d0_0;
    %concat/vec4; draw_concat_vec4
    %store/vec4 v0x5b10b3e37740_0, 0, 2;
    %jmp T_66.1;
T_66.0 ;
    %load/vec4 v0x5b10b3e3ae80_0;
    %flag_set/vec4 8;
    %jmp/0xz  T_66.2, 8;
    %pushi/vec4 1, 0, 1;
    %store/vec4 v0x5b10b3e375c0_0, 0, 1;
    %pushi/vec4 0, 0, 1;
    %store/vec4 v0x5b10b3e37aa0_0, 0, 1;
    %load/vec4 v0x5b10b3e33490_0;
    %store/vec4 v0x5b10b3e374e0_0, 0, 32;
    %load/vec4 v0x5b10b3e33840_0;
    %store/vec4 v0x5b10b3e37400_0, 0, 32;
    %load/vec4 v0x5b10b3e33170_0;
    %load/vec4 v0x5b10b3e330d0_0;
    %concat/vec4; draw_concat_vec4
    %store/vec4 v0x5b10b3e37260_0, 0, 2;
    %pushi/vec4 0, 0, 32;
    %store/vec4 v0x5b10b3e379c0_0, 0, 32;
    %pushi/vec4 0, 0, 32;
    %store/vec4 v0x5b10b3e378e0_0, 0, 32;
    %pushi/vec4 0, 0, 2;
    %store/vec4 v0x5b10b3e37740_0, 0, 2;
T_66.2 ;
T_66.1 ;
    %jmp T_66;
    .thread T_66, $push;
    .scope S_0x5b10b3e14850;
T_67 ;
    %wait E_0x5b10b35fb970;
    %load/vec4 v0x5b10b3e3ac00_0;
    %flag_set/vec4 8;
    %jmp/0xz  T_67.0, 8;
    %pushi/vec4 0, 0, 1;
    %assign/vec4 v0x5b10b3e3bfd0_0, 0;
    %pushi/vec4 0, 0, 10;
    %assign/vec4 v0x5b10b3e3b8f0_0, 0;
    %pushi/vec4 0, 0, 32;
    %assign/vec4 v0x5b10b3e3bb10_0, 0;
    %pushi/vec4 0, 0, 32;
    %assign/vec4 v0x5b10b3e3ba70_0, 0;
    %pushi/vec4 0, 0, 5;
    %assign/vec4 v0x5b10b3e3bf10_0, 0;
    %pushi/vec4 0, 0, 5;
    %assign/vec4 v0x5b10b3e3bbb0_0, 0;
    %pushi/vec4 0, 0, 5;
    %assign/vec4 v0x5b10b3e3bd50_0, 0;
    %pushi/vec4 0, 0, 32;
    %assign/vec4 v0x5b10b3e3bc70_0, 0;
    %pushi/vec4 0, 0, 32;
    %assign/vec4 v0x5b10b3e3be30_0, 0;
    %pushi/vec4 0, 0, 32;
    %assign/vec4 v0x5b10b3e3b850_0, 0;
    %pushi/vec4 0, 0, 1;
    %assign/vec4 v0x5b10b3e3b7b0_0, 0;
    %pushi/vec4 0, 0, 6;
    %assign/vec4 v0x5b10b3e3b9b0_0, 0;
    %jmp T_67.1;
T_67.0 ;
    %load/vec4 v0x5b10b3e31910_0;
    %flag_set/vec4 8;
    %jmp/0xz  T_67.2, 8;
    %jmp T_67.3;
T_67.2 ;
    %load/vec4 v0x5b10b3e37340_0;
    %load/vec4 v0x5b10b3e371c0_0;
    %and;
    %flag_set/vec4 8;
    %jmp/0xz  T_67.4, 8;
    %pushi/vec4 1, 0, 1;
    %assign/vec4 v0x5b10b3e3bfd0_0, 0;
    %load/vec4 v0x5b10b3e33f30_0;
    %load/vec4 v0x5b10b3e33b50_0;
    %or;
    %load/vec4 v0x5b10b3e33c10_0;
    %or;
    %load/vec4 v0x5b10b3e33ff0_0;
    %or;
    %inv;
    %ix/load 4, 0, 0;
    %ix/load 5, 0, 0;
    %flag_set/imm 4, 0;
    %assign/vec4/off/d v0x5b10b3e3b8f0_0, 4, 5;
    %load/vec4 v0x5b10b3e33f30_0;
    %load/vec4 v0x5b10b3e345d0_0;
    %and;
    %load/vec4 v0x5b10b3e3afc0_0;
    %inv;
    %and;
    %ix/load 4, 1, 0;
    %ix/load 5, 0, 0;
    %flag_set/imm 4, 0;
    %assign/vec4/off/d v0x5b10b3e3b8f0_0, 4, 5;
    %load/vec4 v0x5b10b3e33f30_0;
    %load/vec4 v0x5b10b3e345d0_0;
    %inv;
    %and;
    %load/vec4 v0x5b10b3e3afc0_0;
    %inv;
    %and;
    %ix/load 4, 2, 0;
    %ix/load 5, 0, 0;
    %flag_set/imm 4, 0;
    %assign/vec4/off/d v0x5b10b3e3b8f0_0, 4, 5;
    %load/vec4 v0x5b10b3e33b50_0;
    %load/vec4 v0x5b10b3e3afc0_0;
    %inv;
    %and;
    %ix/load 4, 3, 0;
    %ix/load 5, 0, 0;
    %flag_set/imm 4, 0;
    %assign/vec4/off/d v0x5b10b3e3b8f0_0, 4, 5;
    %load/vec4 v0x5b10b3e33c10_0;
    %load/vec4 v0x5b10b3e3afc0_0;
    %inv;
    %and;
    %ix/load 4, 4, 0;
    %ix/load 5, 0, 0;
    %flag_set/imm 4, 0;
    %assign/vec4/off/d v0x5b10b3e3b8f0_0, 4, 5;
    %load/vec4 v0x5b10b3e33ff0_0;
    %load/vec4 v0x5b10b3e3afc0_0;
    %inv;
    %and;
    %ix/load 4, 5, 0;
    %ix/load 5, 0, 0;
    %flag_set/imm 4, 0;
    %assign/vec4/off/d v0x5b10b3e3b8f0_0, 4, 5;
    %load/vec4 v0x5b10b3e33ab0_0;
    %load/vec4 v0x5b10b3e3afc0_0;
    %inv;
    %and;
    %ix/load 4, 6, 0;
    %ix/load 5, 0, 0;
    %flag_set/imm 4, 0;
    %assign/vec4/off/d v0x5b10b3e3b8f0_0, 4, 5;
    %load/vec4 v0x5b10b3e345d0_0;
    %load/vec4 v0x5b10b3e3afc0_0;
    %inv;
    %and;
    %ix/load 4, 7, 0;
    %ix/load 5, 0, 0;
    %flag_set/imm 4, 0;
    %assign/vec4/off/d v0x5b10b3e3b8f0_0, 4, 5;
    %load/vec4 v0x5b10b3e3afc0_0;
    %ix/load 4, 8, 0;
    %ix/load 5, 0, 0;
    %flag_set/imm 4, 0;
    %assign/vec4/off/d v0x5b10b3e3b8f0_0, 4, 5;
    %pushi/vec4 1, 0, 1;
    %ix/load 4, 9, 0;
    %ix/load 5, 0, 0;
    %flag_set/imm 4, 0;
    %assign/vec4/off/d v0x5b10b3e3b8f0_0, 4, 5;
    %load/vec4 v0x5b10b3e37400_0;
    %assign/vec4 v0x5b10b3e3bb10_0, 0;
    %load/vec4 v0x5b10b3e374e0_0;
    %assign/vec4 v0x5b10b3e3ba70_0, 0;
    %load/vec4 v0x5b10b3e34510_0;
    %assign/vec4 v0x5b10b3e3bf10_0, 0;
    %load/vec4 v0x5b10b3e340b0_0;
    %assign/vec4 v0x5b10b3e3bbb0_0, 0;
    %load/vec4 v0x5b10b3e342f0_0;
    %assign/vec4 v0x5b10b3e3bd50_0, 0;
    %load/vec4 v0x5b10b3e34230_0;
    %assign/vec4 v0x5b10b3e3bc70_0, 0;
    %load/vec4 v0x5b10b3e34450_0;
    %assign/vec4 v0x5b10b3e3be30_0, 0;
    %load/vec4 v0x5b10b3e2ef00_0;
    %assign/vec4 v0x5b10b3e3b7b0_0, 0;
    %load/vec4 v0x5b10b3e2ed90_0;
    %assign/vec4 v0x5b10b3e3b850_0, 0;
    %load/vec4 v0x5b10b3e33d90_0;
    %or/r;
    %flag_set/vec4 8;
    %jmp/0 T_67.6, 8;
    %load/vec4 v0x5b10b3e33d90_0;
    %jmp/1 T_67.7, 8;
T_67.6 ; End of true expr.
    %load/vec4 v0x5b10b3e2ef00_0;
    %load/vec4 v0x5b10b3e2ed90_0;
    %parti/s 2, 0, 2;
    %pushi/vec4 0, 0, 2;
    %cmp/ne;
    %flag_get/vec4 4;
    %and;
    %flag_set/vec4 9;
    %jmp/0 T_67.8, 9;
    %pushi/vec4 16, 0, 6;
    %jmp/1 T_67.9, 9;
T_67.8 ; End of true expr.
    %pushi/vec4 0, 0, 6;
    %jmp/0 T_67.9, 9;
 ; End of false expr.
    %blend;
T_67.9;
    %jmp/0 T_67.7, 8;
 ; End of false expr.
    %blend;
T_67.7;
    %assign/vec4 v0x5b10b3e3b9b0_0, 0;
    %jmp T_67.5;
T_67.4 ;
    %pushi/vec4 0, 0, 1;
    %assign/vec4 v0x5b10b3e3bfd0_0, 0;
    %pushi/vec4 0, 0, 10;
    %assign/vec4 v0x5b10b3e3b8f0_0, 0;
    %pushi/vec4 0, 0, 6;
    %assign/vec4 v0x5b10b3e3b9b0_0, 0;
T_67.5 ;
T_67.3 ;
T_67.1 ;
    %jmp T_67;
    .thread T_67;
    .scope S_0x5b10b3e14850;
T_68 ;
    %wait E_0x5b10b35fb970;
    %load/vec4 v0x5b10b3e3ac00_0;
    %flag_set/vec4 8;
    %jmp/0xz  T_68.0, 8;
    %pushi/vec4 0, 0, 1;
    %assign/vec4 v0x5b10b3e3c9a0_0, 0;
    %pushi/vec4 0, 0, 10;
    %assign/vec4 v0x5b10b3e3c240_0, 0;
    %pushi/vec4 0, 0, 32;
    %assign/vec4 v0x5b10b3e3c480_0, 0;
    %pushi/vec4 0, 0, 32;
    %assign/vec4 v0x5b10b3e3c3b0_0, 0;
    %pushi/vec4 0, 0, 5;
    %assign/vec4 v0x5b10b3e3c8b0_0, 0;
    %pushi/vec4 0, 0, 5;
    %assign/vec4 v0x5b10b3e3c550_0, 0;
    %pushi/vec4 0, 0, 5;
    %assign/vec4 v0x5b10b3e3c6f0_0, 0;
    %pushi/vec4 0, 0, 32;
    %assign/vec4 v0x5b10b3e3c610_0, 0;
    %pushi/vec4 0, 0, 32;
    %assign/vec4 v0x5b10b3e3c7d0_0, 0;
    %pushi/vec4 0, 0, 32;
    %assign/vec4 v0x5b10b3e3c170_0, 0;
    %pushi/vec4 0, 0, 1;
    %assign/vec4 v0x5b10b3e3c0a0_0, 0;
    %pushi/vec4 0, 0, 6;
    %assign/vec4 v0x5b10b3e3c2e0_0, 0;
    %jmp T_68.1;
T_68.0 ;
    %load/vec4 v0x5b10b3e31910_0;
    %flag_set/vec4 8;
    %jmp/0xz  T_68.2, 8;
    %jmp T_68.3;
T_68.2 ;
    %load/vec4 v0x5b10b3e37820_0;
    %load/vec4 v0x5b10b3e37680_0;
    %and;
    %flag_set/vec4 8;
    %jmp/0xz  T_68.4, 8;
    %pushi/vec4 1, 0, 1;
    %assign/vec4 v0x5b10b3e3c9a0_0, 0;
    %load/vec4 v0x5b10b3e34b30_0;
    %load/vec4 v0x5b10b3e34bf0_0;
    %or;
    %inv;
    %ix/load 4, 0, 0;
    %ix/load 5, 0, 0;
    %flag_set/imm 4, 0;
    %assign/vec4/off/d v0x5b10b3e3c240_0, 4, 5;
    %load/vec4 v0x5b10b3e34b30_0;
    %load/vec4 v0x5b10b3e35260_0;
    %and;
    %load/vec4 v0x5b10b3e3afc0_0;
    %inv;
    %and;
    %ix/load 4, 1, 0;
    %ix/load 5, 0, 0;
    %flag_set/imm 4, 0;
    %assign/vec4/off/d v0x5b10b3e3c240_0, 4, 5;
    %load/vec4 v0x5b10b3e34b30_0;
    %load/vec4 v0x5b10b3e35260_0;
    %inv;
    %and;
    %load/vec4 v0x5b10b3e3afc0_0;
    %inv;
    %and;
    %ix/load 4, 2, 0;
    %ix/load 5, 0, 0;
    %flag_set/imm 4, 0;
    %assign/vec4/off/d v0x5b10b3e3c240_0, 4, 5;
    %pushi/vec4 0, 0, 1;
    %ix/load 4, 3, 0;
    %ix/load 5, 0, 0;
    %flag_set/imm 4, 0;
    %assign/vec4/off/d v0x5b10b3e3c240_0, 4, 5;
    %pushi/vec4 0, 0, 1;
    %ix/load 4, 4, 0;
    %ix/load 5, 0, 0;
    %flag_set/imm 4, 0;
    %assign/vec4/off/d v0x5b10b3e3c240_0, 4, 5;
    %load/vec4 v0x5b10b3e34bf0_0;
    %load/vec4 v0x5b10b3e3afc0_0;
    %inv;
    %and;
    %ix/load 4, 5, 0;
    %ix/load 5, 0, 0;
    %flag_set/imm 4, 0;
    %assign/vec4/off/d v0x5b10b3e3c240_0, 4, 5;
    %load/vec4 v0x5b10b3e34690_0;
    %load/vec4 v0x5b10b3e3afc0_0;
    %inv;
    %and;
    %ix/load 4, 6, 0;
    %ix/load 5, 0, 0;
    %flag_set/imm 4, 0;
    %assign/vec4/off/d v0x5b10b3e3c240_0, 4, 5;
    %load/vec4 v0x5b10b3e35260_0;
    %load/vec4 v0x5b10b3e3afc0_0;
    %inv;
    %and;
    %ix/load 4, 7, 0;
    %ix/load 5, 0, 0;
    %flag_set/imm 4, 0;
    %assign/vec4/off/d v0x5b10b3e3c240_0, 4, 5;
    %load/vec4 v0x5b10b3e3afc0_0;
    %ix/load 4, 8, 0;
    %ix/load 5, 0, 0;
    %flag_set/imm 4, 0;
    %assign/vec4/off/d v0x5b10b3e3c240_0, 4, 5;
    %pushi/vec4 1, 0, 1;
    %ix/load 4, 9, 0;
    %ix/load 5, 0, 0;
    %flag_set/imm 4, 0;
    %assign/vec4/off/d v0x5b10b3e3c240_0, 4, 5;
    %load/vec4 v0x5b10b3e378e0_0;
    %assign/vec4 v0x5b10b3e3c480_0, 0;
    %load/vec4 v0x5b10b3e379c0_0;
    %assign/vec4 v0x5b10b3e3c3b0_0, 0;
    %load/vec4 v0x5b10b3e351a0_0;
    %assign/vec4 v0x5b10b3e3c8b0_0, 0;
    %load/vec4 v0x5b10b3e34cb0_0;
    %assign/vec4 v0x5b10b3e3c550_0, 0;
    %load/vec4 v0x5b10b3e34f20_0;
    %assign/vec4 v0x5b10b3e3c6f0_0, 0;
    %load/vec4 v0x5b10b3e34e30_0;
    %assign/vec4 v0x5b10b3e3c610_0, 0;
    %load/vec4 v0x5b10b3e350b0_0;
    %assign/vec4 v0x5b10b3e3c7d0_0, 0;
    %load/vec4 v0x5b10b3e2f170_0;
    %assign/vec4 v0x5b10b3e3c0a0_0, 0;
    %load/vec4 v0x5b10b3e2efd0_0;
    %assign/vec4 v0x5b10b3e3c170_0, 0;
    %load/vec4 v0x5b10b3e34990_0;
    %or/r;
    %flag_set/vec4 8;
    %jmp/0 T_68.6, 8;
    %load/vec4 v0x5b10b3e34990_0;
    %jmp/1 T_68.7, 8;
T_68.6 ; End of true expr.
    %load/vec4 v0x5b10b3e2f170_0;
    %load/vec4 v0x5b10b3e2efd0_0;
    %parti/s 2, 0, 2;
    %pushi/vec4 0, 0, 2;
    %cmp/ne;
    %flag_get/vec4 4;
    %and;
    %flag_set/vec4 9;
    %jmp/0 T_68.8, 9;
    %pushi/vec4 16, 0, 6;
    %jmp/1 T_68.9, 9;
T_68.8 ; End of true expr.
    %pushi/vec4 0, 0, 6;
    %jmp/0 T_68.9, 9;
 ; End of false expr.
    %blend;
T_68.9;
    %jmp/0 T_68.7, 8;
 ; End of false expr.
    %blend;
T_68.7;
    %assign/vec4 v0x5b10b3e3c2e0_0, 0;
    %jmp T_68.5;
T_68.4 ;
    %pushi/vec4 0, 0, 1;
    %assign/vec4 v0x5b10b3e3c9a0_0, 0;
    %pushi/vec4 0, 0, 10;
    %assign/vec4 v0x5b10b3e3c240_0, 0;
    %pushi/vec4 0, 0, 6;
    %assign/vec4 v0x5b10b3e3c2e0_0, 0;
T_68.5 ;
T_68.3 ;
T_68.1 ;
    %jmp T_68;
    .thread T_68;
    .scope S_0x5b10b3e14850;
T_69 ;
    %wait E_0x5b10b35fb970;
    %load/vec4 v0x5b10b3e3ac00_0;
    %flag_set/vec4 8;
    %jmp/0xz  T_69.0, 8;
    %pushi/vec4 0, 0, 1;
    %assign/vec4 v0x5b10b3e316f0_0, 0;
    %jmp T_69.1;
T_69.0 ;
    %load/vec4 v0x5b10b3e39480_0;
    %flag_set/vec4 8;
    %load/vec4 v0x5b10b3e3a860_0;
    %flag_set/vec4 9;
    %flag_or 9, 8;
    %jmp/0xz  T_69.2, 9;
    %pushi/vec4 0, 0, 1;
    %assign/vec4 v0x5b10b3e316f0_0, 0;
    %jmp T_69.3;
T_69.2 ;
    %load/vec4 v0x5b10b3e31650_0;
    %load/vec4 v0x5b10b3e33c10_0;
    %and;
    %flag_set/vec4 8;
    %jmp/0xz  T_69.4, 8;
    %pushi/vec4 1, 0, 1;
    %assign/vec4 v0x5b10b3e316f0_0, 0;
    %jmp T_69.5;
T_69.4 ;
    %load/vec4 v0x5b10b3e3b090_0;
    %flag_set/vec4 8;
    %jmp/0xz  T_69.6, 8;
    %pushi/vec4 0, 0, 1;
    %assign/vec4 v0x5b10b3e316f0_0, 0;
T_69.6 ;
T_69.5 ;
T_69.3 ;
T_69.1 ;
    %jmp T_69;
    .thread T_69;
    .scope S_0x5b10b3e14850;
T_70 ;
    %wait E_0x5b10b35fb970;
    %load/vec4 v0x5b10b3e3ac00_0;
    %flag_set/vec4 8;
    %jmp/0xz  T_70.0, 8;
    %pushi/vec4 0, 0, 1;
    %assign/vec4 v0x5b10b3e30da0_0, 0;
    %jmp T_70.1;
T_70.0 ;
    %load/vec4 v0x5b10b3e39480_0;
    %flag_set/vec4 8;
    %load/vec4 v0x5b10b3e3a860_0;
    %flag_set/vec4 9;
    %flag_or 9, 8;
    %jmp/0xz  T_70.2, 9;
    %pushi/vec4 0, 0, 1;
    %assign/vec4 v0x5b10b3e30da0_0, 0;
    %jmp T_70.3;
T_70.2 ;
    %load/vec4 v0x5b10b3e30d00_0;
    %load/vec4 v0x5b10b3e33b50_0;
    %and;
    %flag_set/vec4 8;
    %jmp/0xz  T_70.4, 8;
    %pushi/vec4 1, 0, 1;
    %assign/vec4 v0x5b10b3e30da0_0, 0;
    %jmp T_70.5;
T_70.4 ;
    %load/vec4 v0x5b10b3e37ce0_0;
    %flag_set/vec4 8;
    %jmp/0xz  T_70.6, 8;
    %pushi/vec4 0, 0, 1;
    %assign/vec4 v0x5b10b3e30da0_0, 0;
T_70.6 ;
T_70.5 ;
T_70.3 ;
T_70.1 ;
    %jmp T_70;
    .thread T_70;
    .scope S_0x5b10b3e14850;
T_71 ;
    %wait E_0x5b10b3738000;
    %pushi/vec4 0, 0, 1;
    %store/vec4 v0x5b10b3e37340_0, 0, 1;
    %pushi/vec4 0, 0, 1;
    %store/vec4 v0x5b10b3e37820_0, 0, 1;
    %pushi/vec4 0, 0, 1;
    %store/vec4 v0x5b10b3e371c0_0, 0, 1;
    %pushi/vec4 0, 0, 1;
    %store/vec4 v0x5b10b3e37680_0, 0, 1;
    %pushi/vec4 0, 0, 32;
    %store/vec4 v0x5b10b3e3aca0_0, 0, 32;
    %pushi/vec4 0, 0, 1;
    %store/vec4 v0x5b10b3e39be0_0, 0, 1;
    %pushi/vec4 0, 0, 1;
    %store/vec4 v0x5b10b3e39c80_0, 0, 1;
    %load/vec4 v0x5b10b3e37e20_0;
    %flag_set/vec4 8;
    %load/vec4 v0x5b10b3e37fc0_0;
    %flag_set/vec4 9;
    %flag_or 9, 8;
    %jmp/0xz  T_71.0, 9;
    %pushi/vec4 1, 0, 1;
    %ix/getv 4, v0x5b10b3e31e10_0;
    %store/vec4 v0x5b10b3e3aca0_0, 4, 1;
T_71.0 ;
    %load/vec4 v0x5b10b3e398a0_0;
    %flag_set/vec4 8;
    %load/vec4 v0x5b10b3e39a40_0;
    %flag_set/vec4 9;
    %flag_or 9, 8;
    %jmp/0xz  T_71.2, 9;
    %pushi/vec4 1, 0, 1;
    %ix/getv 4, v0x5b10b3e3a440_0;
    %store/vec4 v0x5b10b3e3aca0_0, 4, 1;
T_71.2 ;
    %load/vec4 v0x5b10b3e37e20_0;
    %load/vec4 v0x5b10b3e395c0_0;
    %or;
    %load/vec4 v0x5b10b3e398a0_0;
    %or;
    %load/vec4 v0x5b10b3e3a9f0_0;
    %or;
    %load/vec4 v0x5b10b3e33ff0_0;
    %load/vec4 v0x5b10b3e33c10_0;
    %or;
    %load/vec4 v0x5b10b3e33b50_0;
    %or;
    %and;
    %flag_set/vec4 8;
    %jmp/0xz  T_71.4, 8;
    %pushi/vec4 4294967295, 0, 32;
    %store/vec4 v0x5b10b3e3aca0_0, 0, 32;
T_71.4 ;
    %load/vec4 v0x5b10b3e35ac0_0;
    %flag_set/vec4 8;
    %load/vec4 v0x5b10b3e31910_0;
    %flag_set/vec4 9;
    %flag_or 9, 8;
    %load/vec4 v0x5b10b3e316f0_0;
    %flag_set/vec4 8;
    %flag_or 8, 9;
    %load/vec4 v0x5b10b3e30da0_0;
    %flag_set/vec4 9;
    %flag_or 9, 8;
    %jmp/0xz  T_71.6, 9;
    %jmp T_71.7;
T_71.6 ;
    %load/vec4 v0x5b10b3e375c0_0;
    %load/vec4 v0x5b10b3e3aca0_0;
    %load/vec4 v0x5b10b3e340b0_0;
    %part/u 1;
    %load/vec4 v0x5b10b3e3aca0_0;
    %load/vec4 v0x5b10b3e342f0_0;
    %part/u 1;
    %or;
    %load/vec4 v0x5b10b3e3aca0_0;
    %load/vec4 v0x5b10b3e34510_0;
    %part/u 1;
    %or;
    %nor/r;
    %and;
    %flag_set/vec4 8;
    %jmp/0xz  T_71.8, 8;
    %pushi/vec4 1, 0, 1;
    %store/vec4 v0x5b10b3e37340_0, 0, 1;
    %pushi/vec4 1, 0, 1;
    %store/vec4 v0x5b10b3e371c0_0, 0, 1;
    %load/vec4 v0x5b10b3e371c0_0;
    %load/vec4 v0x5b10b3e345d0_0;
    %and;
    %load/vec4 v0x5b10b3e34510_0;
    %or/r;
    %and;
    %flag_set/vec4 8;
    %jmp/0xz  T_71.10, 8;
    %pushi/vec4 1, 0, 1;
    %ix/getv 4, v0x5b10b3e34510_0;
    %store/vec4 v0x5b10b3e3aca0_0, 4, 1;
T_71.10 ;
T_71.8 ;
T_71.7 ;
    %load/vec4 v0x5b10b3e35ac0_0;
    %flag_set/vec4 8;
    %load/vec4 v0x5b10b3e31910_0;
    %flag_set/vec4 9;
    %flag_or 9, 8;
    %load/vec4 v0x5b10b3e316f0_0;
    %flag_set/vec4 8;
    %flag_or 8, 9;
    %load/vec4 v0x5b10b3e30da0_0;
    %flag_set/vec4 9;
    %flag_or 9, 8;
    %jmp/0xz  T_71.12, 9;
    %jmp T_71.13;
T_71.12 ;
    %load/vec4 v0x5b10b3e31790_0;
    %load/vec4 v0x5b10b3e37aa0_0;
    %and;
    %load/vec4 v0x5b10b3e371c0_0;
    %and;
    %load/vec4 v0x5b10b3e3aca0_0;
    %load/vec4 v0x5b10b3e34cb0_0;
    %part/u 1;
    %load/vec4 v0x5b10b3e3aca0_0;
    %load/vec4 v0x5b10b3e34f20_0;
    %part/u 1;
    %or;
    %load/vec4 v0x5b10b3e3aca0_0;
    %load/vec4 v0x5b10b3e351a0_0;
    %part/u 1;
    %or;
    %nor/r;
    %and;
    %flag_set/vec4 8;
    %jmp/0xz  T_71.14, 8;
    %pushi/vec4 1, 0, 1;
    %store/vec4 v0x5b10b3e37820_0, 0, 1;
    %pushi/vec4 1, 0, 1;
    %store/vec4 v0x5b10b3e37680_0, 0, 1;
    %load/vec4 v0x5b10b3e34b30_0;
    %store/vec4 v0x5b10b3e39be0_0, 0, 1;
    %load/vec4 v0x5b10b3e34bf0_0;
    %store/vec4 v0x5b10b3e39c80_0, 0, 1;
    %load/vec4 v0x5b10b3e37680_0;
    %load/vec4 v0x5b10b3e35260_0;
    %and;
    %load/vec4 v0x5b10b3e351a0_0;
    %or/r;
    %and;
    %flag_set/vec4 8;
    %jmp/0xz  T_71.16, 8;
    %pushi/vec4 1, 0, 1;
    %ix/getv 4, v0x5b10b3e351a0_0;
    %store/vec4 v0x5b10b3e3aca0_0, 4, 1;
T_71.16 ;
T_71.14 ;
T_71.13 ;
    %jmp T_71;
    .thread T_71, $push;
    .scope S_0x5b10b3e14850;
T_72 ;
    %wait E_0x5b10b3626560;
    %load/vec4 v0x5b10b3e3bc70_0;
    %store/vec4 v0x5b10b3e34170_0, 0, 32;
    %load/vec4 v0x5b10b3e3be30_0;
    %store/vec4 v0x5b10b3e34390_0, 0, 32;
    %load/vec4 v0x5b10b3e31fb0_0;
    %load/vec4 v0x5b10b3e3bbb0_0;
    %cmp/e;
    %jmp/0xz  T_72.0, 4;
    %load/vec4 v0x5b10b3e32140_0;
    %store/vec4 v0x5b10b3e34170_0, 0, 32;
T_72.0 ;
    %load/vec4 v0x5b10b3e31fb0_0;
    %load/vec4 v0x5b10b3e3bd50_0;
    %cmp/e;
    %jmp/0xz  T_72.2, 4;
    %load/vec4 v0x5b10b3e32140_0;
    %store/vec4 v0x5b10b3e34390_0, 0, 32;
T_72.2 ;
    %load/vec4 v0x5b10b3e3a5e0_0;
    %load/vec4 v0x5b10b3e3bbb0_0;
    %cmp/e;
    %jmp/0xz  T_72.4, 4;
    %load/vec4 v0x5b10b3e3a770_0;
    %store/vec4 v0x5b10b3e34170_0, 0, 32;
T_72.4 ;
    %load/vec4 v0x5b10b3e3a5e0_0;
    %load/vec4 v0x5b10b3e3bd50_0;
    %cmp/e;
    %jmp/0xz  T_72.6, 4;
    %load/vec4 v0x5b10b3e3a770_0;
    %store/vec4 v0x5b10b3e34390_0, 0, 32;
T_72.6 ;
    %load/vec4 v0x5b10b3e31ee0_0;
    %load/vec4 v0x5b10b3e3bbb0_0;
    %cmp/e;
    %jmp/0xz  T_72.8, 4;
    %load/vec4 v0x5b10b3e320a0_0;
    %store/vec4 v0x5b10b3e34170_0, 0, 32;
T_72.8 ;
    %load/vec4 v0x5b10b3e31ee0_0;
    %load/vec4 v0x5b10b3e3bd50_0;
    %cmp/e;
    %jmp/0xz  T_72.10, 4;
    %load/vec4 v0x5b10b3e320a0_0;
    %store/vec4 v0x5b10b3e34390_0, 0, 32;
T_72.10 ;
    %load/vec4 v0x5b10b3e3a510_0;
    %load/vec4 v0x5b10b3e3bbb0_0;
    %cmp/e;
    %jmp/0xz  T_72.12, 4;
    %load/vec4 v0x5b10b3e3a6d0_0;
    %store/vec4 v0x5b10b3e34170_0, 0, 32;
T_72.12 ;
    %load/vec4 v0x5b10b3e3a510_0;
    %load/vec4 v0x5b10b3e3bd50_0;
    %cmp/e;
    %jmp/0xz  T_72.14, 4;
    %load/vec4 v0x5b10b3e3a6d0_0;
    %store/vec4 v0x5b10b3e34390_0, 0, 32;
T_72.14 ;
    %load/vec4 v0x5b10b3e31e10_0;
    %load/vec4 v0x5b10b3e3bbb0_0;
    %cmp/e;
    %jmp/0xz  T_72.16, 4;
    %load/vec4 v0x5b10b3e3b1d0_0;
    %store/vec4 v0x5b10b3e34170_0, 0, 32;
T_72.16 ;
    %load/vec4 v0x5b10b3e31e10_0;
    %load/vec4 v0x5b10b3e3bd50_0;
    %cmp/e;
    %jmp/0xz  T_72.18, 4;
    %load/vec4 v0x5b10b3e3b1d0_0;
    %store/vec4 v0x5b10b3e34390_0, 0, 32;
T_72.18 ;
    %load/vec4 v0x5b10b3e3a440_0;
    %load/vec4 v0x5b10b3e3bbb0_0;
    %cmp/e;
    %jmp/0xz  T_72.20, 4;
    %load/vec4 v0x5b10b3e3b2c0_0;
    %store/vec4 v0x5b10b3e34170_0, 0, 32;
T_72.20 ;
    %load/vec4 v0x5b10b3e3a440_0;
    %load/vec4 v0x5b10b3e3bd50_0;
    %cmp/e;
    %jmp/0xz  T_72.22, 4;
    %load/vec4 v0x5b10b3e3b2c0_0;
    %store/vec4 v0x5b10b3e34390_0, 0, 32;
T_72.22 ;
    %load/vec4 v0x5b10b3e3bbb0_0;
    %cmpi/e 0, 0, 5;
    %jmp/0xz  T_72.24, 4;
    %pushi/vec4 0, 0, 32;
    %store/vec4 v0x5b10b3e34170_0, 0, 32;
T_72.24 ;
    %load/vec4 v0x5b10b3e3bd50_0;
    %cmpi/e 0, 0, 5;
    %jmp/0xz  T_72.26, 4;
    %pushi/vec4 0, 0, 32;
    %store/vec4 v0x5b10b3e34390_0, 0, 32;
T_72.26 ;
    %jmp T_72;
    .thread T_72, $push;
    .scope S_0x5b10b3e14850;
T_73 ;
    %wait E_0x5b10b363f4a0;
    %load/vec4 v0x5b10b3e3c610_0;
    %store/vec4 v0x5b10b3e34d70_0, 0, 32;
    %load/vec4 v0x5b10b3e3c7d0_0;
    %store/vec4 v0x5b10b3e34ff0_0, 0, 32;
    %load/vec4 v0x5b10b3e31fb0_0;
    %load/vec4 v0x5b10b3e3c550_0;
    %cmp/e;
    %jmp/0xz  T_73.0, 4;
    %load/vec4 v0x5b10b3e32140_0;
    %store/vec4 v0x5b10b3e34d70_0, 0, 32;
T_73.0 ;
    %load/vec4 v0x5b10b3e31fb0_0;
    %load/vec4 v0x5b10b3e3c6f0_0;
    %cmp/e;
    %jmp/0xz  T_73.2, 4;
    %load/vec4 v0x5b10b3e32140_0;
    %store/vec4 v0x5b10b3e34ff0_0, 0, 32;
T_73.2 ;
    %load/vec4 v0x5b10b3e3a5e0_0;
    %load/vec4 v0x5b10b3e3c550_0;
    %cmp/e;
    %jmp/0xz  T_73.4, 4;
    %load/vec4 v0x5b10b3e3a770_0;
    %store/vec4 v0x5b10b3e34d70_0, 0, 32;
T_73.4 ;
    %load/vec4 v0x5b10b3e3a5e0_0;
    %load/vec4 v0x5b10b3e3c6f0_0;
    %cmp/e;
    %jmp/0xz  T_73.6, 4;
    %load/vec4 v0x5b10b3e3a770_0;
    %store/vec4 v0x5b10b3e34ff0_0, 0, 32;
T_73.6 ;
    %load/vec4 v0x5b10b3e31ee0_0;
    %load/vec4 v0x5b10b3e3c550_0;
    %cmp/e;
    %jmp/0xz  T_73.8, 4;
    %load/vec4 v0x5b10b3e320a0_0;
    %store/vec4 v0x5b10b3e34d70_0, 0, 32;
T_73.8 ;
    %load/vec4 v0x5b10b3e31ee0_0;
    %load/vec4 v0x5b10b3e3c6f0_0;
    %cmp/e;
    %jmp/0xz  T_73.10, 4;
    %load/vec4 v0x5b10b3e320a0_0;
    %store/vec4 v0x5b10b3e34ff0_0, 0, 32;
T_73.10 ;
    %load/vec4 v0x5b10b3e3a510_0;
    %load/vec4 v0x5b10b3e3c550_0;
    %cmp/e;
    %jmp/0xz  T_73.12, 4;
    %load/vec4 v0x5b10b3e3a6d0_0;
    %store/vec4 v0x5b10b3e34d70_0, 0, 32;
T_73.12 ;
    %load/vec4 v0x5b10b3e3a510_0;
    %load/vec4 v0x5b10b3e3c6f0_0;
    %cmp/e;
    %jmp/0xz  T_73.14, 4;
    %load/vec4 v0x5b10b3e3a6d0_0;
    %store/vec4 v0x5b10b3e34ff0_0, 0, 32;
T_73.14 ;
    %load/vec4 v0x5b10b3e31e10_0;
    %load/vec4 v0x5b10b3e3c550_0;
    %cmp/e;
    %jmp/0xz  T_73.16, 4;
    %load/vec4 v0x5b10b3e3b1d0_0;
    %store/vec4 v0x5b10b3e34d70_0, 0, 32;
T_73.16 ;
    %load/vec4 v0x5b10b3e31e10_0;
    %load/vec4 v0x5b10b3e3c6f0_0;
    %cmp/e;
    %jmp/0xz  T_73.18, 4;
    %load/vec4 v0x5b10b3e3b1d0_0;
    %store/vec4 v0x5b10b3e34ff0_0, 0, 32;
T_73.18 ;
    %load/vec4 v0x5b10b3e3a440_0;
    %load/vec4 v0x5b10b3e3c550_0;
    %cmp/e;
    %jmp/0xz  T_73.20, 4;
    %load/vec4 v0x5b10b3e3b2c0_0;
    %store/vec4 v0x5b10b3e34d70_0, 0, 32;
T_73.20 ;
    %load/vec4 v0x5b10b3e3a440_0;
    %load/vec4 v0x5b10b3e3c6f0_0;
    %cmp/e;
    %jmp/0xz  T_73.22, 4;
    %load/vec4 v0x5b10b3e3b2c0_0;
    %store/vec4 v0x5b10b3e34ff0_0, 0, 32;
T_73.22 ;
    %load/vec4 v0x5b10b3e3c550_0;
    %cmpi/e 0, 0, 5;
    %jmp/0xz  T_73.24, 4;
    %pushi/vec4 0, 0, 32;
    %store/vec4 v0x5b10b3e34d70_0, 0, 32;
T_73.24 ;
    %load/vec4 v0x5b10b3e3c6f0_0;
    %cmpi/e 0, 0, 5;
    %jmp/0xz  T_73.26, 4;
    %pushi/vec4 0, 0, 32;
    %store/vec4 v0x5b10b3e34ff0_0, 0, 32;
T_73.26 ;
    %jmp T_73;
    .thread T_73, $push;
    .scope S_0x5b10b3beced0;
T_74 ;
    %wait E_0x5b10b372f8a0;
    %load/vec4 v0x5b10b3d4dc70_0;
    %assign/vec4 v0x5b10b3c3d440_0, 0;
    %load/vec4 v0x5b10b3bebdb0_0;
    %assign/vec4 v0x5b10b3d2a640_0, 0;
    %load/vec4 v0x5b10b3d6c280_0;
    %assign/vec4 v0x5b10b3d51bf0_0, 0;
    %jmp T_74;
    .thread T_74;
    .scope S_0x5b10b3beced0;
T_75 ;
    %wait E_0x5b10b372ed60;
    %load/vec4 v0x5b10b3c3d440_0;
    %dup/vec4;
    %pushi/vec4 1, 0, 4;
    %cmp/u;
    %jmp/1 T_75.0, 6;
    %dup/vec4;
    %pushi/vec4 2, 0, 4;
    %cmp/u;
    %jmp/1 T_75.1, 6;
    %dup/vec4;
    %pushi/vec4 3, 0, 4;
    %cmp/u;
    %jmp/1 T_75.2, 6;
    %dup/vec4;
    %pushi/vec4 4, 0, 4;
    %cmp/u;
    %jmp/1 T_75.3, 6;
    %dup/vec4;
    %pushi/vec4 6, 0, 4;
    %cmp/u;
    %jmp/1 T_75.4, 6;
    %dup/vec4;
    %pushi/vec4 7, 0, 4;
    %cmp/u;
    %jmp/1 T_75.5, 6;
    %dup/vec4;
    %pushi/vec4 8, 0, 4;
    %cmp/u;
    %jmp/1 T_75.6, 6;
    %dup/vec4;
    %pushi/vec4 9, 0, 4;
    %cmp/u;
    %jmp/1 T_75.7, 6;
    %dup/vec4;
    %pushi/vec4 10, 0, 4;
    %cmp/u;
    %jmp/1 T_75.8, 6;
    %dup/vec4;
    %pushi/vec4 11, 0, 4;
    %cmp/u;
    %jmp/1 T_75.9, 6;
    %load/vec4 v0x5b10b3d2a640_0;
    %store/vec4 v0x5b10b3c8b470_0, 0, 32;
    %jmp T_75.11;
T_75.0 ;
    %load/vec4 v0x5b10b3d2a640_0;
    %load/vec4 v0x5b10b3d51bf0_0;
    %parti/s 5, 0, 2;
    %ix/vec4 4;
    %shiftl 4;
    %store/vec4 v0x5b10b3c8b470_0, 0, 32;
    %jmp T_75.11;
T_75.1 ;
    %load/vec4 v0x5b10b3c3d440_0;
    %cmpi/e 3, 0, 4;
    %jmp/0xz  T_75.12, 4;
    %load/vec4 v0x5b10b3d2a120_0;
    %load/vec4 v0x5b10b3d51bf0_0;
    %parti/s 5, 0, 2;
    %ix/vec4 4;
    %shiftr/s 4;
    %store/vec4 v0x5b10b3c8b470_0, 0, 32;
    %jmp T_75.13;
T_75.12 ;
    %load/vec4 v0x5b10b3d2a640_0;
    %load/vec4 v0x5b10b3d51bf0_0;
    %parti/s 5, 0, 2;
    %ix/vec4 4;
    %shiftr 4;
    %store/vec4 v0x5b10b3c8b470_0, 0, 32;
T_75.13 ;
    %jmp T_75.11;
T_75.2 ;
    %load/vec4 v0x5b10b3c3d440_0;
    %cmpi/e 3, 0, 4;
    %jmp/0xz  T_75.14, 4;
    %load/vec4 v0x5b10b3d2a120_0;
    %load/vec4 v0x5b10b3d51bf0_0;
    %parti/s 5, 0, 2;
    %ix/vec4 4;
    %shiftr/s 4;
    %store/vec4 v0x5b10b3c8b470_0, 0, 32;
    %jmp T_75.15;
T_75.14 ;
    %load/vec4 v0x5b10b3d2a640_0;
    %load/vec4 v0x5b10b3d51bf0_0;
    %parti/s 5, 0, 2;
    %ix/vec4 4;
    %shiftr 4;
    %store/vec4 v0x5b10b3c8b470_0, 0, 32;
T_75.15 ;
    %jmp T_75.11;
T_75.3 ;
    %load/vec4 v0x5b10b3d2a640_0;
    %load/vec4 v0x5b10b3d51bf0_0;
    %add;
    %store/vec4 v0x5b10b3c8b470_0, 0, 32;
    %jmp T_75.11;
T_75.4 ;
    %load/vec4 v0x5b10b3beae90_0;
    %store/vec4 v0x5b10b3c8b470_0, 0, 32;
    %jmp T_75.11;
T_75.5 ;
    %load/vec4 v0x5b10b3d2a640_0;
    %load/vec4 v0x5b10b3d51bf0_0;
    %and;
    %store/vec4 v0x5b10b3c8b470_0, 0, 32;
    %jmp T_75.11;
T_75.6 ;
    %load/vec4 v0x5b10b3d2a640_0;
    %load/vec4 v0x5b10b3d51bf0_0;
    %or;
    %store/vec4 v0x5b10b3c8b470_0, 0, 32;
    %jmp T_75.11;
T_75.7 ;
    %load/vec4 v0x5b10b3d2a640_0;
    %load/vec4 v0x5b10b3d51bf0_0;
    %xor;
    %store/vec4 v0x5b10b3c8b470_0, 0, 32;
    %jmp T_75.11;
T_75.8 ;
    %load/vec4 v0x5b10b3d2a640_0;
    %load/vec4 v0x5b10b3d51bf0_0;
    %cmp/u;
    %flag_mov 8, 5;
    %jmp/0 T_75.16, 8;
    %pushi/vec4 1, 0, 32;
    %jmp/1 T_75.17, 8;
T_75.16 ; End of true expr.
    %pushi/vec4 0, 0, 32;
    %jmp/0 T_75.17, 8;
 ; End of false expr.
    %blend;
T_75.17;
    %store/vec4 v0x5b10b3c8b470_0, 0, 32;
    %jmp T_75.11;
T_75.9 ;
    %load/vec4 v0x5b10b3d2a640_0;
    %parti/s 1, 31, 6;
    %load/vec4 v0x5b10b3d51bf0_0;
    %parti/s 1, 31, 6;
    %cmp/ne;
    %jmp/0xz  T_75.18, 4;
    %load/vec4 v0x5b10b3d2a640_0;
    %parti/s 1, 31, 6;
    %flag_set/vec4 8;
    %jmp/0 T_75.20, 8;
    %pushi/vec4 1, 0, 32;
    %jmp/1 T_75.21, 8;
T_75.20 ; End of true expr.
    %pushi/vec4 0, 0, 32;
    %jmp/0 T_75.21, 8;
 ; End of false expr.
    %blend;
T_75.21;
    %store/vec4 v0x5b10b3c8b470_0, 0, 32;
    %jmp T_75.19;
T_75.18 ;
    %load/vec4 v0x5b10b3beae90_0;
    %parti/s 1, 31, 6;
    %flag_set/vec4 8;
    %jmp/0 T_75.22, 8;
    %pushi/vec4 1, 0, 32;
    %jmp/1 T_75.23, 8;
T_75.22 ; End of true expr.
    %pushi/vec4 0, 0, 32;
    %jmp/0 T_75.23, 8;
 ; End of false expr.
    %blend;
T_75.23;
    %store/vec4 v0x5b10b3c8b470_0, 0, 32;
T_75.19 ;
    %jmp T_75.11;
T_75.11 ;
    %pop/vec4 1;
    %jmp T_75;
    .thread T_75, $push;
    .scope S_0x5b10b3beced0;
T_76 ;
    %wait E_0x5b10b372f8a0;
    %load/vec4 v0x5b10b3c8b470_0;
    %assign/vec4 v0x5b10b3c72030_0, 0;
    %jmp T_76;
    .thread T_76;
    .scope S_0x5b10b3c1b100;
T_77 ;
    %wait E_0x5b10b3691c40;
    %load/vec4 v0x5b10b3c21b40_0;
    %parti/s 20, 12, 5;
    %concati/vec4 0, 0, 12;
    %store/vec4 v0x5b10b3c0a9a0_0, 0, 32;
    %load/vec4 v0x5b10b3c21b40_0;
    %parti/s 1, 31, 6;
    %replicate 20;
    %load/vec4 v0x5b10b3c21b40_0;
    %parti/s 12, 20, 6;
    %concat/vec4; draw_concat_vec4
    %store/vec4 v0x5b10b3c0a8e0_0, 0, 32;
    %load/vec4 v0x5b10b3c21b40_0;
    %parti/s 1, 31, 6;
    %replicate 19;
    %load/vec4 v0x5b10b3c21b40_0;
    %parti/s 1, 31, 6;
    %concat/vec4; draw_concat_vec4
    %load/vec4 v0x5b10b3c21b40_0;
    %parti/s 1, 7, 4;
    %concat/vec4; draw_concat_vec4
    %load/vec4 v0x5b10b3c21b40_0;
    %parti/s 6, 25, 6;
    %concat/vec4; draw_concat_vec4
    %load/vec4 v0x5b10b3c21b40_0;
    %parti/s 4, 8, 5;
    %concat/vec4; draw_concat_vec4
    %concati/vec4 0, 0, 1;
    %store/vec4 v0x5b10b3ccfca0_0, 0, 32;
    %load/vec4 v0x5b10b3c21b40_0;
    %parti/s 1, 31, 6;
    %replicate 12;
    %load/vec4 v0x5b10b3c21b40_0;
    %parti/s 8, 12, 5;
    %concat/vec4; draw_concat_vec4
    %load/vec4 v0x5b10b3c21b40_0;
    %parti/s 1, 20, 6;
    %concat/vec4; draw_concat_vec4
    %load/vec4 v0x5b10b3c21b40_0;
    %parti/s 6, 25, 6;
    %concat/vec4; draw_concat_vec4
    %load/vec4 v0x5b10b3c21b40_0;
    %parti/s 4, 21, 6;
    %concat/vec4; draw_concat_vec4
    %concati/vec4 0, 0, 1;
    %store/vec4 v0x5b10b3c20b30_0, 0, 32;
    %load/vec4 v0x5b10b3c21b40_0;
    %parti/s 5, 20, 6;
    %store/vec4 v0x5b10b3c3e4e0_0, 0, 5;
    %jmp T_77;
    .thread T_77, $push;
    .scope S_0x5b10b3c1b100;
T_78 ;
    %wait E_0x5b10b3691bc0;
    %pushi/vec4 0, 0, 4;
    %store/vec4 v0x5b10b3c29f00_0, 0, 4;
    %pushi/vec4 0, 0, 32;
    %store/vec4 v0x5b10b3c29fc0_0, 0, 32;
    %pushi/vec4 0, 0, 32;
    %store/vec4 v0x5b10b3c2a330_0, 0, 32;
    %load/vec4 v0x5b10b3c21b40_0;
    %pushi/vec4 4261441663, 0, 32;
    %and;
    %cmpi/e 51, 0, 32;
    %jmp/0xz  T_78.0, 4;
    %pushi/vec4 4, 0, 4;
    %store/vec4 v0x5b10b3c29f00_0, 0, 4;
    %load/vec4 v0x5b10b3a30f80_0;
    %store/vec4 v0x5b10b3c29fc0_0, 0, 32;
    %load/vec4 v0x5b10b3c8c430_0;
    %store/vec4 v0x5b10b3c2a330_0, 0, 32;
    %jmp T_78.1;
T_78.0 ;
    %load/vec4 v0x5b10b3c21b40_0;
    %pushi/vec4 4261441663, 0, 32;
    %and;
    %cmpi/e 28723, 0, 32;
    %jmp/0xz  T_78.2, 4;
    %pushi/vec4 7, 0, 4;
    %store/vec4 v0x5b10b3c29f00_0, 0, 4;
    %load/vec4 v0x5b10b3a30f80_0;
    %store/vec4 v0x5b10b3c29fc0_0, 0, 32;
    %load/vec4 v0x5b10b3c8c430_0;
    %store/vec4 v0x5b10b3c2a330_0, 0, 32;
    %jmp T_78.3;
T_78.2 ;
    %load/vec4 v0x5b10b3c21b40_0;
    %pushi/vec4 4261441663, 0, 32;
    %and;
    %cmpi/e 24627, 0, 32;
    %jmp/0xz  T_78.4, 4;
    %pushi/vec4 8, 0, 4;
    %store/vec4 v0x5b10b3c29f00_0, 0, 4;
    %load/vec4 v0x5b10b3a30f80_0;
    %store/vec4 v0x5b10b3c29fc0_0, 0, 32;
    %load/vec4 v0x5b10b3c8c430_0;
    %store/vec4 v0x5b10b3c2a330_0, 0, 32;
    %jmp T_78.5;
T_78.4 ;
    %load/vec4 v0x5b10b3c21b40_0;
    %pushi/vec4 4261441663, 0, 32;
    %and;
    %cmpi/e 4147, 0, 32;
    %jmp/0xz  T_78.6, 4;
    %pushi/vec4 1, 0, 4;
    %store/vec4 v0x5b10b3c29f00_0, 0, 4;
    %load/vec4 v0x5b10b3a30f80_0;
    %store/vec4 v0x5b10b3c29fc0_0, 0, 32;
    %load/vec4 v0x5b10b3c8c430_0;
    %store/vec4 v0x5b10b3c2a330_0, 0, 32;
    %jmp T_78.7;
T_78.6 ;
    %load/vec4 v0x5b10b3c21b40_0;
    %pushi/vec4 4261441663, 0, 32;
    %and;
    %cmpi/e 1073762355, 0, 32;
    %jmp/0xz  T_78.8, 4;
    %pushi/vec4 3, 0, 4;
    %store/vec4 v0x5b10b3c29f00_0, 0, 4;
    %load/vec4 v0x5b10b3a30f80_0;
    %store/vec4 v0x5b10b3c29fc0_0, 0, 32;
    %load/vec4 v0x5b10b3c8c430_0;
    %store/vec4 v0x5b10b3c2a330_0, 0, 32;
    %jmp T_78.9;
T_78.8 ;
    %load/vec4 v0x5b10b3c21b40_0;
    %pushi/vec4 4261441663, 0, 32;
    %and;
    %cmpi/e 20531, 0, 32;
    %jmp/0xz  T_78.10, 4;
    %pushi/vec4 2, 0, 4;
    %store/vec4 v0x5b10b3c29f00_0, 0, 4;
    %load/vec4 v0x5b10b3a30f80_0;
    %store/vec4 v0x5b10b3c29fc0_0, 0, 32;
    %load/vec4 v0x5b10b3c8c430_0;
    %store/vec4 v0x5b10b3c2a330_0, 0, 32;
    %jmp T_78.11;
T_78.10 ;
    %load/vec4 v0x5b10b3c21b40_0;
    %pushi/vec4 4261441663, 0, 32;
    %and;
    %cmpi/e 1073741875, 0, 32;
    %jmp/0xz  T_78.12, 4;
    %pushi/vec4 6, 0, 4;
    %store/vec4 v0x5b10b3c29f00_0, 0, 4;
    %load/vec4 v0x5b10b3a30f80_0;
    %store/vec4 v0x5b10b3c29fc0_0, 0, 32;
    %load/vec4 v0x5b10b3c8c430_0;
    %store/vec4 v0x5b10b3c2a330_0, 0, 32;
    %jmp T_78.13;
T_78.12 ;
    %load/vec4 v0x5b10b3c21b40_0;
    %pushi/vec4 4261441663, 0, 32;
    %and;
    %cmpi/e 16435, 0, 32;
    %jmp/0xz  T_78.14, 4;
    %pushi/vec4 9, 0, 4;
    %store/vec4 v0x5b10b3c29f00_0, 0, 4;
    %load/vec4 v0x5b10b3a30f80_0;
    %store/vec4 v0x5b10b3c29fc0_0, 0, 32;
    %load/vec4 v0x5b10b3c8c430_0;
    %store/vec4 v0x5b10b3c2a330_0, 0, 32;
    %jmp T_78.15;
T_78.14 ;
    %load/vec4 v0x5b10b3c21b40_0;
    %pushi/vec4 4261441663, 0, 32;
    %and;
    %cmpi/e 8243, 0, 32;
    %jmp/0xz  T_78.16, 4;
    %pushi/vec4 11, 0, 4;
    %store/vec4 v0x5b10b3c29f00_0, 0, 4;
    %load/vec4 v0x5b10b3a30f80_0;
    %store/vec4 v0x5b10b3c29fc0_0, 0, 32;
    %load/vec4 v0x5b10b3c8c430_0;
    %store/vec4 v0x5b10b3c2a330_0, 0, 32;
    %jmp T_78.17;
T_78.16 ;
    %load/vec4 v0x5b10b3c21b40_0;
    %pushi/vec4 4261441663, 0, 32;
    %and;
    %cmpi/e 12339, 0, 32;
    %jmp/0xz  T_78.18, 4;
    %pushi/vec4 10, 0, 4;
    %store/vec4 v0x5b10b3c29f00_0, 0, 4;
    %load/vec4 v0x5b10b3a30f80_0;
    %store/vec4 v0x5b10b3c29fc0_0, 0, 32;
    %load/vec4 v0x5b10b3c8c430_0;
    %store/vec4 v0x5b10b3c2a330_0, 0, 32;
    %jmp T_78.19;
T_78.18 ;
    %load/vec4 v0x5b10b3c21b40_0;
    %pushi/vec4 28799, 0, 32;
    %and;
    %cmpi/e 19, 0, 32;
    %jmp/0xz  T_78.20, 4;
    %pushi/vec4 4, 0, 4;
    %store/vec4 v0x5b10b3c29f00_0, 0, 4;
    %load/vec4 v0x5b10b3a30f80_0;
    %store/vec4 v0x5b10b3c29fc0_0, 0, 32;
    %load/vec4 v0x5b10b3c0a8e0_0;
    %store/vec4 v0x5b10b3c2a330_0, 0, 32;
    %jmp T_78.21;
T_78.20 ;
    %load/vec4 v0x5b10b3c21b40_0;
    %pushi/vec4 28799, 0, 32;
    %and;
    %cmpi/e 28691, 0, 32;
    %jmp/0xz  T_78.22, 4;
    %pushi/vec4 7, 0, 4;
    %store/vec4 v0x5b10b3c29f00_0, 0, 4;
    %load/vec4 v0x5b10b3a30f80_0;
    %store/vec4 v0x5b10b3c29fc0_0, 0, 32;
    %load/vec4 v0x5b10b3c0a8e0_0;
    %store/vec4 v0x5b10b3c2a330_0, 0, 32;
    %jmp T_78.23;
T_78.22 ;
    %load/vec4 v0x5b10b3c21b40_0;
    %pushi/vec4 28799, 0, 32;
    %and;
    %cmpi/e 8211, 0, 32;
    %jmp/0xz  T_78.24, 4;
    %pushi/vec4 11, 0, 4;
    %store/vec4 v0x5b10b3c29f00_0, 0, 4;
    %load/vec4 v0x5b10b3a30f80_0;
    %store/vec4 v0x5b10b3c29fc0_0, 0, 32;
    %load/vec4 v0x5b10b3c0a8e0_0;
    %store/vec4 v0x5b10b3c2a330_0, 0, 32;
    %jmp T_78.25;
T_78.24 ;
    %load/vec4 v0x5b10b3c21b40_0;
    %pushi/vec4 28799, 0, 32;
    %and;
    %cmpi/e 12307, 0, 32;
    %jmp/0xz  T_78.26, 4;
    %pushi/vec4 10, 0, 4;
    %store/vec4 v0x5b10b3c29f00_0, 0, 4;
    %load/vec4 v0x5b10b3a30f80_0;
    %store/vec4 v0x5b10b3c29fc0_0, 0, 32;
    %load/vec4 v0x5b10b3c0a8e0_0;
    %store/vec4 v0x5b10b3c2a330_0, 0, 32;
    %jmp T_78.27;
T_78.26 ;
    %load/vec4 v0x5b10b3c21b40_0;
    %pushi/vec4 28799, 0, 32;
    %and;
    %cmpi/e 24595, 0, 32;
    %jmp/0xz  T_78.28, 4;
    %pushi/vec4 8, 0, 4;
    %store/vec4 v0x5b10b3c29f00_0, 0, 4;
    %load/vec4 v0x5b10b3a30f80_0;
    %store/vec4 v0x5b10b3c29fc0_0, 0, 32;
    %load/vec4 v0x5b10b3c0a8e0_0;
    %store/vec4 v0x5b10b3c2a330_0, 0, 32;
    %jmp T_78.29;
T_78.28 ;
    %load/vec4 v0x5b10b3c21b40_0;
    %pushi/vec4 28799, 0, 32;
    %and;
    %cmpi/e 16403, 0, 32;
    %jmp/0xz  T_78.30, 4;
    %pushi/vec4 9, 0, 4;
    %store/vec4 v0x5b10b3c29f00_0, 0, 4;
    %load/vec4 v0x5b10b3a30f80_0;
    %store/vec4 v0x5b10b3c29fc0_0, 0, 32;
    %load/vec4 v0x5b10b3c0a8e0_0;
    %store/vec4 v0x5b10b3c2a330_0, 0, 32;
    %jmp T_78.31;
T_78.30 ;
    %load/vec4 v0x5b10b3c21b40_0;
    %pushi/vec4 4227887231, 0, 32;
    %and;
    %cmpi/e 4115, 0, 32;
    %jmp/0xz  T_78.32, 4;
    %pushi/vec4 1, 0, 4;
    %store/vec4 v0x5b10b3c29f00_0, 0, 4;
    %load/vec4 v0x5b10b3a30f80_0;
    %store/vec4 v0x5b10b3c29fc0_0, 0, 32;
    %pushi/vec4 0, 0, 27;
    %load/vec4 v0x5b10b3c3e4e0_0;
    %concat/vec4; draw_concat_vec4
    %store/vec4 v0x5b10b3c2a330_0, 0, 32;
    %jmp T_78.33;
T_78.32 ;
    %load/vec4 v0x5b10b3c21b40_0;
    %pushi/vec4 4227887231, 0, 32;
    %and;
    %cmpi/e 20499, 0, 32;
    %jmp/0xz  T_78.34, 4;
    %pushi/vec4 2, 0, 4;
    %store/vec4 v0x5b10b3c29f00_0, 0, 4;
    %load/vec4 v0x5b10b3a30f80_0;
    %store/vec4 v0x5b10b3c29fc0_0, 0, 32;
    %pushi/vec4 0, 0, 27;
    %load/vec4 v0x5b10b3c3e4e0_0;
    %concat/vec4; draw_concat_vec4
    %store/vec4 v0x5b10b3c2a330_0, 0, 32;
    %jmp T_78.35;
T_78.34 ;
    %load/vec4 v0x5b10b3c21b40_0;
    %pushi/vec4 4227887231, 0, 32;
    %and;
    %cmpi/e 1073762323, 0, 32;
    %jmp/0xz  T_78.36, 4;
    %pushi/vec4 3, 0, 4;
    %store/vec4 v0x5b10b3c29f00_0, 0, 4;
    %load/vec4 v0x5b10b3a30f80_0;
    %store/vec4 v0x5b10b3c29fc0_0, 0, 32;
    %pushi/vec4 0, 0, 27;
    %load/vec4 v0x5b10b3c3e4e0_0;
    %concat/vec4; draw_concat_vec4
    %store/vec4 v0x5b10b3c2a330_0, 0, 32;
    %jmp T_78.37;
T_78.36 ;
    %load/vec4 v0x5b10b3c21b40_0;
    %pushi/vec4 127, 0, 32;
    %and;
    %cmpi/e 55, 0, 32;
    %jmp/0xz  T_78.38, 4;
    %load/vec4 v0x5b10b3c0a9a0_0;
    %store/vec4 v0x5b10b3c29fc0_0, 0, 32;
    %jmp T_78.39;
T_78.38 ;
    %load/vec4 v0x5b10b3c21b40_0;
    %pushi/vec4 127, 0, 32;
    %and;
    %cmpi/e 23, 0, 32;
    %jmp/0xz  T_78.40, 4;
    %pushi/vec4 4, 0, 4;
    %store/vec4 v0x5b10b3c29f00_0, 0, 4;
    %load/vec4 v0x5b10b3c21c10_0;
    %store/vec4 v0x5b10b3c29fc0_0, 0, 32;
    %load/vec4 v0x5b10b3c0a9a0_0;
    %store/vec4 v0x5b10b3c2a330_0, 0, 32;
    %jmp T_78.41;
T_78.40 ;
    %load/vec4 v0x5b10b3c21b40_0;
    %pushi/vec4 127, 0, 32;
    %and;
    %cmpi/e 111, 0, 32;
    %flag_mov 8, 4;
    %load/vec4 v0x5b10b3c21b40_0;
    %pushi/vec4 28799, 0, 32;
    %and;
    %cmpi/e 103, 0, 32;
    %flag_or 4, 8;
    %jmp/0xz  T_78.42, 4;
    %pushi/vec4 4, 0, 4;
    %store/vec4 v0x5b10b3c29f00_0, 0, 4;
    %load/vec4 v0x5b10b3c21c10_0;
    %store/vec4 v0x5b10b3c29fc0_0, 0, 32;
    %pushi/vec4 4, 0, 32;
    %store/vec4 v0x5b10b3c2a330_0, 0, 32;
T_78.42 ;
T_78.41 ;
T_78.39 ;
T_78.37 ;
T_78.35 ;
T_78.33 ;
T_78.31 ;
T_78.29 ;
T_78.27 ;
T_78.25 ;
T_78.23 ;
T_78.21 ;
T_78.19 ;
T_78.17 ;
T_78.15 ;
T_78.13 ;
T_78.11 ;
T_78.9 ;
T_78.7 ;
T_78.5 ;
T_78.3 ;
T_78.1 ;
    %jmp T_78;
    .thread T_78, $push;
    .scope S_0x5b10b3c1b100;
T_79 ;
    %wait E_0x5b10b35fb970;
    %load/vec4 v0x5b10b3c8d4b0_0;
    %flag_set/vec4 8;
    %jmp/0xz  T_79.0, 8;
    %pushi/vec4 0, 0, 32;
    %assign/vec4 v0x5b10b3c8d3f0_0, 0;
    %jmp T_79.1;
T_79.0 ;
    %load/vec4 v0x5b10b3c0ba60_0;
    %inv;
    %flag_set/vec4 8;
    %jmp/0xz  T_79.2, 8;
    %load/vec4 v0x5b10b3c2a400_0;
    %assign/vec4 v0x5b10b3c8d3f0_0, 0;
T_79.2 ;
T_79.1 ;
    %jmp T_79;
    .thread T_79;
    .scope S_0x5b10b3c1b100;
T_80 ;
    %wait E_0x5b10b3732b40;
    %pushi/vec4 0, 0, 1;
    %store/vec4 v0x5b10b3d53b70_0, 0, 1;
    %pushi/vec4 0, 0, 1;
    %store/vec4 v0x5b10b3c0caa0_0, 0, 1;
    %pushi/vec4 0, 0, 1;
    %store/vec4 v0x5b10b3d33ea0_0, 0, 1;
    %pushi/vec4 0, 0, 1;
    %store/vec4 v0x5b10b3c54050_0, 0, 1;
    %pushi/vec4 0, 0, 1;
    %store/vec4 v0x5b10b3d6ca50_0, 0, 1;
    %load/vec4 v0x5b10b3c21c10_0;
    %load/vec4 v0x5b10b3ccfca0_0;
    %add;
    %store/vec4 v0x5b10b3c0cb60_0, 0, 32;
    %load/vec4 v0x5b10b3c21b40_0;
    %pushi/vec4 127, 0, 32;
    %and;
    %cmpi/e 111, 0, 32;
    %jmp/0xz  T_80.0, 4;
    %pushi/vec4 1, 0, 1;
    %store/vec4 v0x5b10b3d53b70_0, 0, 1;
    %pushi/vec4 1, 0, 1;
    %store/vec4 v0x5b10b3c0caa0_0, 0, 1;
    %load/vec4 v0x5b10b3c21c10_0;
    %load/vec4 v0x5b10b3c20b30_0;
    %add;
    %store/vec4 v0x5b10b3c0cb60_0, 0, 32;
    %load/vec4 v0x5b10b3c8f5b0_0;
    %pushi/vec4 1, 0, 5;
    %cmp/e;
    %flag_get/vec4 4;
    %store/vec4 v0x5b10b3d33ea0_0, 0, 1;
    %pushi/vec4 1, 0, 1;
    %store/vec4 v0x5b10b3d6ca50_0, 0, 1;
    %jmp T_80.1;
T_80.0 ;
    %load/vec4 v0x5b10b3c21b40_0;
    %pushi/vec4 28799, 0, 32;
    %and;
    %cmpi/e 103, 0, 32;
    %jmp/0xz  T_80.2, 4;
    %pushi/vec4 1, 0, 1;
    %store/vec4 v0x5b10b3d53b70_0, 0, 1;
    %pushi/vec4 1, 0, 1;
    %store/vec4 v0x5b10b3c0caa0_0, 0, 1;
    %load/vec4 v0x5b10b3a30f80_0;
    %load/vec4 v0x5b10b3c0a8e0_0;
    %add;
    %store/vec4 v0x5b10b3c0cb60_0, 0, 32;
    %pushi/vec4 0, 0, 1;
    %ix/load 4, 0, 0;
    %flag_set/imm 4, 0;
    %store/vec4 v0x5b10b3c0cb60_0, 4, 1;
    %load/vec4 v0x5b10b3a30eb0_0;
    %pushi/vec4 1, 0, 5;
    %cmp/e;
    %flag_get/vec4 4;
    %load/vec4 v0x5b10b3c0a8e0_0;
    %parti/s 12, 0, 2;
    %pushi/vec4 0, 0, 12;
    %cmp/e;
    %flag_get/vec4 4;
    %and;
    %store/vec4 v0x5b10b3c54050_0, 0, 1;
    %load/vec4 v0x5b10b3c54050_0;
    %inv;
    %load/vec4 v0x5b10b3c8f5b0_0;
    %pushi/vec4 1, 0, 5;
    %cmp/e;
    %flag_get/vec4 4;
    %and;
    %store/vec4 v0x5b10b3d33ea0_0, 0, 1;
    %load/vec4 v0x5b10b3d33ea0_0;
    %load/vec4 v0x5b10b3c54050_0;
    %or;
    %inv;
    %store/vec4 v0x5b10b3d6ca50_0, 0, 1;
    %jmp T_80.3;
T_80.2 ;
    %load/vec4 v0x5b10b3c21b40_0;
    %pushi/vec4 28799, 0, 32;
    %and;
    %cmpi/e 99, 0, 32;
    %jmp/0xz  T_80.4, 4;
    %pushi/vec4 1, 0, 1;
    %store/vec4 v0x5b10b3d53b70_0, 0, 1;
    %load/vec4 v0x5b10b3a30f80_0;
    %load/vec4 v0x5b10b3c8c430_0;
    %cmp/e;
    %flag_get/vec4 4;
    %store/vec4 v0x5b10b3c0caa0_0, 0, 1;
    %jmp T_80.5;
T_80.4 ;
    %load/vec4 v0x5b10b3c21b40_0;
    %pushi/vec4 28799, 0, 32;
    %and;
    %cmpi/e 4195, 0, 32;
    %jmp/0xz  T_80.6, 4;
    %pushi/vec4 1, 0, 1;
    %store/vec4 v0x5b10b3d53b70_0, 0, 1;
    %load/vec4 v0x5b10b3a30f80_0;
    %load/vec4 v0x5b10b3c8c430_0;
    %cmp/ne;
    %flag_get/vec4 4;
    %store/vec4 v0x5b10b3c0caa0_0, 0, 1;
    %jmp T_80.7;
T_80.6 ;
    %load/vec4 v0x5b10b3c21b40_0;
    %pushi/vec4 28799, 0, 32;
    %and;
    %cmpi/e 16483, 0, 32;
    %jmp/0xz  T_80.8, 4;
    %pushi/vec4 1, 0, 1;
    %store/vec4 v0x5b10b3d53b70_0, 0, 1;
    %load/vec4 v0x5b10b3a30f80_0;
    %load/vec4 v0x5b10b3c8c430_0;
    %store/vec4 v0x5b10b3d82af0_0, 0, 32;
    %store/vec4 v0x5b10b3d82a30_0, 0, 32;
    %callf/vec4 TD_tb_top.u_dut.u_exec0.less_than_signed, S_0x5b10b3d8dd70;
    %store/vec4 v0x5b10b3c0caa0_0, 0, 1;
    %jmp T_80.9;
T_80.8 ;
    %load/vec4 v0x5b10b3c21b40_0;
    %pushi/vec4 28799, 0, 32;
    %and;
    %cmpi/e 20579, 0, 32;
    %jmp/0xz  T_80.10, 4;
    %pushi/vec4 1, 0, 1;
    %store/vec4 v0x5b10b3d53b70_0, 0, 1;
    %load/vec4 v0x5b10b3a30f80_0;
    %load/vec4 v0x5b10b3c8c430_0;
    %store/vec4 v0x5b10b3c4eb60_0, 0, 32;
    %store/vec4 v0x5b10b3c4eaa0_0, 0, 32;
    %callf/vec4 TD_tb_top.u_dut.u_exec0.greater_than_signed, S_0x5b10b3d8e0b0;
    %load/vec4 v0x5b10b3a30f80_0;
    %load/vec4 v0x5b10b3c8c430_0;
    %cmp/e;
    %flag_get/vec4 4;
    %or;
    %store/vec4 v0x5b10b3c0caa0_0, 0, 1;
    %jmp T_80.11;
T_80.10 ;
    %load/vec4 v0x5b10b3c21b40_0;
    %pushi/vec4 28799, 0, 32;
    %and;
    %cmpi/e 24675, 0, 32;
    %jmp/0xz  T_80.12, 4;
    %pushi/vec4 1, 0, 1;
    %store/vec4 v0x5b10b3d53b70_0, 0, 1;
    %load/vec4 v0x5b10b3a30f80_0;
    %load/vec4 v0x5b10b3c8c430_0;
    %cmp/u;
    %flag_get/vec4 5;
    %store/vec4 v0x5b10b3c0caa0_0, 0, 1;
    %jmp T_80.13;
T_80.12 ;
    %load/vec4 v0x5b10b3c21b40_0;
    %pushi/vec4 28799, 0, 32;
    %and;
    %cmpi/e 28771, 0, 32;
    %jmp/0xz  T_80.14, 4;
    %pushi/vec4 1, 0, 1;
    %store/vec4 v0x5b10b3d53b70_0, 0, 1;
    %load/vec4 v0x5b10b3c8c430_0;
    %load/vec4 v0x5b10b3a30f80_0;
    %cmp/u;
    %flag_get/vec4 4;
    %flag_get/vec4 5;
    %or;
    %store/vec4 v0x5b10b3c0caa0_0, 0, 1;
T_80.14 ;
T_80.13 ;
T_80.11 ;
T_80.9 ;
T_80.7 ;
T_80.5 ;
T_80.3 ;
T_80.1 ;
    %jmp T_80;
    .thread T_80, $push;
    .scope S_0x5b10b3c1b100;
T_81 ;
    %wait E_0x5b10b35fb970;
    %load/vec4 v0x5b10b3c8d4b0_0;
    %flag_set/vec4 8;
    %jmp/0xz  T_81.0, 8;
    %pushi/vec4 0, 0, 1;
    %assign/vec4 v0x5b10b3a1f950_0, 0;
    %pushi/vec4 0, 0, 1;
    %assign/vec4 v0x5b10b3d6e850_0, 0;
    %pushi/vec4 0, 0, 32;
    %assign/vec4 v0x5b10b3c8e570_0, 0;
    %pushi/vec4 0, 0, 32;
    %assign/vec4 v0x5b10b3c8e4d0_0, 0;
    %pushi/vec4 0, 0, 1;
    %assign/vec4 v0x5b10b3ccfd40_0, 0;
    %pushi/vec4 0, 0, 1;
    %assign/vec4 v0x5b10b3c53fb0_0, 0;
    %pushi/vec4 0, 0, 1;
    %assign/vec4 v0x5b10b3d6c9b0_0, 0;
    %jmp T_81.1;
T_81.0 ;
    %load/vec4 v0x5b10b3c8f680_0;
    %flag_set/vec4 8;
    %jmp/0xz  T_81.2, 8;
    %load/vec4 v0x5b10b3d53b70_0;
    %load/vec4 v0x5b10b3c8f680_0;
    %load/vec4 v0x5b10b3c0caa0_0;
    %and;
    %and;
    %assign/vec4 v0x5b10b3a1f950_0, 0;
    %load/vec4 v0x5b10b3d53b70_0;
    %load/vec4 v0x5b10b3c8f680_0;
    %load/vec4 v0x5b10b3c0caa0_0;
    %inv;
    %and;
    %and;
    %assign/vec4 v0x5b10b3d6e850_0, 0;
    %load/vec4 v0x5b10b3c0caa0_0;
    %flag_set/vec4 8;
    %jmp/0 T_81.4, 8;
    %load/vec4 v0x5b10b3c0cb60_0;
    %jmp/1 T_81.5, 8;
T_81.4 ; End of true expr.
    %load/vec4 v0x5b10b3c21c10_0;
    %addi 4, 0, 32;
    %jmp/0 T_81.5, 8;
 ; End of false expr.
    %blend;
T_81.5;
    %assign/vec4 v0x5b10b3c8e570_0, 0;
    %load/vec4 v0x5b10b3d53b70_0;
    %load/vec4 v0x5b10b3c8f680_0;
    %and;
    %load/vec4 v0x5b10b3d33ea0_0;
    %and;
    %assign/vec4 v0x5b10b3ccfd40_0, 0;
    %load/vec4 v0x5b10b3d53b70_0;
    %load/vec4 v0x5b10b3c8f680_0;
    %and;
    %load/vec4 v0x5b10b3c54050_0;
    %and;
    %assign/vec4 v0x5b10b3c53fb0_0, 0;
    %load/vec4 v0x5b10b3d53b70_0;
    %load/vec4 v0x5b10b3c8f680_0;
    %and;
    %load/vec4 v0x5b10b3d6ca50_0;
    %and;
    %assign/vec4 v0x5b10b3d6c9b0_0, 0;
    %load/vec4 v0x5b10b3c21c10_0;
    %assign/vec4 v0x5b10b3c8e4d0_0, 0;
T_81.2 ;
T_81.1 ;
    %jmp T_81;
    .thread T_81;
    .scope S_0x5b10b3c1d3c0;
T_82 ;
    %wait E_0x5b10b372f8a0;
    %load/vec4 v0x5b10b3ca8420_0;
    %assign/vec4 v0x5b10b3ca8500_0, 0;
    %load/vec4 v0x5b10b3ca8ea0_0;
    %assign/vec4 v0x5b10b3ca8b20_0, 0;
    %load/vec4 v0x5b10b3ca87a0_0;
    %assign/vec4 v0x5b10b3ca8880_0, 0;
    %jmp T_82;
    .thread T_82;
    .scope S_0x5b10b3c1d3c0;
T_83 ;
    %wait E_0x5b10b3737fc0;
    %load/vec4 v0x5b10b3ca8500_0;
    %dup/vec4;
    %pushi/vec4 1, 0, 4;
    %cmp/u;
    %jmp/1 T_83.0, 6;
    %dup/vec4;
    %pushi/vec4 2, 0, 4;
    %cmp/u;
    %jmp/1 T_83.1, 6;
    %dup/vec4;
    %pushi/vec4 3, 0, 4;
    %cmp/u;
    %jmp/1 T_83.2, 6;
    %dup/vec4;
    %pushi/vec4 4, 0, 4;
    %cmp/u;
    %jmp/1 T_83.3, 6;
    %dup/vec4;
    %pushi/vec4 6, 0, 4;
    %cmp/u;
    %jmp/1 T_83.4, 6;
    %dup/vec4;
    %pushi/vec4 7, 0, 4;
    %cmp/u;
    %jmp/1 T_83.5, 6;
    %dup/vec4;
    %pushi/vec4 8, 0, 4;
    %cmp/u;
    %jmp/1 T_83.6, 6;
    %dup/vec4;
    %pushi/vec4 9, 0, 4;
    %cmp/u;
    %jmp/1 T_83.7, 6;
    %dup/vec4;
    %pushi/vec4 10, 0, 4;
    %cmp/u;
    %jmp/1 T_83.8, 6;
    %dup/vec4;
    %pushi/vec4 11, 0, 4;
    %cmp/u;
    %jmp/1 T_83.9, 6;
    %load/vec4 v0x5b10b3ca8b20_0;
    %store/vec4 v0x5b10b3ca7e50_0, 0, 32;
    %jmp T_83.11;
T_83.0 ;
    %load/vec4 v0x5b10b3ca8b20_0;
    %load/vec4 v0x5b10b3ca8880_0;
    %parti/s 5, 0, 2;
    %ix/vec4 4;
    %shiftl 4;
    %store/vec4 v0x5b10b3ca7e50_0, 0, 32;
    %jmp T_83.11;
T_83.1 ;
    %load/vec4 v0x5b10b3ca8500_0;
    %cmpi/e 3, 0, 4;
    %jmp/0xz  T_83.12, 4;
    %load/vec4 v0x5b10b3ca8c00_0;
    %load/vec4 v0x5b10b3ca8880_0;
    %parti/s 5, 0, 2;
    %ix/vec4 4;
    %shiftr/s 4;
    %store/vec4 v0x5b10b3ca7e50_0, 0, 32;
    %jmp T_83.13;
T_83.12 ;
    %load/vec4 v0x5b10b3ca8b20_0;
    %load/vec4 v0x5b10b3ca8880_0;
    %parti/s 5, 0, 2;
    %ix/vec4 4;
    %shiftr 4;
    %store/vec4 v0x5b10b3ca7e50_0, 0, 32;
T_83.13 ;
    %jmp T_83.11;
T_83.2 ;
    %load/vec4 v0x5b10b3ca8500_0;
    %cmpi/e 3, 0, 4;
    %jmp/0xz  T_83.14, 4;
    %load/vec4 v0x5b10b3ca8c00_0;
    %load/vec4 v0x5b10b3ca8880_0;
    %parti/s 5, 0, 2;
    %ix/vec4 4;
    %shiftr/s 4;
    %store/vec4 v0x5b10b3ca7e50_0, 0, 32;
    %jmp T_83.15;
T_83.14 ;
    %load/vec4 v0x5b10b3ca8b20_0;
    %load/vec4 v0x5b10b3ca8880_0;
    %parti/s 5, 0, 2;
    %ix/vec4 4;
    %shiftr 4;
    %store/vec4 v0x5b10b3ca7e50_0, 0, 32;
T_83.15 ;
    %jmp T_83.11;
T_83.3 ;
    %load/vec4 v0x5b10b3ca8b20_0;
    %load/vec4 v0x5b10b3ca8880_0;
    %add;
    %store/vec4 v0x5b10b3ca7e50_0, 0, 32;
    %jmp T_83.11;
T_83.4 ;
    %load/vec4 v0x5b10b3ca7ac0_0;
    %store/vec4 v0x5b10b3ca7e50_0, 0, 32;
    %jmp T_83.11;
T_83.5 ;
    %load/vec4 v0x5b10b3ca8b20_0;
    %load/vec4 v0x5b10b3ca8880_0;
    %and;
    %store/vec4 v0x5b10b3ca7e50_0, 0, 32;
    %jmp T_83.11;
T_83.6 ;
    %load/vec4 v0x5b10b3ca8b20_0;
    %load/vec4 v0x5b10b3ca8880_0;
    %or;
    %store/vec4 v0x5b10b3ca7e50_0, 0, 32;
    %jmp T_83.11;
T_83.7 ;
    %load/vec4 v0x5b10b3ca8b20_0;
    %load/vec4 v0x5b10b3ca8880_0;
    %xor;
    %store/vec4 v0x5b10b3ca7e50_0, 0, 32;
    %jmp T_83.11;
T_83.8 ;
    %load/vec4 v0x5b10b3ca8b20_0;
    %load/vec4 v0x5b10b3ca8880_0;
    %cmp/u;
    %flag_mov 8, 5;
    %jmp/0 T_83.16, 8;
    %pushi/vec4 1, 0, 32;
    %jmp/1 T_83.17, 8;
T_83.16 ; End of true expr.
    %pushi/vec4 0, 0, 32;
    %jmp/0 T_83.17, 8;
 ; End of false expr.
    %blend;
T_83.17;
    %store/vec4 v0x5b10b3ca7e50_0, 0, 32;
    %jmp T_83.11;
T_83.9 ;
    %load/vec4 v0x5b10b3ca8b20_0;
    %parti/s 1, 31, 6;
    %load/vec4 v0x5b10b3ca8880_0;
    %parti/s 1, 31, 6;
    %cmp/ne;
    %jmp/0xz  T_83.18, 4;
    %load/vec4 v0x5b10b3ca8b20_0;
    %parti/s 1, 31, 6;
    %flag_set/vec4 8;
    %jmp/0 T_83.20, 8;
    %pushi/vec4 1, 0, 32;
    %jmp/1 T_83.21, 8;
T_83.20 ; End of true expr.
    %pushi/vec4 0, 0, 32;
    %jmp/0 T_83.21, 8;
 ; End of false expr.
    %blend;
T_83.21;
    %store/vec4 v0x5b10b3ca7e50_0, 0, 32;
    %jmp T_83.19;
T_83.18 ;
    %load/vec4 v0x5b10b3ca7ac0_0;
    %parti/s 1, 31, 6;
    %flag_set/vec4 8;
    %jmp/0 T_83.22, 8;
    %pushi/vec4 1, 0, 32;
    %jmp/1 T_83.23, 8;
T_83.22 ; End of true expr.
    %pushi/vec4 0, 0, 32;
    %jmp/0 T_83.23, 8;
 ; End of false expr.
    %blend;
T_83.23;
    %store/vec4 v0x5b10b3ca7e50_0, 0, 32;
T_83.19 ;
    %jmp T_83.11;
T_83.11 ;
    %pop/vec4 1;
    %jmp T_83;
    .thread T_83, $push;
    .scope S_0x5b10b3c1d3c0;
T_84 ;
    %wait E_0x5b10b372f8a0;
    %load/vec4 v0x5b10b3ca7e50_0;
    %assign/vec4 v0x5b10b3ca8180_0, 0;
    %jmp T_84;
    .thread T_84;
    .scope S_0x5b10b3befeb0;
T_85 ;
    %wait E_0x5b10b36b7290;
    %load/vec4 v0x5b10b36cbea0_0;
    %parti/s 20, 12, 5;
    %concati/vec4 0, 0, 12;
    %store/vec4 v0x5b10b3d10fc0_0, 0, 32;
    %load/vec4 v0x5b10b36cbea0_0;
    %parti/s 1, 31, 6;
    %replicate 20;
    %load/vec4 v0x5b10b36cbea0_0;
    %parti/s 12, 20, 6;
    %concat/vec4; draw_concat_vec4
    %store/vec4 v0x5b10b3d10ee0_0, 0, 32;
    %load/vec4 v0x5b10b36cbea0_0;
    %parti/s 1, 31, 6;
    %replicate 19;
    %load/vec4 v0x5b10b36cbea0_0;
    %parti/s 1, 31, 6;
    %concat/vec4; draw_concat_vec4
    %load/vec4 v0x5b10b36cbea0_0;
    %parti/s 1, 7, 4;
    %concat/vec4; draw_concat_vec4
    %load/vec4 v0x5b10b36cbea0_0;
    %parti/s 6, 25, 6;
    %concat/vec4; draw_concat_vec4
    %load/vec4 v0x5b10b36cbea0_0;
    %parti/s 4, 8, 5;
    %concat/vec4; draw_concat_vec4
    %concati/vec4 0, 0, 1;
    %store/vec4 v0x5b10b3d33460_0, 0, 32;
    %load/vec4 v0x5b10b36cbea0_0;
    %parti/s 1, 31, 6;
    %replicate 12;
    %load/vec4 v0x5b10b36cbea0_0;
    %parti/s 8, 12, 5;
    %concat/vec4; draw_concat_vec4
    %load/vec4 v0x5b10b36cbea0_0;
    %parti/s 1, 20, 6;
    %concat/vec4; draw_concat_vec4
    %load/vec4 v0x5b10b36cbea0_0;
    %parti/s 6, 25, 6;
    %concat/vec4; draw_concat_vec4
    %load/vec4 v0x5b10b36cbea0_0;
    %parti/s 4, 21, 6;
    %concat/vec4; draw_concat_vec4
    %concati/vec4 0, 0, 1;
    %store/vec4 v0x5b10b3d092e0_0, 0, 32;
    %load/vec4 v0x5b10b36cbea0_0;
    %parti/s 5, 20, 6;
    %store/vec4 v0x5b10b3d0fc20_0, 0, 5;
    %jmp T_85;
    .thread T_85, $push;
    .scope S_0x5b10b3befeb0;
T_86 ;
    %wait E_0x5b10b36b7210;
    %pushi/vec4 0, 0, 4;
    %store/vec4 v0x5b10b3d33b80_0, 0, 4;
    %pushi/vec4 0, 0, 32;
    %store/vec4 v0x5b10b3d33740_0, 0, 32;
    %pushi/vec4 0, 0, 32;
    %store/vec4 v0x5b10b3d33810_0, 0, 32;
    %load/vec4 v0x5b10b36cbea0_0;
    %pushi/vec4 4261441663, 0, 32;
    %and;
    %cmpi/e 51, 0, 32;
    %jmp/0xz  T_86.0, 4;
    %pushi/vec4 4, 0, 4;
    %store/vec4 v0x5b10b3d33b80_0, 0, 4;
    %load/vec4 v0x5b10b3d10b00_0;
    %store/vec4 v0x5b10b3d33740_0, 0, 32;
    %load/vec4 v0x5b10b3d10720_0;
    %store/vec4 v0x5b10b3d33810_0, 0, 32;
    %jmp T_86.1;
T_86.0 ;
    %load/vec4 v0x5b10b36cbea0_0;
    %pushi/vec4 4261441663, 0, 32;
    %and;
    %cmpi/e 28723, 0, 32;
    %jmp/0xz  T_86.2, 4;
    %pushi/vec4 7, 0, 4;
    %store/vec4 v0x5b10b3d33b80_0, 0, 4;
    %load/vec4 v0x5b10b3d10b00_0;
    %store/vec4 v0x5b10b3d33740_0, 0, 32;
    %load/vec4 v0x5b10b3d10720_0;
    %store/vec4 v0x5b10b3d33810_0, 0, 32;
    %jmp T_86.3;
T_86.2 ;
    %load/vec4 v0x5b10b36cbea0_0;
    %pushi/vec4 4261441663, 0, 32;
    %and;
    %cmpi/e 24627, 0, 32;
    %jmp/0xz  T_86.4, 4;
    %pushi/vec4 8, 0, 4;
    %store/vec4 v0x5b10b3d33b80_0, 0, 4;
    %load/vec4 v0x5b10b3d10b00_0;
    %store/vec4 v0x5b10b3d33740_0, 0, 32;
    %load/vec4 v0x5b10b3d10720_0;
    %store/vec4 v0x5b10b3d33810_0, 0, 32;
    %jmp T_86.5;
T_86.4 ;
    %load/vec4 v0x5b10b36cbea0_0;
    %pushi/vec4 4261441663, 0, 32;
    %and;
    %cmpi/e 4147, 0, 32;
    %jmp/0xz  T_86.6, 4;
    %pushi/vec4 1, 0, 4;
    %store/vec4 v0x5b10b3d33b80_0, 0, 4;
    %load/vec4 v0x5b10b3d10b00_0;
    %store/vec4 v0x5b10b3d33740_0, 0, 32;
    %load/vec4 v0x5b10b3d10720_0;
    %store/vec4 v0x5b10b3d33810_0, 0, 32;
    %jmp T_86.7;
T_86.6 ;
    %load/vec4 v0x5b10b36cbea0_0;
    %pushi/vec4 4261441663, 0, 32;
    %and;
    %cmpi/e 1073762355, 0, 32;
    %jmp/0xz  T_86.8, 4;
    %pushi/vec4 3, 0, 4;
    %store/vec4 v0x5b10b3d33b80_0, 0, 4;
    %load/vec4 v0x5b10b3d10b00_0;
    %store/vec4 v0x5b10b3d33740_0, 0, 32;
    %load/vec4 v0x5b10b3d10720_0;
    %store/vec4 v0x5b10b3d33810_0, 0, 32;
    %jmp T_86.9;
T_86.8 ;
    %load/vec4 v0x5b10b36cbea0_0;
    %pushi/vec4 4261441663, 0, 32;
    %and;
    %cmpi/e 20531, 0, 32;
    %jmp/0xz  T_86.10, 4;
    %pushi/vec4 2, 0, 4;
    %store/vec4 v0x5b10b3d33b80_0, 0, 4;
    %load/vec4 v0x5b10b3d10b00_0;
    %store/vec4 v0x5b10b3d33740_0, 0, 32;
    %load/vec4 v0x5b10b3d10720_0;
    %store/vec4 v0x5b10b3d33810_0, 0, 32;
    %jmp T_86.11;
T_86.10 ;
    %load/vec4 v0x5b10b36cbea0_0;
    %pushi/vec4 4261441663, 0, 32;
    %and;
    %cmpi/e 1073741875, 0, 32;
    %jmp/0xz  T_86.12, 4;
    %pushi/vec4 6, 0, 4;
    %store/vec4 v0x5b10b3d33b80_0, 0, 4;
    %load/vec4 v0x5b10b3d10b00_0;
    %store/vec4 v0x5b10b3d33740_0, 0, 32;
    %load/vec4 v0x5b10b3d10720_0;
    %store/vec4 v0x5b10b3d33810_0, 0, 32;
    %jmp T_86.13;
T_86.12 ;
    %load/vec4 v0x5b10b36cbea0_0;
    %pushi/vec4 4261441663, 0, 32;
    %and;
    %cmpi/e 16435, 0, 32;
    %jmp/0xz  T_86.14, 4;
    %pushi/vec4 9, 0, 4;
    %store/vec4 v0x5b10b3d33b80_0, 0, 4;
    %load/vec4 v0x5b10b3d10b00_0;
    %store/vec4 v0x5b10b3d33740_0, 0, 32;
    %load/vec4 v0x5b10b3d10720_0;
    %store/vec4 v0x5b10b3d33810_0, 0, 32;
    %jmp T_86.15;
T_86.14 ;
    %load/vec4 v0x5b10b36cbea0_0;
    %pushi/vec4 4261441663, 0, 32;
    %and;
    %cmpi/e 8243, 0, 32;
    %jmp/0xz  T_86.16, 4;
    %pushi/vec4 11, 0, 4;
    %store/vec4 v0x5b10b3d33b80_0, 0, 4;
    %load/vec4 v0x5b10b3d10b00_0;
    %store/vec4 v0x5b10b3d33740_0, 0, 32;
    %load/vec4 v0x5b10b3d10720_0;
    %store/vec4 v0x5b10b3d33810_0, 0, 32;
    %jmp T_86.17;
T_86.16 ;
    %load/vec4 v0x5b10b36cbea0_0;
    %pushi/vec4 4261441663, 0, 32;
    %and;
    %cmpi/e 12339, 0, 32;
    %jmp/0xz  T_86.18, 4;
    %pushi/vec4 10, 0, 4;
    %store/vec4 v0x5b10b3d33b80_0, 0, 4;
    %load/vec4 v0x5b10b3d10b00_0;
    %store/vec4 v0x5b10b3d33740_0, 0, 32;
    %load/vec4 v0x5b10b3d10720_0;
    %store/vec4 v0x5b10b3d33810_0, 0, 32;
    %jmp T_86.19;
T_86.18 ;
    %load/vec4 v0x5b10b36cbea0_0;
    %pushi/vec4 28799, 0, 32;
    %and;
    %cmpi/e 19, 0, 32;
    %jmp/0xz  T_86.20, 4;
    %pushi/vec4 4, 0, 4;
    %store/vec4 v0x5b10b3d33b80_0, 0, 4;
    %load/vec4 v0x5b10b3d10b00_0;
    %store/vec4 v0x5b10b3d33740_0, 0, 32;
    %load/vec4 v0x5b10b3d10ee0_0;
    %store/vec4 v0x5b10b3d33810_0, 0, 32;
    %jmp T_86.21;
T_86.20 ;
    %load/vec4 v0x5b10b36cbea0_0;
    %pushi/vec4 28799, 0, 32;
    %and;
    %cmpi/e 28691, 0, 32;
    %jmp/0xz  T_86.22, 4;
    %pushi/vec4 7, 0, 4;
    %store/vec4 v0x5b10b3d33b80_0, 0, 4;
    %load/vec4 v0x5b10b3d10b00_0;
    %store/vec4 v0x5b10b3d33740_0, 0, 32;
    %load/vec4 v0x5b10b3d10ee0_0;
    %store/vec4 v0x5b10b3d33810_0, 0, 32;
    %jmp T_86.23;
T_86.22 ;
    %load/vec4 v0x5b10b36cbea0_0;
    %pushi/vec4 28799, 0, 32;
    %and;
    %cmpi/e 8211, 0, 32;
    %jmp/0xz  T_86.24, 4;
    %pushi/vec4 11, 0, 4;
    %store/vec4 v0x5b10b3d33b80_0, 0, 4;
    %load/vec4 v0x5b10b3d10b00_0;
    %store/vec4 v0x5b10b3d33740_0, 0, 32;
    %load/vec4 v0x5b10b3d10ee0_0;
    %store/vec4 v0x5b10b3d33810_0, 0, 32;
    %jmp T_86.25;
T_86.24 ;
    %load/vec4 v0x5b10b36cbea0_0;
    %pushi/vec4 28799, 0, 32;
    %and;
    %cmpi/e 12307, 0, 32;
    %jmp/0xz  T_86.26, 4;
    %pushi/vec4 10, 0, 4;
    %store/vec4 v0x5b10b3d33b80_0, 0, 4;
    %load/vec4 v0x5b10b3d10b00_0;
    %store/vec4 v0x5b10b3d33740_0, 0, 32;
    %load/vec4 v0x5b10b3d10ee0_0;
    %store/vec4 v0x5b10b3d33810_0, 0, 32;
    %jmp T_86.27;
T_86.26 ;
    %load/vec4 v0x5b10b36cbea0_0;
    %pushi/vec4 28799, 0, 32;
    %and;
    %cmpi/e 24595, 0, 32;
    %jmp/0xz  T_86.28, 4;
    %pushi/vec4 8, 0, 4;
    %store/vec4 v0x5b10b3d33b80_0, 0, 4;
    %load/vec4 v0x5b10b3d10b00_0;
    %store/vec4 v0x5b10b3d33740_0, 0, 32;
    %load/vec4 v0x5b10b3d10ee0_0;
    %store/vec4 v0x5b10b3d33810_0, 0, 32;
    %jmp T_86.29;
T_86.28 ;
    %load/vec4 v0x5b10b36cbea0_0;
    %pushi/vec4 28799, 0, 32;
    %and;
    %cmpi/e 16403, 0, 32;
    %jmp/0xz  T_86.30, 4;
    %pushi/vec4 9, 0, 4;
    %store/vec4 v0x5b10b3d33b80_0, 0, 4;
    %load/vec4 v0x5b10b3d10b00_0;
    %store/vec4 v0x5b10b3d33740_0, 0, 32;
    %load/vec4 v0x5b10b3d10ee0_0;
    %store/vec4 v0x5b10b3d33810_0, 0, 32;
    %jmp T_86.31;
T_86.30 ;
    %load/vec4 v0x5b10b36cbea0_0;
    %pushi/vec4 4227887231, 0, 32;
    %and;
    %cmpi/e 4115, 0, 32;
    %jmp/0xz  T_86.32, 4;
    %pushi/vec4 1, 0, 4;
    %store/vec4 v0x5b10b3d33b80_0, 0, 4;
    %load/vec4 v0x5b10b3d10b00_0;
    %store/vec4 v0x5b10b3d33740_0, 0, 32;
    %pushi/vec4 0, 0, 27;
    %load/vec4 v0x5b10b3d0fc20_0;
    %concat/vec4; draw_concat_vec4
    %store/vec4 v0x5b10b3d33810_0, 0, 32;
    %jmp T_86.33;
T_86.32 ;
    %load/vec4 v0x5b10b36cbea0_0;
    %pushi/vec4 4227887231, 0, 32;
    %and;
    %cmpi/e 20499, 0, 32;
    %jmp/0xz  T_86.34, 4;
    %pushi/vec4 2, 0, 4;
    %store/vec4 v0x5b10b3d33b80_0, 0, 4;
    %load/vec4 v0x5b10b3d10b00_0;
    %store/vec4 v0x5b10b3d33740_0, 0, 32;
    %pushi/vec4 0, 0, 27;
    %load/vec4 v0x5b10b3d0fc20_0;
    %concat/vec4; draw_concat_vec4
    %store/vec4 v0x5b10b3d33810_0, 0, 32;
    %jmp T_86.35;
T_86.34 ;
    %load/vec4 v0x5b10b36cbea0_0;
    %pushi/vec4 4227887231, 0, 32;
    %and;
    %cmpi/e 1073762323, 0, 32;
    %jmp/0xz  T_86.36, 4;
    %pushi/vec4 3, 0, 4;
    %store/vec4 v0x5b10b3d33b80_0, 0, 4;
    %load/vec4 v0x5b10b3d10b00_0;
    %store/vec4 v0x5b10b3d33740_0, 0, 32;
    %pushi/vec4 0, 0, 27;
    %load/vec4 v0x5b10b3d0fc20_0;
    %concat/vec4; draw_concat_vec4
    %store/vec4 v0x5b10b3d33810_0, 0, 32;
    %jmp T_86.37;
T_86.36 ;
    %load/vec4 v0x5b10b36cbea0_0;
    %pushi/vec4 127, 0, 32;
    %and;
    %cmpi/e 55, 0, 32;
    %jmp/0xz  T_86.38, 4;
    %load/vec4 v0x5b10b3d10fc0_0;
    %store/vec4 v0x5b10b3d33740_0, 0, 32;
    %jmp T_86.39;
T_86.38 ;
    %load/vec4 v0x5b10b36cbea0_0;
    %pushi/vec4 127, 0, 32;
    %and;
    %cmpi/e 23, 0, 32;
    %jmp/0xz  T_86.40, 4;
    %pushi/vec4 4, 0, 4;
    %store/vec4 v0x5b10b3d33b80_0, 0, 4;
    %load/vec4 v0x5b10b36cbf80_0;
    %store/vec4 v0x5b10b3d33740_0, 0, 32;
    %load/vec4 v0x5b10b3d10fc0_0;
    %store/vec4 v0x5b10b3d33810_0, 0, 32;
    %jmp T_86.41;
T_86.40 ;
    %load/vec4 v0x5b10b36cbea0_0;
    %pushi/vec4 127, 0, 32;
    %and;
    %cmpi/e 111, 0, 32;
    %flag_mov 8, 4;
    %load/vec4 v0x5b10b36cbea0_0;
    %pushi/vec4 28799, 0, 32;
    %and;
    %cmpi/e 103, 0, 32;
    %flag_or 4, 8;
    %jmp/0xz  T_86.42, 4;
    %pushi/vec4 4, 0, 4;
    %store/vec4 v0x5b10b3d33b80_0, 0, 4;
    %load/vec4 v0x5b10b36cbf80_0;
    %store/vec4 v0x5b10b3d33740_0, 0, 32;
    %pushi/vec4 4, 0, 32;
    %store/vec4 v0x5b10b3d33810_0, 0, 32;
T_86.42 ;
T_86.41 ;
T_86.39 ;
T_86.37 ;
T_86.35 ;
T_86.33 ;
T_86.31 ;
T_86.29 ;
T_86.27 ;
T_86.25 ;
T_86.23 ;
T_86.21 ;
T_86.19 ;
T_86.17 ;
T_86.15 ;
T_86.13 ;
T_86.11 ;
T_86.9 ;
T_86.7 ;
T_86.5 ;
T_86.3 ;
T_86.1 ;
    %jmp T_86;
    .thread T_86, $push;
    .scope S_0x5b10b3befeb0;
T_87 ;
    %wait E_0x5b10b35fb970;
    %load/vec4 v0x5b10b3d0fb80_0;
    %flag_set/vec4 8;
    %jmp/0xz  T_87.0, 8;
    %pushi/vec4 0, 0, 32;
    %assign/vec4 v0x5b10b3d10040_0, 0;
    %jmp T_87.1;
T_87.0 ;
    %load/vec4 v0x5b10b3d09760_0;
    %inv;
    %flag_set/vec4 8;
    %jmp/0xz  T_87.2, 8;
    %load/vec4 v0x5b10b3d333c0_0;
    %assign/vec4 v0x5b10b3d10040_0, 0;
T_87.2 ;
T_87.1 ;
    %jmp T_87;
    .thread T_87;
    .scope S_0x5b10b3befeb0;
T_88 ;
    %wait E_0x5b10b36b71b0;
    %pushi/vec4 0, 0, 1;
    %store/vec4 v0x5b10b3ca38e0_0, 0, 1;
    %pushi/vec4 0, 0, 1;
    %store/vec4 v0x5b10b3cf7290_0, 0, 1;
    %pushi/vec4 0, 0, 1;
    %store/vec4 v0x5b10b3d33100_0, 0, 1;
    %pushi/vec4 0, 0, 1;
    %store/vec4 v0x5b10b3d03ec0_0, 0, 1;
    %pushi/vec4 0, 0, 1;
    %store/vec4 v0x5b10b3d2c940_0, 0, 1;
    %load/vec4 v0x5b10b36cbf80_0;
    %load/vec4 v0x5b10b3d33460_0;
    %add;
    %store/vec4 v0x5b10b3cf7350_0, 0, 32;
    %load/vec4 v0x5b10b36cbea0_0;
    %pushi/vec4 127, 0, 32;
    %and;
    %cmpi/e 111, 0, 32;
    %jmp/0xz  T_88.0, 4;
    %pushi/vec4 1, 0, 1;
    %store/vec4 v0x5b10b3ca38e0_0, 0, 1;
    %pushi/vec4 1, 0, 1;
    %store/vec4 v0x5b10b3cf7290_0, 0, 1;
    %load/vec4 v0x5b10b36cbf80_0;
    %load/vec4 v0x5b10b3d092e0_0;
    %add;
    %store/vec4 v0x5b10b3cf7350_0, 0, 32;
    %load/vec4 v0x5b10b3d107e0_0;
    %pushi/vec4 1, 0, 5;
    %cmp/e;
    %flag_get/vec4 4;
    %store/vec4 v0x5b10b3d33100_0, 0, 1;
    %pushi/vec4 1, 0, 1;
    %store/vec4 v0x5b10b3d2c940_0, 0, 1;
    %jmp T_88.1;
T_88.0 ;
    %load/vec4 v0x5b10b36cbea0_0;
    %pushi/vec4 28799, 0, 32;
    %and;
    %cmpi/e 103, 0, 32;
    %jmp/0xz  T_88.2, 4;
    %pushi/vec4 1, 0, 1;
    %store/vec4 v0x5b10b3ca38e0_0, 0, 1;
    %pushi/vec4 1, 0, 1;
    %store/vec4 v0x5b10b3cf7290_0, 0, 1;
    %load/vec4 v0x5b10b3d10b00_0;
    %load/vec4 v0x5b10b3d10ee0_0;
    %add;
    %store/vec4 v0x5b10b3cf7350_0, 0, 32;
    %pushi/vec4 0, 0, 1;
    %ix/load 4, 0, 0;
    %flag_set/imm 4, 0;
    %store/vec4 v0x5b10b3cf7350_0, 4, 1;
    %load/vec4 v0x5b10b3d09380_0;
    %pushi/vec4 1, 0, 5;
    %cmp/e;
    %flag_get/vec4 4;
    %load/vec4 v0x5b10b3d10ee0_0;
    %parti/s 12, 0, 2;
    %pushi/vec4 0, 0, 12;
    %cmp/e;
    %flag_get/vec4 4;
    %and;
    %store/vec4 v0x5b10b3d03ec0_0, 0, 1;
    %load/vec4 v0x5b10b3d03ec0_0;
    %inv;
    %load/vec4 v0x5b10b3d107e0_0;
    %pushi/vec4 1, 0, 5;
    %cmp/e;
    %flag_get/vec4 4;
    %and;
    %store/vec4 v0x5b10b3d33100_0, 0, 1;
    %load/vec4 v0x5b10b3d33100_0;
    %load/vec4 v0x5b10b3d03ec0_0;
    %or;
    %inv;
    %store/vec4 v0x5b10b3d2c940_0, 0, 1;
    %jmp T_88.3;
T_88.2 ;
    %load/vec4 v0x5b10b36cbea0_0;
    %pushi/vec4 28799, 0, 32;
    %and;
    %cmpi/e 99, 0, 32;
    %jmp/0xz  T_88.4, 4;
    %pushi/vec4 1, 0, 1;
    %store/vec4 v0x5b10b3ca38e0_0, 0, 1;
    %load/vec4 v0x5b10b3d10b00_0;
    %load/vec4 v0x5b10b3d10720_0;
    %cmp/e;
    %flag_get/vec4 4;
    %store/vec4 v0x5b10b3cf7290_0, 0, 1;
    %jmp T_88.5;
T_88.4 ;
    %load/vec4 v0x5b10b36cbea0_0;
    %pushi/vec4 28799, 0, 32;
    %and;
    %cmpi/e 4195, 0, 32;
    %jmp/0xz  T_88.6, 4;
    %pushi/vec4 1, 0, 1;
    %store/vec4 v0x5b10b3ca38e0_0, 0, 1;
    %load/vec4 v0x5b10b3d10b00_0;
    %load/vec4 v0x5b10b3d10720_0;
    %cmp/ne;
    %flag_get/vec4 4;
    %store/vec4 v0x5b10b3cf7290_0, 0, 1;
    %jmp T_88.7;
T_88.6 ;
    %load/vec4 v0x5b10b36cbea0_0;
    %pushi/vec4 28799, 0, 32;
    %and;
    %cmpi/e 16483, 0, 32;
    %jmp/0xz  T_88.8, 4;
    %pushi/vec4 1, 0, 1;
    %store/vec4 v0x5b10b3ca38e0_0, 0, 1;
    %load/vec4 v0x5b10b3d10b00_0;
    %load/vec4 v0x5b10b3d10720_0;
    %store/vec4 v0x5b10b3c1d010_0, 0, 32;
    %store/vec4 v0x5b10b3c1c850_0, 0, 32;
    %callf/vec4 TD_tb_top.u_dut.u_exec1.less_than_signed, S_0x5b10b3bef3a0;
    %store/vec4 v0x5b10b3cf7290_0, 0, 1;
    %jmp T_88.9;
T_88.8 ;
    %load/vec4 v0x5b10b36cbea0_0;
    %pushi/vec4 28799, 0, 32;
    %and;
    %cmpi/e 20579, 0, 32;
    %jmp/0xz  T_88.10, 4;
    %pushi/vec4 1, 0, 1;
    %store/vec4 v0x5b10b3ca38e0_0, 0, 1;
    %load/vec4 v0x5b10b3d10b00_0;
    %load/vec4 v0x5b10b3d10720_0;
    %store/vec4 v0x5b10b39c1840_0, 0, 32;
    %store/vec4 v0x5b10b39c24d0_0, 0, 32;
    %callf/vec4 TD_tb_top.u_dut.u_exec1.greater_than_signed, S_0x5b10b3bec3c0;
    %load/vec4 v0x5b10b3d10b00_0;
    %load/vec4 v0x5b10b3d10720_0;
    %cmp/e;
    %flag_get/vec4 4;
    %or;
    %store/vec4 v0x5b10b3cf7290_0, 0, 1;
    %jmp T_88.11;
T_88.10 ;
    %load/vec4 v0x5b10b36cbea0_0;
    %pushi/vec4 28799, 0, 32;
    %and;
    %cmpi/e 24675, 0, 32;
    %jmp/0xz  T_88.12, 4;
    %pushi/vec4 1, 0, 1;
    %store/vec4 v0x5b10b3ca38e0_0, 0, 1;
    %load/vec4 v0x5b10b3d10b00_0;
    %load/vec4 v0x5b10b3d10720_0;
    %cmp/u;
    %flag_get/vec4 5;
    %store/vec4 v0x5b10b3cf7290_0, 0, 1;
    %jmp T_88.13;
T_88.12 ;
    %load/vec4 v0x5b10b36cbea0_0;
    %pushi/vec4 28799, 0, 32;
    %and;
    %cmpi/e 28771, 0, 32;
    %jmp/0xz  T_88.14, 4;
    %pushi/vec4 1, 0, 1;
    %store/vec4 v0x5b10b3ca38e0_0, 0, 1;
    %load/vec4 v0x5b10b3d10720_0;
    %load/vec4 v0x5b10b3d10b00_0;
    %cmp/u;
    %flag_get/vec4 4;
    %flag_get/vec4 5;
    %or;
    %store/vec4 v0x5b10b3cf7290_0, 0, 1;
T_88.14 ;
T_88.13 ;
T_88.11 ;
T_88.9 ;
T_88.7 ;
T_88.5 ;
T_88.3 ;
T_88.1 ;
    %jmp T_88;
    .thread T_88, $push;
    .scope S_0x5b10b3befeb0;
T_89 ;
    %wait E_0x5b10b35fb970;
    %load/vec4 v0x5b10b3d0fb80_0;
    %flag_set/vec4 8;
    %jmp/0xz  T_89.0, 8;
    %pushi/vec4 0, 0, 1;
    %assign/vec4 v0x5b10b3d029b0_0, 0;
    %pushi/vec4 0, 0, 1;
    %assign/vec4 v0x5b10b3d2c100_0, 0;
    %pushi/vec4 0, 0, 32;
    %assign/vec4 v0x5b10b3d0ff60_0, 0;
    %pushi/vec4 0, 0, 32;
    %assign/vec4 v0x5b10b3d10400_0, 0;
    %pushi/vec4 0, 0, 1;
    %assign/vec4 v0x5b10b3d33040_0, 0;
    %pushi/vec4 0, 0, 1;
    %assign/vec4 v0x5b10b3d03e00_0, 0;
    %pushi/vec4 0, 0, 1;
    %assign/vec4 v0x5b10b3d2c880_0, 0;
    %jmp T_89.1;
T_89.0 ;
    %load/vec4 v0x5b10b3d10340_0;
    %flag_set/vec4 8;
    %jmp/0xz  T_89.2, 8;
    %load/vec4 v0x5b10b3ca38e0_0;
    %load/vec4 v0x5b10b3d10340_0;
    %load/vec4 v0x5b10b3cf7290_0;
    %and;
    %and;
    %assign/vec4 v0x5b10b3d029b0_0, 0;
    %load/vec4 v0x5b10b3ca38e0_0;
    %load/vec4 v0x5b10b3d10340_0;
    %load/vec4 v0x5b10b3cf7290_0;
    %inv;
    %and;
    %and;
    %assign/vec4 v0x5b10b3d2c100_0, 0;
    %load/vec4 v0x5b10b3cf7290_0;
    %flag_set/vec4 8;
    %jmp/0 T_89.4, 8;
    %load/vec4 v0x5b10b3cf7350_0;
    %jmp/1 T_89.5, 8;
T_89.4 ; End of true expr.
    %load/vec4 v0x5b10b36cbf80_0;
    %addi 4, 0, 32;
    %jmp/0 T_89.5, 8;
 ; End of false expr.
    %blend;
T_89.5;
    %assign/vec4 v0x5b10b3d0ff60_0, 0;
    %load/vec4 v0x5b10b3ca38e0_0;
    %load/vec4 v0x5b10b3d10340_0;
    %and;
    %load/vec4 v0x5b10b3d33100_0;
    %and;
    %assign/vec4 v0x5b10b3d33040_0, 0;
    %load/vec4 v0x5b10b3ca38e0_0;
    %load/vec4 v0x5b10b3d10340_0;
    %and;
    %load/vec4 v0x5b10b3d03ec0_0;
    %and;
    %assign/vec4 v0x5b10b3d03e00_0, 0;
    %load/vec4 v0x5b10b3ca38e0_0;
    %load/vec4 v0x5b10b3d10340_0;
    %and;
    %load/vec4 v0x5b10b3d2c940_0;
    %and;
    %assign/vec4 v0x5b10b3d2c880_0, 0;
    %load/vec4 v0x5b10b36cbf80_0;
    %assign/vec4 v0x5b10b3d10400_0, 0;
T_89.2 ;
T_89.1 ;
    %jmp T_89;
    .thread T_89;
    .scope S_0x5b10b3e61040;
T_90 ;
    %wait E_0x5b10b372f8a0;
    %load/vec4 v0x5b10b3e61dd0_0;
    %parti/s 1, 0, 2;
    %flag_set/vec4 8;
    %jmp/0xz  T_90.0, 8;
    %load/vec4 v0x5b10b3e61640_0;
    %parti/s 8, 0, 2;
    %load/vec4 v0x5b10b3e61320_0;
    %pad/u 16;
    %ix/vec4 3;
    %ix/load 4, 0, 0; Constant delay
    %assign/vec4/a/d v0x5b10b3e61980, 0, 4;
T_90.0 ;
    %load/vec4 v0x5b10b3e61dd0_0;
    %parti/s 1, 1, 2;
    %flag_set/vec4 8;
    %jmp/0xz  T_90.2, 8;
    %load/vec4 v0x5b10b3e61640_0;
    %parti/s 8, 8, 5;
    %load/vec4 v0x5b10b3e61320_0;
    %pad/u 16;
    %ix/vec4 3;
    %ix/load 4, 8, 0; part off
    %ix/load 5, 0, 0; Constant delay
    %assign/vec4/a/d v0x5b10b3e61980, 4, 5;
T_90.2 ;
    %load/vec4 v0x5b10b3e61dd0_0;
    %parti/s 1, 2, 3;
    %flag_set/vec4 8;
    %jmp/0xz  T_90.4, 8;
    %load/vec4 v0x5b10b3e61640_0;
    %parti/s 8, 16, 6;
    %load/vec4 v0x5b10b3e61320_0;
    %pad/u 16;
    %ix/vec4 3;
    %ix/load 4, 16, 0; part off
    %ix/load 5, 0, 0; Constant delay
    %assign/vec4/a/d v0x5b10b3e61980, 4, 5;
T_90.4 ;
    %load/vec4 v0x5b10b3e61dd0_0;
    %parti/s 1, 3, 3;
    %flag_set/vec4 8;
    %jmp/0xz  T_90.6, 8;
    %load/vec4 v0x5b10b3e61640_0;
    %parti/s 8, 24, 6;
    %load/vec4 v0x5b10b3e61320_0;
    %pad/u 16;
    %ix/vec4 3;
    %ix/load 4, 24, 0; part off
    %ix/load 5, 0, 0; Constant delay
    %assign/vec4/a/d v0x5b10b3e61980, 4, 5;
T_90.6 ;
    %load/vec4 v0x5b10b3e61dd0_0;
    %parti/s 1, 4, 4;
    %flag_set/vec4 8;
    %jmp/0xz  T_90.8, 8;
    %load/vec4 v0x5b10b3e61640_0;
    %parti/s 8, 32, 7;
    %load/vec4 v0x5b10b3e61320_0;
    %pad/u 16;
    %ix/vec4 3;
    %ix/load 4, 32, 0; part off
    %ix/load 5, 0, 0; Constant delay
    %assign/vec4/a/d v0x5b10b3e61980, 4, 5;
T_90.8 ;
    %load/vec4 v0x5b10b3e61dd0_0;
    %parti/s 1, 5, 4;
    %flag_set/vec4 8;
    %jmp/0xz  T_90.10, 8;
    %load/vec4 v0x5b10b3e61640_0;
    %parti/s 8, 40, 7;
    %load/vec4 v0x5b10b3e61320_0;
    %pad/u 16;
    %ix/vec4 3;
    %ix/load 4, 40, 0; part off
    %ix/load 5, 0, 0; Constant delay
    %assign/vec4/a/d v0x5b10b3e61980, 4, 5;
T_90.10 ;
    %load/vec4 v0x5b10b3e61dd0_0;
    %parti/s 1, 6, 4;
    %flag_set/vec4 8;
    %jmp/0xz  T_90.12, 8;
    %load/vec4 v0x5b10b3e61640_0;
    %parti/s 8, 48, 7;
    %load/vec4 v0x5b10b3e61320_0;
    %pad/u 16;
    %ix/vec4 3;
    %ix/load 4, 48, 0; part off
    %ix/load 5, 0, 0; Constant delay
    %assign/vec4/a/d v0x5b10b3e61980, 4, 5;
T_90.12 ;
    %load/vec4 v0x5b10b3e61dd0_0;
    %parti/s 1, 7, 4;
    %flag_set/vec4 8;
    %jmp/0xz  T_90.14, 8;
    %load/vec4 v0x5b10b3e61640_0;
    %parti/s 8, 56, 7;
    %load/vec4 v0x5b10b3e61320_0;
    %pad/u 16;
    %ix/vec4 3;
    %ix/load 4, 56, 0; part off
    %ix/load 5, 0, 0; Constant delay
    %assign/vec4/a/d v0x5b10b3e61980, 4, 5;
T_90.14 ;
    %load/vec4 v0x5b10b3e61320_0;
    %pad/u 16;
    %ix/vec4 4;
    %load/vec4a v0x5b10b3e61980, 4;
    %assign/vec4 v0x5b10b3e61ad0_0, 0;
    %jmp T_90;
    .thread T_90;
    .scope S_0x5b10b3e61040;
T_91 ;
    %wait E_0x5b10b372f8a0;
    %load/vec4 v0x5b10b3e61eb0_0;
    %parti/s 1, 0, 2;
    %flag_set/vec4 8;
    %jmp/0xz  T_91.0, 8;
    %load/vec4 v0x5b10b3e617c0_0;
    %parti/s 8, 0, 2;
    %load/vec4 v0x5b10b3e61420_0;
    %pad/u 16;
    %ix/vec4 3;
    %ix/load 4, 0, 0; Constant delay
    %assign/vec4/a/d v0x5b10b3e61980, 0, 4;
T_91.0 ;
    %load/vec4 v0x5b10b3e61eb0_0;
    %parti/s 1, 1, 2;
    %flag_set/vec4 8;
    %jmp/0xz  T_91.2, 8;
    %load/vec4 v0x5b10b3e617c0_0;
    %parti/s 8, 8, 5;
    %load/vec4 v0x5b10b3e61420_0;
    %pad/u 16;
    %ix/vec4 3;
    %ix/load 4, 8, 0; part off
    %ix/load 5, 0, 0; Constant delay
    %assign/vec4/a/d v0x5b10b3e61980, 4, 5;
T_91.2 ;
    %load/vec4 v0x5b10b3e61eb0_0;
    %parti/s 1, 2, 3;
    %flag_set/vec4 8;
    %jmp/0xz  T_91.4, 8;
    %load/vec4 v0x5b10b3e617c0_0;
    %parti/s 8, 16, 6;
    %load/vec4 v0x5b10b3e61420_0;
    %pad/u 16;
    %ix/vec4 3;
    %ix/load 4, 16, 0; part off
    %ix/load 5, 0, 0; Constant delay
    %assign/vec4/a/d v0x5b10b3e61980, 4, 5;
T_91.4 ;
    %load/vec4 v0x5b10b3e61eb0_0;
    %parti/s 1, 3, 3;
    %flag_set/vec4 8;
    %jmp/0xz  T_91.6, 8;
    %load/vec4 v0x5b10b3e617c0_0;
    %parti/s 8, 24, 6;
    %load/vec4 v0x5b10b3e61420_0;
    %pad/u 16;
    %ix/vec4 3;
    %ix/load 4, 24, 0; part off
    %ix/load 5, 0, 0; Constant delay
    %assign/vec4/a/d v0x5b10b3e61980, 4, 5;
T_91.6 ;
    %load/vec4 v0x5b10b3e61eb0_0;
    %parti/s 1, 4, 4;
    %flag_set/vec4 8;
    %jmp/0xz  T_91.8, 8;
    %load/vec4 v0x5b10b3e617c0_0;
    %parti/s 8, 32, 7;
    %load/vec4 v0x5b10b3e61420_0;
    %pad/u 16;
    %ix/vec4 3;
    %ix/load 4, 32, 0; part off
    %ix/load 5, 0, 0; Constant delay
    %assign/vec4/a/d v0x5b10b3e61980, 4, 5;
T_91.8 ;
    %load/vec4 v0x5b10b3e61eb0_0;
    %parti/s 1, 5, 4;
    %flag_set/vec4 8;
    %jmp/0xz  T_91.10, 8;
    %load/vec4 v0x5b10b3e617c0_0;
    %parti/s 8, 40, 7;
    %load/vec4 v0x5b10b3e61420_0;
    %pad/u 16;
    %ix/vec4 3;
    %ix/load 4, 40, 0; part off
    %ix/load 5, 0, 0; Constant delay
    %assign/vec4/a/d v0x5b10b3e61980, 4, 5;
T_91.10 ;
    %load/vec4 v0x5b10b3e61eb0_0;
    %parti/s 1, 6, 4;
    %flag_set/vec4 8;
    %jmp/0xz  T_91.12, 8;
    %load/vec4 v0x5b10b3e617c0_0;
    %parti/s 8, 48, 7;
    %load/vec4 v0x5b10b3e61420_0;
    %pad/u 16;
    %ix/vec4 3;
    %ix/load 4, 48, 0; part off
    %ix/load 5, 0, 0; Constant delay
    %assign/vec4/a/d v0x5b10b3e61980, 4, 5;
T_91.12 ;
    %load/vec4 v0x5b10b3e61eb0_0;
    %parti/s 1, 7, 4;
    %flag_set/vec4 8;
    %jmp/0xz  T_91.14, 8;
    %load/vec4 v0x5b10b3e617c0_0;
    %parti/s 8, 56, 7;
    %load/vec4 v0x5b10b3e61420_0;
    %pad/u 16;
    %ix/vec4 3;
    %ix/load 4, 56, 0; part off
    %ix/load 5, 0, 0; Constant delay
    %assign/vec4/a/d v0x5b10b3e61980, 4, 5;
T_91.14 ;
    %load/vec4 v0x5b10b3e61420_0;
    %pad/u 16;
    %ix/vec4 4;
    %load/vec4a v0x5b10b3e61980, 4;
    %assign/vec4 v0x5b10b3e61bb0_0, 0;
    %jmp T_91;
    .thread T_91;
    .scope S_0x5b10b3e60b90;
T_92 ;
    %wait E_0x5b10b372f8a0;
    %load/vec4 v0x5b10b3e64750_0;
    %flag_set/vec4 8;
    %jmp/0xz  T_92.0, 8;
    %pushi/vec4 0, 0, 1;
    %assign/vec4 v0x5b10b3e645d0_0, 0;
    %jmp T_92.1;
T_92.0 ;
    %load/vec4 v0x5b10b3e64690_0;
    %assign/vec4 v0x5b10b3e645d0_0, 0;
T_92.1 ;
    %jmp T_92;
    .thread T_92;
    .scope S_0x5b10b3e60b90;
T_93 ;
    %wait E_0x5b10b372f8a0;
    %load/vec4 v0x5b10b3e64750_0;
    %flag_set/vec4 8;
    %jmp/0xz  T_93.0, 8;
    %pushi/vec4 0, 0, 1;
    %assign/vec4 v0x5b10b3e64510_0, 0;
    %jmp T_93.1;
T_93.0 ;
    %load/vec4 v0x5b10b3e64380_0;
    %assign/vec4 v0x5b10b3e64510_0, 0;
T_93.1 ;
    %jmp T_93;
    .thread T_93;
    .scope S_0x5b10b3e60b90;
T_94 ;
    %wait E_0x5b10b372f8a0;
    %load/vec4 v0x5b10b3e64750_0;
    %flag_set/vec4 8;
    %jmp/0xz  T_94.0, 8;
    %pushi/vec4 0, 0, 1;
    %assign/vec4 v0x5b10b3e63070_0, 0;
    %pushi/vec4 0, 0, 11;
    %assign/vec4 v0x5b10b3e63b10_0, 0;
    %jmp T_94.1;
T_94.0 ;
    %load/vec4 v0x5b10b3e63800_0;
    %load/vec4 v0x5b10b3e63bf0_0;
    %pushi/vec4 0, 0, 4;
    %cmp/ne;
    %flag_get/vec4 4;
    %or;
    %load/vec4 v0x5b10b3e63620_0;
    %or;
    %load/vec4 v0x5b10b3e63710_0;
    %or;
    %load/vec4 v0x5b10b3e63d00_0;
    %or;
    %load/vec4 v0x5b10b3e62f30_0;
    %and;
    %flag_set/vec4 8;
    %jmp/0xz  T_94.2, 8;
    %pushi/vec4 1, 0, 1;
    %assign/vec4 v0x5b10b3e63070_0, 0;
    %load/vec4 v0x5b10b3e638f0_0;
    %assign/vec4 v0x5b10b3e63b10_0, 0;
    %jmp T_94.3;
T_94.2 ;
    %pushi/vec4 0, 0, 1;
    %assign/vec4 v0x5b10b3e63070_0, 0;
T_94.3 ;
T_94.1 ;
    %jmp T_94;
    .thread T_94;
    .scope S_0x5b10b3beec40;
T_95 ;
    %wait E_0x5b10b35fae40;
    %pushi/vec4 0, 0, 32; draw_string_vec4
    %pushi/vec4 0, 0, 32; draw_string_vec4
    %concat/vec4; draw_string_vec4
    %pushi/vec4 45, 0, 16; draw_string_vec4
    %concat/vec4; draw_string_vec4
    %store/vec4 v0x5b10b3ca7190_0, 0, 80;
    %pushi/vec4 0, 0, 32; draw_string_vec4
    %pushi/vec4 0, 0, 32; draw_string_vec4
    %concat/vec4; draw_string_vec4
    %pushi/vec4 45, 0, 16; draw_string_vec4
    %concat/vec4; draw_string_vec4
    %store/vec4 v0x5b10b3c55fc0_0, 0, 80;
    %pushi/vec4 0, 0, 32; draw_string_vec4
    %pushi/vec4 0, 0, 32; draw_string_vec4
    %concat/vec4; draw_string_vec4
    %pushi/vec4 45, 0, 16; draw_string_vec4
    %concat/vec4; draw_string_vec4
    %store/vec4 v0x5b10b3746910_0, 0, 80;
    %pushi/vec4 0, 0, 32; draw_string_vec4
    %pushi/vec4 0, 0, 32; draw_string_vec4
    %concat/vec4; draw_string_vec4
    %pushi/vec4 45, 0, 16; draw_string_vec4
    %concat/vec4; draw_string_vec4
    %store/vec4 v0x5b10b3d6c0e0_0, 0, 80;
    %load/vec4 v0x5b10b3c251d0_0;
    %flag_set/vec4 8;
    %jmp/0xz  T_95.0, 8;
    %load/vec4 v0x5b10b3d87bd0_0;
    %store/vec4 v0x5b10b3c55f20_0, 0, 5;
    %callf/vec4 TD_tb_top.trace_inst_0.get_regname_str, S_0x5b10b3bf0610;
    %store/vec4 v0x5b10b3c55fc0_0, 0, 80;
    %load/vec4 v0x5b10b3d8a550_0;
    %store/vec4 v0x5b10b3c55f20_0, 0, 5;
    %callf/vec4 TD_tb_top.trace_inst_0.get_regname_str, S_0x5b10b3bf0610;
    %store/vec4 v0x5b10b3746910_0, 0, 80;
    %load/vec4 v0x5b10b3c23920_0;
    %store/vec4 v0x5b10b3c55f20_0, 0, 5;
    %callf/vec4 TD_tb_top.trace_inst_0.get_regname_str, S_0x5b10b3bf0610;
    %store/vec4 v0x5b10b3d6c0e0_0, 0, 80;
    %pushi/vec4 1, 0, 1;
    %dup/vec4;
    %load/vec4 v0x5b10b3dd60a0_0;
    %pushi/vec4 28799, 0, 32;
    %and;
    %pushi/vec4 28691, 0, 32;
    %cmp/e;
    %flag_get/vec4 4;
    %cmp/u;
    %jmp/1 T_95.2, 6;
    %dup/vec4;
    %load/vec4 v0x5b10b3dd60a0_0;
    %pushi/vec4 28799, 0, 32;
    %and;
    %pushi/vec4 19, 0, 32;
    %cmp/e;
    %flag_get/vec4 4;
    %cmp/u;
    %jmp/1 T_95.3, 6;
    %dup/vec4;
    %load/vec4 v0x5b10b3dd60a0_0;
    %pushi/vec4 28799, 0, 32;
    %and;
    %pushi/vec4 8211, 0, 32;
    %cmp/e;
    %flag_get/vec4 4;
    %cmp/u;
    %jmp/1 T_95.4, 6;
    %dup/vec4;
    %load/vec4 v0x5b10b3dd60a0_0;
    %pushi/vec4 28799, 0, 32;
    %and;
    %pushi/vec4 12307, 0, 32;
    %cmp/e;
    %flag_get/vec4 4;
    %cmp/u;
    %jmp/1 T_95.5, 6;
    %dup/vec4;
    %load/vec4 v0x5b10b3dd60a0_0;
    %pushi/vec4 28799, 0, 32;
    %and;
    %pushi/vec4 24595, 0, 32;
    %cmp/e;
    %flag_get/vec4 4;
    %cmp/u;
    %jmp/1 T_95.6, 6;
    %dup/vec4;
    %load/vec4 v0x5b10b3dd60a0_0;
    %pushi/vec4 28799, 0, 32;
    %and;
    %pushi/vec4 16403, 0, 32;
    %cmp/e;
    %flag_get/vec4 4;
    %cmp/u;
    %jmp/1 T_95.7, 6;
    %dup/vec4;
    %load/vec4 v0x5b10b3dd60a0_0;
    %pushi/vec4 4227887231, 0, 32;
    %and;
    %pushi/vec4 4115, 0, 32;
    %cmp/e;
    %flag_get/vec4 4;
    %cmp/u;
    %jmp/1 T_95.8, 6;
    %dup/vec4;
    %load/vec4 v0x5b10b3dd60a0_0;
    %pushi/vec4 4227887231, 0, 32;
    %and;
    %pushi/vec4 20499, 0, 32;
    %cmp/e;
    %flag_get/vec4 4;
    %cmp/u;
    %jmp/1 T_95.9, 6;
    %dup/vec4;
    %load/vec4 v0x5b10b3dd60a0_0;
    %pushi/vec4 4227887231, 0, 32;
    %and;
    %pushi/vec4 1073762323, 0, 32;
    %cmp/e;
    %flag_get/vec4 4;
    %cmp/u;
    %jmp/1 T_95.10, 6;
    %dup/vec4;
    %load/vec4 v0x5b10b3dd60a0_0;
    %pushi/vec4 127, 0, 32;
    %and;
    %pushi/vec4 55, 0, 32;
    %cmp/e;
    %flag_get/vec4 4;
    %cmp/u;
    %jmp/1 T_95.11, 6;
    %dup/vec4;
    %load/vec4 v0x5b10b3dd60a0_0;
    %pushi/vec4 127, 0, 32;
    %and;
    %pushi/vec4 23, 0, 32;
    %cmp/e;
    %flag_get/vec4 4;
    %cmp/u;
    %jmp/1 T_95.12, 6;
    %dup/vec4;
    %load/vec4 v0x5b10b3dd60a0_0;
    %pushi/vec4 4261441663, 0, 32;
    %and;
    %pushi/vec4 51, 0, 32;
    %cmp/e;
    %flag_get/vec4 4;
    %cmp/u;
    %jmp/1 T_95.13, 6;
    %dup/vec4;
    %load/vec4 v0x5b10b3dd60a0_0;
    %pushi/vec4 4261441663, 0, 32;
    %and;
    %pushi/vec4 1073741875, 0, 32;
    %cmp/e;
    %flag_get/vec4 4;
    %cmp/u;
    %jmp/1 T_95.14, 6;
    %dup/vec4;
    %load/vec4 v0x5b10b3dd60a0_0;
    %pushi/vec4 4261441663, 0, 32;
    %and;
    %pushi/vec4 8243, 0, 32;
    %cmp/e;
    %flag_get/vec4 4;
    %cmp/u;
    %jmp/1 T_95.15, 6;
    %dup/vec4;
    %load/vec4 v0x5b10b3dd60a0_0;
    %pushi/vec4 4261441663, 0, 32;
    %and;
    %pushi/vec4 12339, 0, 32;
    %cmp/e;
    %flag_get/vec4 4;
    %cmp/u;
    %jmp/1 T_95.16, 6;
    %dup/vec4;
    %load/vec4 v0x5b10b3dd60a0_0;
    %pushi/vec4 4261441663, 0, 32;
    %and;
    %pushi/vec4 16435, 0, 32;
    %cmp/e;
    %flag_get/vec4 4;
    %cmp/u;
    %jmp/1 T_95.17, 6;
    %dup/vec4;
    %load/vec4 v0x5b10b3dd60a0_0;
    %pushi/vec4 4261441663, 0, 32;
    %and;
    %pushi/vec4 24627, 0, 32;
    %cmp/e;
    %flag_get/vec4 4;
    %cmp/u;
    %jmp/1 T_95.18, 6;
    %dup/vec4;
    %load/vec4 v0x5b10b3dd60a0_0;
    %pushi/vec4 4261441663, 0, 32;
    %and;
    %pushi/vec4 28723, 0, 32;
    %cmp/e;
    %flag_get/vec4 4;
    %cmp/u;
    %jmp/1 T_95.19, 6;
    %dup/vec4;
    %load/vec4 v0x5b10b3dd60a0_0;
    %pushi/vec4 4261441663, 0, 32;
    %and;
    %pushi/vec4 4147, 0, 32;
    %cmp/e;
    %flag_get/vec4 4;
    %cmp/u;
    %jmp/1 T_95.20, 6;
    %dup/vec4;
    %load/vec4 v0x5b10b3dd60a0_0;
    %pushi/vec4 4261441663, 0, 32;
    %and;
    %pushi/vec4 20531, 0, 32;
    %cmp/e;
    %flag_get/vec4 4;
    %cmp/u;
    %jmp/1 T_95.21, 6;
    %dup/vec4;
    %load/vec4 v0x5b10b3dd60a0_0;
    %pushi/vec4 4261441663, 0, 32;
    %and;
    %pushi/vec4 1073762355, 0, 32;
    %cmp/e;
    %flag_get/vec4 4;
    %cmp/u;
    %jmp/1 T_95.22, 6;
    %dup/vec4;
    %load/vec4 v0x5b10b3dd60a0_0;
    %pushi/vec4 127, 0, 32;
    %and;
    %pushi/vec4 111, 0, 32;
    %cmp/e;
    %flag_get/vec4 4;
    %cmp/u;
    %jmp/1 T_95.23, 6;
    %dup/vec4;
    %load/vec4 v0x5b10b3dd60a0_0;
    %pushi/vec4 28799, 0, 32;
    %and;
    %pushi/vec4 103, 0, 32;
    %cmp/e;
    %flag_get/vec4 4;
    %cmp/u;
    %jmp/1 T_95.24, 6;
    %dup/vec4;
    %load/vec4 v0x5b10b3dd60a0_0;
    %pushi/vec4 28799, 0, 32;
    %and;
    %pushi/vec4 99, 0, 32;
    %cmp/e;
    %flag_get/vec4 4;
    %cmp/u;
    %jmp/1 T_95.25, 6;
    %dup/vec4;
    %load/vec4 v0x5b10b3dd60a0_0;
    %pushi/vec4 28799, 0, 32;
    %and;
    %pushi/vec4 4195, 0, 32;
    %cmp/e;
    %flag_get/vec4 4;
    %cmp/u;
    %jmp/1 T_95.26, 6;
    %dup/vec4;
    %load/vec4 v0x5b10b3dd60a0_0;
    %pushi/vec4 28799, 0, 32;
    %and;
    %pushi/vec4 16483, 0, 32;
    %cmp/e;
    %flag_get/vec4 4;
    %cmp/u;
    %jmp/1 T_95.27, 6;
    %dup/vec4;
    %load/vec4 v0x5b10b3dd60a0_0;
    %pushi/vec4 28799, 0, 32;
    %and;
    %pushi/vec4 20579, 0, 32;
    %cmp/e;
    %flag_get/vec4 4;
    %cmp/u;
    %jmp/1 T_95.28, 6;
    %dup/vec4;
    %load/vec4 v0x5b10b3dd60a0_0;
    %pushi/vec4 28799, 0, 32;
    %and;
    %pushi/vec4 24675, 0, 32;
    %cmp/e;
    %flag_get/vec4 4;
    %cmp/u;
    %jmp/1 T_95.29, 6;
    %dup/vec4;
    %load/vec4 v0x5b10b3dd60a0_0;
    %pushi/vec4 28799, 0, 32;
    %and;
    %pushi/vec4 28771, 0, 32;
    %cmp/e;
    %flag_get/vec4 4;
    %cmp/u;
    %jmp/1 T_95.30, 6;
    %dup/vec4;
    %load/vec4 v0x5b10b3dd60a0_0;
    %pushi/vec4 28799, 0, 32;
    %and;
    %pushi/vec4 3, 0, 32;
    %cmp/e;
    %flag_get/vec4 4;
    %cmp/u;
    %jmp/1 T_95.31, 6;
    %dup/vec4;
    %load/vec4 v0x5b10b3dd60a0_0;
    %pushi/vec4 28799, 0, 32;
    %and;
    %pushi/vec4 4099, 0, 32;
    %cmp/e;
    %flag_get/vec4 4;
    %cmp/u;
    %jmp/1 T_95.32, 6;
    %dup/vec4;
    %load/vec4 v0x5b10b3dd60a0_0;
    %pushi/vec4 28799, 0, 32;
    %and;
    %pushi/vec4 8195, 0, 32;
    %cmp/e;
    %flag_get/vec4 4;
    %cmp/u;
    %jmp/1 T_95.33, 6;
    %dup/vec4;
    %load/vec4 v0x5b10b3dd60a0_0;
    %pushi/vec4 28799, 0, 32;
    %and;
    %pushi/vec4 16387, 0, 32;
    %cmp/e;
    %flag_get/vec4 4;
    %cmp/u;
    %jmp/1 T_95.34, 6;
    %dup/vec4;
    %load/vec4 v0x5b10b3dd60a0_0;
    %pushi/vec4 28799, 0, 32;
    %and;
    %pushi/vec4 20483, 0, 32;
    %cmp/e;
    %flag_get/vec4 4;
    %cmp/u;
    %jmp/1 T_95.35, 6;
    %dup/vec4;
    %load/vec4 v0x5b10b3dd60a0_0;
    %pushi/vec4 28799, 0, 32;
    %and;
    %pushi/vec4 24579, 0, 32;
    %cmp/e;
    %flag_get/vec4 4;
    %cmp/u;
    %jmp/1 T_95.36, 6;
    %dup/vec4;
    %load/vec4 v0x5b10b3dd60a0_0;
    %pushi/vec4 28799, 0, 32;
    %and;
    %pushi/vec4 35, 0, 32;
    %cmp/e;
    %flag_get/vec4 4;
    %cmp/u;
    %jmp/1 T_95.37, 6;
    %dup/vec4;
    %load/vec4 v0x5b10b3dd60a0_0;
    %pushi/vec4 28799, 0, 32;
    %and;
    %pushi/vec4 4131, 0, 32;
    %cmp/e;
    %flag_get/vec4 4;
    %cmp/u;
    %jmp/1 T_95.38, 6;
    %dup/vec4;
    %load/vec4 v0x5b10b3dd60a0_0;
    %pushi/vec4 28799, 0, 32;
    %and;
    %pushi/vec4 8227, 0, 32;
    %cmp/e;
    %flag_get/vec4 4;
    %cmp/u;
    %jmp/1 T_95.39, 6;
    %dup/vec4;
    %load/vec4 v0x5b10b3dd60a0_0;
    %pushi/vec4 4294967295, 0, 32;
    %and;
    %pushi/vec4 115, 0, 32;
    %cmp/e;
    %flag_get/vec4 4;
    %cmp/u;
    %jmp/1 T_95.40, 6;
    %dup/vec4;
    %load/vec4 v0x5b10b3dd60a0_0;
    %pushi/vec4 4294967295, 0, 32;
    %and;
    %pushi/vec4 1048691, 0, 32;
    %cmp/e;
    %flag_get/vec4 4;
    %cmp/u;
    %jmp/1 T_95.41, 6;
    %dup/vec4;
    %load/vec4 v0x5b10b3dd60a0_0;
    %pushi/vec4 3489660927, 0, 32;
    %and;
    %pushi/vec4 2097267, 0, 32;
    %cmp/e;
    %flag_get/vec4 4;
    %cmp/u;
    %jmp/1 T_95.42, 6;
    %dup/vec4;
    %load/vec4 v0x5b10b3dd60a0_0;
    %pushi/vec4 28799, 0, 32;
    %and;
    %pushi/vec4 4211, 0, 32;
    %cmp/e;
    %flag_get/vec4 4;
    %cmp/u;
    %jmp/1 T_95.43, 6;
    %dup/vec4;
    %load/vec4 v0x5b10b3dd60a0_0;
    %pushi/vec4 28799, 0, 32;
    %and;
    %pushi/vec4 8307, 0, 32;
    %cmp/e;
    %flag_get/vec4 4;
    %cmp/u;
    %jmp/1 T_95.44, 6;
    %dup/vec4;
    %load/vec4 v0x5b10b3dd60a0_0;
    %pushi/vec4 28799, 0, 32;
    %and;
    %pushi/vec4 12403, 0, 32;
    %cmp/e;
    %flag_get/vec4 4;
    %cmp/u;
    %jmp/1 T_95.45, 6;
    %dup/vec4;
    %load/vec4 v0x5b10b3dd60a0_0;
    %pushi/vec4 28799, 0, 32;
    %and;
    %pushi/vec4 20595, 0, 32;
    %cmp/e;
    %flag_get/vec4 4;
    %cmp/u;
    %jmp/1 T_95.46, 6;
    %dup/vec4;
    %load/vec4 v0x5b10b3dd60a0_0;
    %pushi/vec4 28799, 0, 32;
    %and;
    %pushi/vec4 24691, 0, 32;
    %cmp/e;
    %flag_get/vec4 4;
    %cmp/u;
    %jmp/1 T_95.47, 6;
    %dup/vec4;
    %load/vec4 v0x5b10b3dd60a0_0;
    %pushi/vec4 28799, 0, 32;
    %and;
    %pushi/vec4 28787, 0, 32;
    %cmp/e;
    %flag_get/vec4 4;
    %cmp/u;
    %jmp/1 T_95.48, 6;
    %dup/vec4;
    %load/vec4 v0x5b10b3dd60a0_0;
    %pushi/vec4 4261441663, 0, 32;
    %and;
    %pushi/vec4 33554483, 0, 32;
    %cmp/e;
    %flag_get/vec4 4;
    %cmp/u;
    %jmp/1 T_95.49, 6;
    %dup/vec4;
    %load/vec4 v0x5b10b3dd60a0_0;
    %pushi/vec4 4261441663, 0, 32;
    %and;
    %pushi/vec4 33558579, 0, 32;
    %cmp/e;
    %flag_get/vec4 4;
    %cmp/u;
    %jmp/1 T_95.50, 6;
    %dup/vec4;
    %load/vec4 v0x5b10b3dd60a0_0;
    %pushi/vec4 4261441663, 0, 32;
    %and;
    %pushi/vec4 33562675, 0, 32;
    %cmp/e;
    %flag_get/vec4 4;
    %cmp/u;
    %jmp/1 T_95.51, 6;
    %dup/vec4;
    %load/vec4 v0x5b10b3dd60a0_0;
    %pushi/vec4 4261441663, 0, 32;
    %and;
    %pushi/vec4 33566771, 0, 32;
    %cmp/e;
    %flag_get/vec4 4;
    %cmp/u;
    %jmp/1 T_95.52, 6;
    %dup/vec4;
    %load/vec4 v0x5b10b3dd60a0_0;
    %pushi/vec4 4261441663, 0, 32;
    %and;
    %pushi/vec4 33570867, 0, 32;
    %cmp/e;
    %flag_get/vec4 4;
    %cmp/u;
    %jmp/1 T_95.53, 6;
    %dup/vec4;
    %load/vec4 v0x5b10b3dd60a0_0;
    %pushi/vec4 4261441663, 0, 32;
    %and;
    %pushi/vec4 33574963, 0, 32;
    %cmp/e;
    %flag_get/vec4 4;
    %cmp/u;
    %jmp/1 T_95.54, 6;
    %dup/vec4;
    %load/vec4 v0x5b10b3dd60a0_0;
    %pushi/vec4 4261441663, 0, 32;
    %and;
    %pushi/vec4 33579059, 0, 32;
    %cmp/e;
    %flag_get/vec4 4;
    %cmp/u;
    %jmp/1 T_95.55, 6;
    %dup/vec4;
    %load/vec4 v0x5b10b3dd60a0_0;
    %pushi/vec4 4261441663, 0, 32;
    %and;
    %pushi/vec4 33583155, 0, 32;
    %cmp/e;
    %flag_get/vec4 4;
    %cmp/u;
    %jmp/1 T_95.56, 6;
    %dup/vec4;
    %load/vec4 v0x5b10b3dd60a0_0;
    %pushi/vec4 28799, 0, 32;
    %and;
    %pushi/vec4 4111, 0, 32;
    %cmp/e;
    %flag_get/vec4 4;
    %cmp/u;
    %jmp/1 T_95.57, 6;
    %jmp T_95.58;
T_95.2 ;
    %pushi/vec4 0, 0, 32; draw_string_vec4
    %pushi/vec4 24942, 0, 32; draw_string_vec4
    %concat/vec4; draw_string_vec4
    %pushi/vec4 25705, 0, 16; draw_string_vec4
    %concat/vec4; draw_string_vec4
    %store/vec4 v0x5b10b3ca7190_0, 0, 80;
    %jmp T_95.58;
T_95.3 ;
    %pushi/vec4 0, 0, 32; draw_string_vec4
    %pushi/vec4 24932, 0, 32; draw_string_vec4
    %concat/vec4; draw_string_vec4
    %pushi/vec4 25705, 0, 16; draw_string_vec4
    %concat/vec4; draw_string_vec4
    %store/vec4 v0x5b10b3ca7190_0, 0, 80;
    %jmp T_95.58;
T_95.4 ;
    %pushi/vec4 0, 0, 32; draw_string_vec4
    %pushi/vec4 29548, 0, 32; draw_string_vec4
    %concat/vec4; draw_string_vec4
    %pushi/vec4 29801, 0, 16; draw_string_vec4
    %concat/vec4; draw_string_vec4
    %store/vec4 v0x5b10b3ca7190_0, 0, 80;
    %jmp T_95.58;
T_95.5 ;
    %pushi/vec4 0, 0, 32; draw_string_vec4
    %pushi/vec4 7564404, 0, 32; draw_string_vec4
    %concat/vec4; draw_string_vec4
    %pushi/vec4 26997, 0, 16; draw_string_vec4
    %concat/vec4; draw_string_vec4
    %store/vec4 v0x5b10b3ca7190_0, 0, 80;
    %jmp T_95.58;
T_95.6 ;
    %pushi/vec4 0, 0, 32; draw_string_vec4
    %pushi/vec4 111, 0, 32; draw_string_vec4
    %concat/vec4; draw_string_vec4
    %pushi/vec4 29289, 0, 16; draw_string_vec4
    %concat/vec4; draw_string_vec4
    %store/vec4 v0x5b10b3ca7190_0, 0, 80;
    %jmp T_95.58;
T_95.7 ;
    %pushi/vec4 0, 0, 32; draw_string_vec4
    %pushi/vec4 30831, 0, 32; draw_string_vec4
    %concat/vec4; draw_string_vec4
    %pushi/vec4 29289, 0, 16; draw_string_vec4
    %concat/vec4; draw_string_vec4
    %store/vec4 v0x5b10b3ca7190_0, 0, 80;
    %jmp T_95.58;
T_95.8 ;
    %pushi/vec4 0, 0, 32; draw_string_vec4
    %pushi/vec4 29548, 0, 32; draw_string_vec4
    %concat/vec4; draw_string_vec4
    %pushi/vec4 27753, 0, 16; draw_string_vec4
    %concat/vec4; draw_string_vec4
    %store/vec4 v0x5b10b3ca7190_0, 0, 80;
    %jmp T_95.58;
T_95.9 ;
    %pushi/vec4 0, 0, 32; draw_string_vec4
    %pushi/vec4 29554, 0, 32; draw_string_vec4
    %concat/vec4; draw_string_vec4
    %pushi/vec4 27753, 0, 16; draw_string_vec4
    %concat/vec4; draw_string_vec4
    %store/vec4 v0x5b10b3ca7190_0, 0, 80;
    %jmp T_95.58;
T_95.10 ;
    %pushi/vec4 0, 0, 32; draw_string_vec4
    %pushi/vec4 29554, 0, 32; draw_string_vec4
    %concat/vec4; draw_string_vec4
    %pushi/vec4 24937, 0, 16; draw_string_vec4
    %concat/vec4; draw_string_vec4
    %store/vec4 v0x5b10b3ca7190_0, 0, 80;
    %jmp T_95.58;
T_95.11 ;
    %pushi/vec4 0, 0, 32; draw_string_vec4
    %pushi/vec4 108, 0, 32; draw_string_vec4
    %concat/vec4; draw_string_vec4
    %pushi/vec4 30057, 0, 16; draw_string_vec4
    %concat/vec4; draw_string_vec4
    %store/vec4 v0x5b10b3ca7190_0, 0, 80;
    %jmp T_95.58;
T_95.12 ;
    %pushi/vec4 0, 0, 32; draw_string_vec4
    %pushi/vec4 6387049, 0, 32; draw_string_vec4
    %concat/vec4; draw_string_vec4
    %pushi/vec4 28771, 0, 16; draw_string_vec4
    %concat/vec4; draw_string_vec4
    %store/vec4 v0x5b10b3ca7190_0, 0, 80;
    %jmp T_95.58;
T_95.13 ;
    %pushi/vec4 0, 0, 32; draw_string_vec4
    %pushi/vec4 97, 0, 32; draw_string_vec4
    %concat/vec4; draw_string_vec4
    %pushi/vec4 25700, 0, 16; draw_string_vec4
    %concat/vec4; draw_string_vec4
    %store/vec4 v0x5b10b3ca7190_0, 0, 80;
    %jmp T_95.58;
T_95.14 ;
    %pushi/vec4 0, 0, 32; draw_string_vec4
    %pushi/vec4 115, 0, 32; draw_string_vec4
    %concat/vec4; draw_string_vec4
    %pushi/vec4 30050, 0, 16; draw_string_vec4
    %concat/vec4; draw_string_vec4
    %store/vec4 v0x5b10b3ca7190_0, 0, 80;
    %jmp T_95.58;
T_95.15 ;
    %pushi/vec4 0, 0, 32; draw_string_vec4
    %pushi/vec4 115, 0, 32; draw_string_vec4
    %concat/vec4; draw_string_vec4
    %pushi/vec4 27764, 0, 16; draw_string_vec4
    %concat/vec4; draw_string_vec4
    %store/vec4 v0x5b10b3ca7190_0, 0, 80;
    %jmp T_95.58;
T_95.16 ;
    %pushi/vec4 0, 0, 32; draw_string_vec4
    %pushi/vec4 29548, 0, 32; draw_string_vec4
    %concat/vec4; draw_string_vec4
    %pushi/vec4 29813, 0, 16; draw_string_vec4
    %concat/vec4; draw_string_vec4
    %store/vec4 v0x5b10b3ca7190_0, 0, 80;
    %jmp T_95.58;
T_95.17 ;
    %pushi/vec4 0, 0, 32; draw_string_vec4
    %pushi/vec4 120, 0, 32; draw_string_vec4
    %concat/vec4; draw_string_vec4
    %pushi/vec4 28530, 0, 16; draw_string_vec4
    %concat/vec4; draw_string_vec4
    %store/vec4 v0x5b10b3ca7190_0, 0, 80;
    %jmp T_95.58;
T_95.18 ;
    %pushi/vec4 0, 0, 32; draw_string_vec4
    %pushi/vec4 0, 0, 32; draw_string_vec4
    %concat/vec4; draw_string_vec4
    %pushi/vec4 28530, 0, 16; draw_string_vec4
    %concat/vec4; draw_string_vec4
    %store/vec4 v0x5b10b3ca7190_0, 0, 80;
    %jmp T_95.58;
T_95.19 ;
    %pushi/vec4 0, 0, 32; draw_string_vec4
    %pushi/vec4 97, 0, 32; draw_string_vec4
    %concat/vec4; draw_string_vec4
    %pushi/vec4 28260, 0, 16; draw_string_vec4
    %concat/vec4; draw_string_vec4
    %store/vec4 v0x5b10b3ca7190_0, 0, 80;
    %jmp T_95.58;
T_95.20 ;
    %pushi/vec4 0, 0, 32; draw_string_vec4
    %pushi/vec4 115, 0, 32; draw_string_vec4
    %concat/vec4; draw_string_vec4
    %pushi/vec4 27756, 0, 16; draw_string_vec4
    %concat/vec4; draw_string_vec4
    %store/vec4 v0x5b10b3ca7190_0, 0, 80;
    %jmp T_95.58;
T_95.21 ;
    %pushi/vec4 0, 0, 32; draw_string_vec4
    %pushi/vec4 115, 0, 32; draw_string_vec4
    %concat/vec4; draw_string_vec4
    %pushi/vec4 29292, 0, 16; draw_string_vec4
    %concat/vec4; draw_string_vec4
    %store/vec4 v0x5b10b3ca7190_0, 0, 80;
    %jmp T_95.58;
T_95.22 ;
    %pushi/vec4 0, 0, 32; draw_string_vec4
    %pushi/vec4 115, 0, 32; draw_string_vec4
    %concat/vec4; draw_string_vec4
    %pushi/vec4 29281, 0, 16; draw_string_vec4
    %concat/vec4; draw_string_vec4
    %store/vec4 v0x5b10b3ca7190_0, 0, 80;
    %jmp T_95.58;
T_95.23 ;
    %pushi/vec4 0, 0, 32; draw_string_vec4
    %pushi/vec4 106, 0, 32; draw_string_vec4
    %concat/vec4; draw_string_vec4
    %pushi/vec4 24940, 0, 16; draw_string_vec4
    %concat/vec4; draw_string_vec4
    %store/vec4 v0x5b10b3ca7190_0, 0, 80;
    %jmp T_95.58;
T_95.24 ;
    %pushi/vec4 0, 0, 32; draw_string_vec4
    %pushi/vec4 27233, 0, 32; draw_string_vec4
    %concat/vec4; draw_string_vec4
    %pushi/vec4 27762, 0, 16; draw_string_vec4
    %concat/vec4; draw_string_vec4
    %store/vec4 v0x5b10b3ca7190_0, 0, 80;
    %jmp T_95.58;
T_95.25 ;
    %pushi/vec4 0, 0, 32; draw_string_vec4
    %pushi/vec4 98, 0, 32; draw_string_vec4
    %concat/vec4; draw_string_vec4
    %pushi/vec4 25969, 0, 16; draw_string_vec4
    %concat/vec4; draw_string_vec4
    %store/vec4 v0x5b10b3ca7190_0, 0, 80;
    %jmp T_95.58;
T_95.26 ;
    %pushi/vec4 0, 0, 32; draw_string_vec4
    %pushi/vec4 98, 0, 32; draw_string_vec4
    %concat/vec4; draw_string_vec4
    %pushi/vec4 28261, 0, 16; draw_string_vec4
    %concat/vec4; draw_string_vec4
    %store/vec4 v0x5b10b3ca7190_0, 0, 80;
    %jmp T_95.58;
T_95.27 ;
    %pushi/vec4 0, 0, 32; draw_string_vec4
    %pushi/vec4 98, 0, 32; draw_string_vec4
    %concat/vec4; draw_string_vec4
    %pushi/vec4 27764, 0, 16; draw_string_vec4
    %concat/vec4; draw_string_vec4
    %store/vec4 v0x5b10b3ca7190_0, 0, 80;
    %jmp T_95.58;
T_95.28 ;
    %pushi/vec4 0, 0, 32; draw_string_vec4
    %pushi/vec4 98, 0, 32; draw_string_vec4
    %concat/vec4; draw_string_vec4
    %pushi/vec4 26469, 0, 16; draw_string_vec4
    %concat/vec4; draw_string_vec4
    %store/vec4 v0x5b10b3ca7190_0, 0, 80;
    %jmp T_95.58;
T_95.29 ;
    %pushi/vec4 0, 0, 32; draw_string_vec4
    %pushi/vec4 25196, 0, 32; draw_string_vec4
    %concat/vec4; draw_string_vec4
    %pushi/vec4 29813, 0, 16; draw_string_vec4
    %concat/vec4; draw_string_vec4
    %store/vec4 v0x5b10b3ca7190_0, 0, 80;
    %jmp T_95.58;
T_95.30 ;
    %pushi/vec4 0, 0, 32; draw_string_vec4
    %pushi/vec4 25191, 0, 32; draw_string_vec4
    %concat/vec4; draw_string_vec4
    %pushi/vec4 25973, 0, 16; draw_string_vec4
    %concat/vec4; draw_string_vec4
    %store/vec4 v0x5b10b3ca7190_0, 0, 80;
    %jmp T_95.58;
T_95.31 ;
    %pushi/vec4 0, 0, 32; draw_string_vec4
    %pushi/vec4 0, 0, 32; draw_string_vec4
    %concat/vec4; draw_string_vec4
    %pushi/vec4 27746, 0, 16; draw_string_vec4
    %concat/vec4; draw_string_vec4
    %store/vec4 v0x5b10b3ca7190_0, 0, 80;
    %jmp T_95.58;
T_95.32 ;
    %pushi/vec4 0, 0, 32; draw_string_vec4
    %pushi/vec4 0, 0, 32; draw_string_vec4
    %concat/vec4; draw_string_vec4
    %pushi/vec4 27752, 0, 16; draw_string_vec4
    %concat/vec4; draw_string_vec4
    %store/vec4 v0x5b10b3ca7190_0, 0, 80;
    %jmp T_95.58;
T_95.33 ;
    %pushi/vec4 0, 0, 32; draw_string_vec4
    %pushi/vec4 0, 0, 32; draw_string_vec4
    %concat/vec4; draw_string_vec4
    %pushi/vec4 27767, 0, 16; draw_string_vec4
    %concat/vec4; draw_string_vec4
    %store/vec4 v0x5b10b3ca7190_0, 0, 80;
    %jmp T_95.58;
T_95.34 ;
    %pushi/vec4 0, 0, 32; draw_string_vec4
    %pushi/vec4 108, 0, 32; draw_string_vec4
    %concat/vec4; draw_string_vec4
    %pushi/vec4 25205, 0, 16; draw_string_vec4
    %concat/vec4; draw_string_vec4
    %store/vec4 v0x5b10b3ca7190_0, 0, 80;
    %jmp T_95.58;
T_95.35 ;
    %pushi/vec4 0, 0, 32; draw_string_vec4
    %pushi/vec4 108, 0, 32; draw_string_vec4
    %concat/vec4; draw_string_vec4
    %pushi/vec4 26741, 0, 16; draw_string_vec4
    %concat/vec4; draw_string_vec4
    %store/vec4 v0x5b10b3ca7190_0, 0, 80;
    %jmp T_95.58;
T_95.36 ;
    %pushi/vec4 0, 0, 32; draw_string_vec4
    %pushi/vec4 108, 0, 32; draw_string_vec4
    %concat/vec4; draw_string_vec4
    %pushi/vec4 30581, 0, 16; draw_string_vec4
    %concat/vec4; draw_string_vec4
    %store/vec4 v0x5b10b3ca7190_0, 0, 80;
    %jmp T_95.58;
T_95.37 ;
    %pushi/vec4 0, 0, 32; draw_string_vec4
    %pushi/vec4 0, 0, 32; draw_string_vec4
    %concat/vec4; draw_string_vec4
    %pushi/vec4 29538, 0, 16; draw_string_vec4
    %concat/vec4; draw_string_vec4
    %store/vec4 v0x5b10b3ca7190_0, 0, 80;
    %jmp T_95.58;
T_95.38 ;
    %pushi/vec4 0, 0, 32; draw_string_vec4
    %pushi/vec4 0, 0, 32; draw_string_vec4
    %concat/vec4; draw_string_vec4
    %pushi/vec4 29544, 0, 16; draw_string_vec4
    %concat/vec4; draw_string_vec4
    %store/vec4 v0x5b10b3ca7190_0, 0, 80;
    %jmp T_95.58;
T_95.39 ;
    %pushi/vec4 0, 0, 32; draw_string_vec4
    %pushi/vec4 0, 0, 32; draw_string_vec4
    %concat/vec4; draw_string_vec4
    %pushi/vec4 29559, 0, 16; draw_string_vec4
    %concat/vec4; draw_string_vec4
    %store/vec4 v0x5b10b3ca7190_0, 0, 80;
    %jmp T_95.58;
T_95.40 ;
    %pushi/vec4 0, 0, 32; draw_string_vec4
    %pushi/vec4 6644577, 0, 32; draw_string_vec4
    %concat/vec4; draw_string_vec4
    %pushi/vec4 27756, 0, 16; draw_string_vec4
    %concat/vec4; draw_string_vec4
    %store/vec4 v0x5b10b3ca7190_0, 0, 80;
    %jmp T_95.58;
T_95.41 ;
    %pushi/vec4 0, 0, 32; draw_string_vec4
    %pushi/vec4 1700950629, 0, 32; draw_string_vec4
    %concat/vec4; draw_string_vec4
    %pushi/vec4 24939, 0, 16; draw_string_vec4
    %concat/vec4; draw_string_vec4
    %store/vec4 v0x5b10b3ca7190_0, 0, 80;
    %jmp T_95.58;
T_95.42 ;
    %pushi/vec4 0, 0, 32; draw_string_vec4
    %pushi/vec4 25970, 0, 32; draw_string_vec4
    %concat/vec4; draw_string_vec4
    %pushi/vec4 25972, 0, 16; draw_string_vec4
    %concat/vec4; draw_string_vec4
    %store/vec4 v0x5b10b3ca7190_0, 0, 80;
    %jmp T_95.58;
T_95.43 ;
    %pushi/vec4 0, 0, 32; draw_string_vec4
    %pushi/vec4 6517618, 0, 32; draw_string_vec4
    %concat/vec4; draw_string_vec4
    %pushi/vec4 29303, 0, 16; draw_string_vec4
    %concat/vec4; draw_string_vec4
    %store/vec4 v0x5b10b3ca7190_0, 0, 80;
    %jmp T_95.58;
T_95.44 ;
    %pushi/vec4 0, 0, 32; draw_string_vec4
    %pushi/vec4 6517618, 0, 32; draw_string_vec4
    %concat/vec4; draw_string_vec4
    %pushi/vec4 29299, 0, 16; draw_string_vec4
    %concat/vec4; draw_string_vec4
    %store/vec4 v0x5b10b3ca7190_0, 0, 80;
    %jmp T_95.58;
T_95.45 ;
    %pushi/vec4 0, 0, 32; draw_string_vec4
    %pushi/vec4 6517618, 0, 32; draw_string_vec4
    %concat/vec4; draw_string_vec4
    %pushi/vec4 29283, 0, 16; draw_string_vec4
    %concat/vec4; draw_string_vec4
    %store/vec4 v0x5b10b3ca7190_0, 0, 80;
    %jmp T_95.58;
T_95.46 ;
    %pushi/vec4 0, 0, 32; draw_string_vec4
    %pushi/vec4 1668510322, 0, 32; draw_string_vec4
    %concat/vec4; draw_string_vec4
    %pushi/vec4 30569, 0, 16; draw_string_vec4
    %concat/vec4; draw_string_vec4
    %store/vec4 v0x5b10b3ca7190_0, 0, 80;
    %jmp T_95.58;
T_95.47 ;
    %pushi/vec4 0, 0, 32; draw_string_vec4
    %pushi/vec4 1668510322, 0, 32; draw_string_vec4
    %concat/vec4; draw_string_vec4
    %pushi/vec4 29545, 0, 16; draw_string_vec4
    %concat/vec4; draw_string_vec4
    %store/vec4 v0x5b10b3ca7190_0, 0, 80;
    %jmp T_95.58;
T_95.48 ;
    %pushi/vec4 0, 0, 32; draw_string_vec4
    %pushi/vec4 1668510322, 0, 32; draw_string_vec4
    %concat/vec4; draw_string_vec4
    %pushi/vec4 25449, 0, 16; draw_string_vec4
    %concat/vec4; draw_string_vec4
    %store/vec4 v0x5b10b3ca7190_0, 0, 80;
    %jmp T_95.58;
T_95.49 ;
    %pushi/vec4 0, 0, 32; draw_string_vec4
    %pushi/vec4 109, 0, 32; draw_string_vec4
    %concat/vec4; draw_string_vec4
    %pushi/vec4 30060, 0, 16; draw_string_vec4
    %concat/vec4; draw_string_vec4
    %store/vec4 v0x5b10b3ca7190_0, 0, 80;
    %jmp T_95.58;
T_95.50 ;
    %pushi/vec4 0, 0, 32; draw_string_vec4
    %pushi/vec4 28021, 0, 32; draw_string_vec4
    %concat/vec4; draw_string_vec4
    %pushi/vec4 27752, 0, 16; draw_string_vec4
    %concat/vec4; draw_string_vec4
    %store/vec4 v0x5b10b3ca7190_0, 0, 80;
    %jmp T_95.58;
T_95.51 ;
    %pushi/vec4 0, 0, 32; draw_string_vec4
    %pushi/vec4 1836412008, 0, 32; draw_string_vec4
    %concat/vec4; draw_string_vec4
    %pushi/vec4 29557, 0, 16; draw_string_vec4
    %concat/vec4; draw_string_vec4
    %store/vec4 v0x5b10b3ca7190_0, 0, 80;
    %jmp T_95.58;
T_95.52 ;
    %pushi/vec4 0, 0, 32; draw_string_vec4
    %pushi/vec4 7173484, 0, 32; draw_string_vec4
    %concat/vec4; draw_string_vec4
    %pushi/vec4 26741, 0, 16; draw_string_vec4
    %concat/vec4; draw_string_vec4
    %store/vec4 v0x5b10b3ca7190_0, 0, 80;
    %jmp T_95.58;
T_95.53 ;
    %pushi/vec4 0, 0, 32; draw_string_vec4
    %pushi/vec4 100, 0, 32; draw_string_vec4
    %concat/vec4; draw_string_vec4
    %pushi/vec4 26998, 0, 16; draw_string_vec4
    %concat/vec4; draw_string_vec4
    %store/vec4 v0x5b10b3ca7190_0, 0, 80;
    %jmp T_95.58;
T_95.54 ;
    %pushi/vec4 0, 0, 32; draw_string_vec4
    %pushi/vec4 25705, 0, 32; draw_string_vec4
    %concat/vec4; draw_string_vec4
    %pushi/vec4 30325, 0, 16; draw_string_vec4
    %concat/vec4; draw_string_vec4
    %store/vec4 v0x5b10b3ca7190_0, 0, 80;
    %jmp T_95.58;
T_95.55 ;
    %pushi/vec4 0, 0, 32; draw_string_vec4
    %pushi/vec4 114, 0, 32; draw_string_vec4
    %concat/vec4; draw_string_vec4
    %pushi/vec4 25965, 0, 16; draw_string_vec4
    %concat/vec4; draw_string_vec4
    %store/vec4 v0x5b10b3ca7190_0, 0, 80;
    %jmp T_95.58;
T_95.56 ;
    %pushi/vec4 0, 0, 32; draw_string_vec4
    %pushi/vec4 29285, 0, 32; draw_string_vec4
    %concat/vec4; draw_string_vec4
    %pushi/vec4 28021, 0, 16; draw_string_vec4
    %concat/vec4; draw_string_vec4
    %store/vec4 v0x5b10b3ca7190_0, 0, 80;
    %jmp T_95.58;
T_95.57 ;
    %pushi/vec4 102, 0, 32; draw_string_vec4
    %pushi/vec4 1701733221, 0, 32; draw_string_vec4
    %concat/vec4; draw_string_vec4
    %pushi/vec4 11881, 0, 16; draw_string_vec4
    %concat/vec4; draw_string_vec4
    %store/vec4 v0x5b10b3ca7190_0, 0, 80;
    %jmp T_95.58;
T_95.58 ;
    %pop/vec4 1;
    %pushi/vec4 1, 0, 1;
    %dup/vec4;
    %load/vec4 v0x5b10b3dd60a0_0;
    %pushi/vec4 28799, 0, 32;
    %and;
    %pushi/vec4 19, 0, 32;
    %cmp/e;
    %flag_get/vec4 4;
    %cmp/u;
    %jmp/1 T_95.59, 6;
    %dup/vec4;
    %load/vec4 v0x5b10b3dd60a0_0;
    %pushi/vec4 28799, 0, 32;
    %and;
    %pushi/vec4 28691, 0, 32;
    %cmp/e;
    %flag_get/vec4 4;
    %cmp/u;
    %jmp/1 T_95.60, 6;
    %dup/vec4;
    %load/vec4 v0x5b10b3dd60a0_0;
    %pushi/vec4 28799, 0, 32;
    %and;
    %pushi/vec4 8211, 0, 32;
    %cmp/e;
    %flag_get/vec4 4;
    %cmp/u;
    %jmp/1 T_95.61, 6;
    %dup/vec4;
    %load/vec4 v0x5b10b3dd60a0_0;
    %pushi/vec4 28799, 0, 32;
    %and;
    %pushi/vec4 12307, 0, 32;
    %cmp/e;
    %flag_get/vec4 4;
    %cmp/u;
    %jmp/1 T_95.62, 6;
    %dup/vec4;
    %load/vec4 v0x5b10b3dd60a0_0;
    %pushi/vec4 28799, 0, 32;
    %and;
    %pushi/vec4 24595, 0, 32;
    %cmp/e;
    %flag_get/vec4 4;
    %cmp/u;
    %jmp/1 T_95.63, 6;
    %dup/vec4;
    %load/vec4 v0x5b10b3dd60a0_0;
    %pushi/vec4 28799, 0, 32;
    %and;
    %pushi/vec4 16403, 0, 32;
    %cmp/e;
    %flag_get/vec4 4;
    %cmp/u;
    %jmp/1 T_95.64, 6;
    %dup/vec4;
    %load/vec4 v0x5b10b3dd60a0_0;
    %pushi/vec4 28799, 0, 32;
    %and;
    %pushi/vec4 4211, 0, 32;
    %cmp/e;
    %flag_get/vec4 4;
    %cmp/u;
    %jmp/1 T_95.65, 6;
    %dup/vec4;
    %load/vec4 v0x5b10b3dd60a0_0;
    %pushi/vec4 28799, 0, 32;
    %and;
    %pushi/vec4 8307, 0, 32;
    %cmp/e;
    %flag_get/vec4 4;
    %cmp/u;
    %jmp/1 T_95.66, 6;
    %dup/vec4;
    %load/vec4 v0x5b10b3dd60a0_0;
    %pushi/vec4 28799, 0, 32;
    %and;
    %pushi/vec4 12403, 0, 32;
    %cmp/e;
    %flag_get/vec4 4;
    %cmp/u;
    %jmp/1 T_95.67, 6;
    %dup/vec4;
    %load/vec4 v0x5b10b3dd60a0_0;
    %pushi/vec4 28799, 0, 32;
    %and;
    %pushi/vec4 20595, 0, 32;
    %cmp/e;
    %flag_get/vec4 4;
    %cmp/u;
    %jmp/1 T_95.68, 6;
    %dup/vec4;
    %load/vec4 v0x5b10b3dd60a0_0;
    %pushi/vec4 28799, 0, 32;
    %and;
    %pushi/vec4 24691, 0, 32;
    %cmp/e;
    %flag_get/vec4 4;
    %cmp/u;
    %jmp/1 T_95.69, 6;
    %dup/vec4;
    %load/vec4 v0x5b10b3dd60a0_0;
    %pushi/vec4 28799, 0, 32;
    %and;
    %pushi/vec4 28787, 0, 32;
    %cmp/e;
    %flag_get/vec4 4;
    %cmp/u;
    %jmp/1 T_95.70, 6;
    %dup/vec4;
    %load/vec4 v0x5b10b3dd60a0_0;
    %pushi/vec4 4227887231, 0, 32;
    %and;
    %pushi/vec4 4115, 0, 32;
    %cmp/e;
    %flag_get/vec4 4;
    %cmp/u;
    %jmp/1 T_95.71, 6;
    %dup/vec4;
    %load/vec4 v0x5b10b3dd60a0_0;
    %pushi/vec4 4227887231, 0, 32;
    %and;
    %pushi/vec4 20499, 0, 32;
    %cmp/e;
    %flag_get/vec4 4;
    %cmp/u;
    %jmp/1 T_95.72, 6;
    %dup/vec4;
    %load/vec4 v0x5b10b3dd60a0_0;
    %pushi/vec4 4227887231, 0, 32;
    %and;
    %pushi/vec4 1073762323, 0, 32;
    %cmp/e;
    %flag_get/vec4 4;
    %cmp/u;
    %jmp/1 T_95.73, 6;
    %dup/vec4;
    %load/vec4 v0x5b10b3dd60a0_0;
    %pushi/vec4 127, 0, 32;
    %and;
    %pushi/vec4 55, 0, 32;
    %cmp/e;
    %flag_get/vec4 4;
    %cmp/u;
    %jmp/1 T_95.74, 6;
    %dup/vec4;
    %load/vec4 v0x5b10b3dd60a0_0;
    %pushi/vec4 127, 0, 32;
    %and;
    %pushi/vec4 23, 0, 32;
    %cmp/e;
    %flag_get/vec4 4;
    %cmp/u;
    %jmp/1 T_95.75, 6;
    %dup/vec4;
    %load/vec4 v0x5b10b3dd60a0_0;
    %pushi/vec4 127, 0, 32;
    %and;
    %pushi/vec4 111, 0, 32;
    %cmp/e;
    %flag_get/vec4 4;
    %cmp/u;
    %jmp/1 T_95.76, 6;
    %dup/vec4;
    %load/vec4 v0x5b10b3dd60a0_0;
    %pushi/vec4 28799, 0, 32;
    %and;
    %pushi/vec4 103, 0, 32;
    %cmp/e;
    %flag_get/vec4 4;
    %cmp/u;
    %jmp/1 T_95.77, 6;
    %dup/vec4;
    %load/vec4 v0x5b10b3dd60a0_0;
    %pushi/vec4 28799, 0, 32;
    %and;
    %pushi/vec4 3, 0, 32;
    %cmp/e;
    %flag_get/vec4 4;
    %cmp/u;
    %jmp/1 T_95.78, 6;
    %dup/vec4;
    %load/vec4 v0x5b10b3dd60a0_0;
    %pushi/vec4 28799, 0, 32;
    %and;
    %pushi/vec4 4099, 0, 32;
    %cmp/e;
    %flag_get/vec4 4;
    %cmp/u;
    %jmp/1 T_95.79, 6;
    %dup/vec4;
    %load/vec4 v0x5b10b3dd60a0_0;
    %pushi/vec4 28799, 0, 32;
    %and;
    %pushi/vec4 8195, 0, 32;
    %cmp/e;
    %flag_get/vec4 4;
    %cmp/u;
    %jmp/1 T_95.80, 6;
    %dup/vec4;
    %load/vec4 v0x5b10b3dd60a0_0;
    %pushi/vec4 28799, 0, 32;
    %and;
    %pushi/vec4 16387, 0, 32;
    %cmp/e;
    %flag_get/vec4 4;
    %cmp/u;
    %jmp/1 T_95.81, 6;
    %dup/vec4;
    %load/vec4 v0x5b10b3dd60a0_0;
    %pushi/vec4 28799, 0, 32;
    %and;
    %pushi/vec4 20483, 0, 32;
    %cmp/e;
    %flag_get/vec4 4;
    %cmp/u;
    %jmp/1 T_95.82, 6;
    %dup/vec4;
    %load/vec4 v0x5b10b3dd60a0_0;
    %pushi/vec4 28799, 0, 32;
    %and;
    %pushi/vec4 24579, 0, 32;
    %cmp/e;
    %flag_get/vec4 4;
    %cmp/u;
    %jmp/1 T_95.83, 6;
    %dup/vec4;
    %load/vec4 v0x5b10b3dd60a0_0;
    %pushi/vec4 28799, 0, 32;
    %and;
    %pushi/vec4 35, 0, 32;
    %cmp/e;
    %flag_get/vec4 4;
    %cmp/u;
    %jmp/1 T_95.84, 6;
    %dup/vec4;
    %load/vec4 v0x5b10b3dd60a0_0;
    %pushi/vec4 28799, 0, 32;
    %and;
    %pushi/vec4 4131, 0, 32;
    %cmp/e;
    %flag_get/vec4 4;
    %cmp/u;
    %jmp/1 T_95.85, 6;
    %dup/vec4;
    %load/vec4 v0x5b10b3dd60a0_0;
    %pushi/vec4 28799, 0, 32;
    %and;
    %pushi/vec4 8227, 0, 32;
    %cmp/e;
    %flag_get/vec4 4;
    %cmp/u;
    %jmp/1 T_95.86, 6;
    %jmp T_95.87;
T_95.59 ;
    %pushi/vec4 0, 0, 32; draw_string_vec4
    %pushi/vec4 0, 0, 32; draw_string_vec4
    %concat/vec4; draw_string_vec4
    %pushi/vec4 45, 0, 16; draw_string_vec4
    %concat/vec4; draw_string_vec4
    %store/vec4 v0x5b10b3746910_0, 0, 80;
    %jmp T_95.87;
T_95.60 ;
    %pushi/vec4 0, 0, 32; draw_string_vec4
    %pushi/vec4 0, 0, 32; draw_string_vec4
    %concat/vec4; draw_string_vec4
    %pushi/vec4 45, 0, 16; draw_string_vec4
    %concat/vec4; draw_string_vec4
    %store/vec4 v0x5b10b3746910_0, 0, 80;
    %jmp T_95.87;
T_95.61 ;
    %pushi/vec4 0, 0, 32; draw_string_vec4
    %pushi/vec4 0, 0, 32; draw_string_vec4
    %concat/vec4; draw_string_vec4
    %pushi/vec4 45, 0, 16; draw_string_vec4
    %concat/vec4; draw_string_vec4
    %store/vec4 v0x5b10b3746910_0, 0, 80;
    %jmp T_95.87;
T_95.62 ;
    %pushi/vec4 0, 0, 32; draw_string_vec4
    %pushi/vec4 0, 0, 32; draw_string_vec4
    %concat/vec4; draw_string_vec4
    %pushi/vec4 45, 0, 16; draw_string_vec4
    %concat/vec4; draw_string_vec4
    %store/vec4 v0x5b10b3746910_0, 0, 80;
    %jmp T_95.87;
T_95.63 ;
    %pushi/vec4 0, 0, 32; draw_string_vec4
    %pushi/vec4 0, 0, 32; draw_string_vec4
    %concat/vec4; draw_string_vec4
    %pushi/vec4 45, 0, 16; draw_string_vec4
    %concat/vec4; draw_string_vec4
    %store/vec4 v0x5b10b3746910_0, 0, 80;
    %jmp T_95.87;
T_95.64 ;
    %pushi/vec4 0, 0, 32; draw_string_vec4
    %pushi/vec4 0, 0, 32; draw_string_vec4
    %concat/vec4; draw_string_vec4
    %pushi/vec4 45, 0, 16; draw_string_vec4
    %concat/vec4; draw_string_vec4
    %store/vec4 v0x5b10b3746910_0, 0, 80;
    %jmp T_95.87;
T_95.65 ;
    %pushi/vec4 0, 0, 32; draw_string_vec4
    %pushi/vec4 0, 0, 32; draw_string_vec4
    %concat/vec4; draw_string_vec4
    %pushi/vec4 45, 0, 16; draw_string_vec4
    %concat/vec4; draw_string_vec4
    %store/vec4 v0x5b10b3746910_0, 0, 80;
    %jmp T_95.87;
T_95.66 ;
    %pushi/vec4 0, 0, 32; draw_string_vec4
    %pushi/vec4 0, 0, 32; draw_string_vec4
    %concat/vec4; draw_string_vec4
    %pushi/vec4 45, 0, 16; draw_string_vec4
    %concat/vec4; draw_string_vec4
    %store/vec4 v0x5b10b3746910_0, 0, 80;
    %jmp T_95.87;
T_95.67 ;
    %pushi/vec4 0, 0, 32; draw_string_vec4
    %pushi/vec4 0, 0, 32; draw_string_vec4
    %concat/vec4; draw_string_vec4
    %pushi/vec4 45, 0, 16; draw_string_vec4
    %concat/vec4; draw_string_vec4
    %store/vec4 v0x5b10b3746910_0, 0, 80;
    %jmp T_95.87;
T_95.68 ;
    %pushi/vec4 0, 0, 32; draw_string_vec4
    %pushi/vec4 0, 0, 32; draw_string_vec4
    %concat/vec4; draw_string_vec4
    %pushi/vec4 45, 0, 16; draw_string_vec4
    %concat/vec4; draw_string_vec4
    %store/vec4 v0x5b10b3746910_0, 0, 80;
    %jmp T_95.87;
T_95.69 ;
    %pushi/vec4 0, 0, 32; draw_string_vec4
    %pushi/vec4 0, 0, 32; draw_string_vec4
    %concat/vec4; draw_string_vec4
    %pushi/vec4 45, 0, 16; draw_string_vec4
    %concat/vec4; draw_string_vec4
    %store/vec4 v0x5b10b3746910_0, 0, 80;
    %jmp T_95.87;
T_95.70 ;
    %pushi/vec4 0, 0, 32; draw_string_vec4
    %pushi/vec4 0, 0, 32; draw_string_vec4
    %concat/vec4; draw_string_vec4
    %pushi/vec4 45, 0, 16; draw_string_vec4
    %concat/vec4; draw_string_vec4
    %store/vec4 v0x5b10b3746910_0, 0, 80;
    %jmp T_95.87;
T_95.71 ;
    %pushi/vec4 0, 0, 32; draw_string_vec4
    %pushi/vec4 0, 0, 32; draw_string_vec4
    %concat/vec4; draw_string_vec4
    %pushi/vec4 45, 0, 16; draw_string_vec4
    %concat/vec4; draw_string_vec4
    %store/vec4 v0x5b10b3746910_0, 0, 80;
    %jmp T_95.87;
T_95.72 ;
    %pushi/vec4 0, 0, 32; draw_string_vec4
    %pushi/vec4 0, 0, 32; draw_string_vec4
    %concat/vec4; draw_string_vec4
    %pushi/vec4 45, 0, 16; draw_string_vec4
    %concat/vec4; draw_string_vec4
    %store/vec4 v0x5b10b3746910_0, 0, 80;
    %jmp T_95.87;
T_95.73 ;
    %pushi/vec4 0, 0, 32; draw_string_vec4
    %pushi/vec4 0, 0, 32; draw_string_vec4
    %concat/vec4; draw_string_vec4
    %pushi/vec4 45, 0, 16; draw_string_vec4
    %concat/vec4; draw_string_vec4
    %store/vec4 v0x5b10b3746910_0, 0, 80;
    %jmp T_95.87;
T_95.74 ;
    %pushi/vec4 0, 0, 32; draw_string_vec4
    %pushi/vec4 0, 0, 32; draw_string_vec4
    %concat/vec4; draw_string_vec4
    %pushi/vec4 45, 0, 16; draw_string_vec4
    %concat/vec4; draw_string_vec4
    %store/vec4 v0x5b10b3c55fc0_0, 0, 80;
    %pushi/vec4 0, 0, 32; draw_string_vec4
    %pushi/vec4 0, 0, 32; draw_string_vec4
    %concat/vec4; draw_string_vec4
    %pushi/vec4 45, 0, 16; draw_string_vec4
    %concat/vec4; draw_string_vec4
    %store/vec4 v0x5b10b3746910_0, 0, 80;
    %jmp T_95.87;
T_95.75 ;
    %pushi/vec4 0, 0, 32; draw_string_vec4
    %pushi/vec4 0, 0, 32; draw_string_vec4
    %concat/vec4; draw_string_vec4
    %pushi/vec4 28771, 0, 16; draw_string_vec4
    %concat/vec4; draw_string_vec4
    %store/vec4 v0x5b10b3c55fc0_0, 0, 80;
    %pushi/vec4 0, 0, 32; draw_string_vec4
    %pushi/vec4 0, 0, 32; draw_string_vec4
    %concat/vec4; draw_string_vec4
    %pushi/vec4 45, 0, 16; draw_string_vec4
    %concat/vec4; draw_string_vec4
    %store/vec4 v0x5b10b3746910_0, 0, 80;
    %jmp T_95.87;
T_95.76 ;
    %pushi/vec4 0, 0, 32; draw_string_vec4
    %pushi/vec4 0, 0, 32; draw_string_vec4
    %concat/vec4; draw_string_vec4
    %pushi/vec4 45, 0, 16; draw_string_vec4
    %concat/vec4; draw_string_vec4
    %store/vec4 v0x5b10b3c55fc0_0, 0, 80;
    %pushi/vec4 0, 0, 32; draw_string_vec4
    %pushi/vec4 0, 0, 32; draw_string_vec4
    %concat/vec4; draw_string_vec4
    %pushi/vec4 45, 0, 16; draw_string_vec4
    %concat/vec4; draw_string_vec4
    %store/vec4 v0x5b10b3746910_0, 0, 80;
    %load/vec4 v0x5b10b3c23920_0;
    %cmpi/e 1, 0, 5;
    %jmp/0xz  T_95.88, 4;
    %pushi/vec4 0, 0, 32; draw_string_vec4
    %pushi/vec4 25441, 0, 32; draw_string_vec4
    %concat/vec4; draw_string_vec4
    %pushi/vec4 27756, 0, 16; draw_string_vec4
    %concat/vec4; draw_string_vec4
    %store/vec4 v0x5b10b3ca7190_0, 0, 80;
T_95.88 ;
    %jmp T_95.87;
T_95.77 ;
    %pushi/vec4 0, 0, 32; draw_string_vec4
    %pushi/vec4 0, 0, 32; draw_string_vec4
    %concat/vec4; draw_string_vec4
    %pushi/vec4 45, 0, 16; draw_string_vec4
    %concat/vec4; draw_string_vec4
    %store/vec4 v0x5b10b3746910_0, 0, 80;
    %load/vec4 v0x5b10b3d87bd0_0;
    %pushi/vec4 1, 0, 5;
    %cmp/e;
    %flag_get/vec4 4;
    %load/vec4 v0x5b10b3dd60a0_0;
    %parti/s 1, 31, 6;
    %replicate 20;
    %load/vec4 v0x5b10b3dd60a0_0;
    %parti/s 12, 20, 6;
    %concat/vec4; draw_concat_vec4
    %pushi/vec4 0, 0, 32;
    %cmp/e;
    %flag_get/vec4 4;
    %and;
    %flag_set/vec4 8;
    %jmp/0xz  T_95.90, 8;
    %pushi/vec4 0, 0, 32; draw_string_vec4
    %pushi/vec4 114, 0, 32; draw_string_vec4
    %concat/vec4; draw_string_vec4
    %pushi/vec4 25972, 0, 16; draw_string_vec4
    %concat/vec4; draw_string_vec4
    %store/vec4 v0x5b10b3ca7190_0, 0, 80;
    %jmp T_95.91;
T_95.90 ;
    %load/vec4 v0x5b10b3c23920_0;
    %cmpi/e 1, 0, 5;
    %jmp/0xz  T_95.92, 4;
    %pushi/vec4 25441, 0, 32; draw_string_vec4
    %pushi/vec4 1819025448, 0, 32; draw_string_vec4
    %concat/vec4; draw_string_vec4
    %pushi/vec4 21033, 0, 16; draw_string_vec4
    %concat/vec4; draw_string_vec4
    %store/vec4 v0x5b10b3ca7190_0, 0, 80;
T_95.92 ;
T_95.91 ;
    %jmp T_95.87;
T_95.78 ;
    %pushi/vec4 0, 0, 32; draw_string_vec4
    %pushi/vec4 0, 0, 32; draw_string_vec4
    %concat/vec4; draw_string_vec4
    %pushi/vec4 45, 0, 16; draw_string_vec4
    %concat/vec4; draw_string_vec4
    %store/vec4 v0x5b10b3746910_0, 0, 80;
    %jmp T_95.87;
T_95.79 ;
    %pushi/vec4 0, 0, 32; draw_string_vec4
    %pushi/vec4 0, 0, 32; draw_string_vec4
    %concat/vec4; draw_string_vec4
    %pushi/vec4 45, 0, 16; draw_string_vec4
    %concat/vec4; draw_string_vec4
    %store/vec4 v0x5b10b3746910_0, 0, 80;
    %jmp T_95.87;
T_95.80 ;
    %pushi/vec4 0, 0, 32; draw_string_vec4
    %pushi/vec4 0, 0, 32; draw_string_vec4
    %concat/vec4; draw_string_vec4
    %pushi/vec4 45, 0, 16; draw_string_vec4
    %concat/vec4; draw_string_vec4
    %store/vec4 v0x5b10b3746910_0, 0, 80;
    %jmp T_95.87;
T_95.81 ;
    %pushi/vec4 0, 0, 32; draw_string_vec4
    %pushi/vec4 0, 0, 32; draw_string_vec4
    %concat/vec4; draw_string_vec4
    %pushi/vec4 45, 0, 16; draw_string_vec4
    %concat/vec4; draw_string_vec4
    %store/vec4 v0x5b10b3746910_0, 0, 80;
    %jmp T_95.87;
T_95.82 ;
    %pushi/vec4 0, 0, 32; draw_string_vec4
    %pushi/vec4 0, 0, 32; draw_string_vec4
    %concat/vec4; draw_string_vec4
    %pushi/vec4 45, 0, 16; draw_string_vec4
    %concat/vec4; draw_string_vec4
    %store/vec4 v0x5b10b3746910_0, 0, 80;
    %jmp T_95.87;
T_95.83 ;
    %pushi/vec4 0, 0, 32; draw_string_vec4
    %pushi/vec4 0, 0, 32; draw_string_vec4
    %concat/vec4; draw_string_vec4
    %pushi/vec4 45, 0, 16; draw_string_vec4
    %concat/vec4; draw_string_vec4
    %store/vec4 v0x5b10b3746910_0, 0, 80;
    %jmp T_95.87;
T_95.84 ;
    %pushi/vec4 0, 0, 32; draw_string_vec4
    %pushi/vec4 0, 0, 32; draw_string_vec4
    %concat/vec4; draw_string_vec4
    %pushi/vec4 45, 0, 16; draw_string_vec4
    %concat/vec4; draw_string_vec4
    %store/vec4 v0x5b10b3d6c0e0_0, 0, 80;
    %jmp T_95.87;
T_95.85 ;
    %pushi/vec4 0, 0, 32; draw_string_vec4
    %pushi/vec4 0, 0, 32; draw_string_vec4
    %concat/vec4; draw_string_vec4
    %pushi/vec4 45, 0, 16; draw_string_vec4
    %concat/vec4; draw_string_vec4
    %store/vec4 v0x5b10b3d6c0e0_0, 0, 80;
    %jmp T_95.87;
T_95.86 ;
    %pushi/vec4 0, 0, 32; draw_string_vec4
    %pushi/vec4 0, 0, 32; draw_string_vec4
    %concat/vec4; draw_string_vec4
    %pushi/vec4 45, 0, 16; draw_string_vec4
    %concat/vec4; draw_string_vec4
    %store/vec4 v0x5b10b3d6c0e0_0, 0, 80;
    %jmp T_95.87;
T_95.87 ;
    %pop/vec4 1;
T_95.0 ;
    %jmp T_95;
    .thread T_95, $push;
    .scope S_0x5b10b3befb00;
T_96 ;
    %wait E_0x5b10b35f5b20;
    %pushi/vec4 0, 0, 32; draw_string_vec4
    %pushi/vec4 0, 0, 32; draw_string_vec4
    %concat/vec4; draw_string_vec4
    %pushi/vec4 45, 0, 16; draw_string_vec4
    %concat/vec4; draw_string_vec4
    %store/vec4 v0x5b10b38e43e0_0, 0, 80;
    %pushi/vec4 0, 0, 32; draw_string_vec4
    %pushi/vec4 0, 0, 32; draw_string_vec4
    %concat/vec4; draw_string_vec4
    %pushi/vec4 45, 0, 16; draw_string_vec4
    %concat/vec4; draw_string_vec4
    %store/vec4 v0x5b10b38e46e0_0, 0, 80;
    %pushi/vec4 0, 0, 32; draw_string_vec4
    %pushi/vec4 0, 0, 32; draw_string_vec4
    %concat/vec4; draw_string_vec4
    %pushi/vec4 45, 0, 16; draw_string_vec4
    %concat/vec4; draw_string_vec4
    %store/vec4 v0x5b10b38e40e0_0, 0, 80;
    %pushi/vec4 0, 0, 32; draw_string_vec4
    %pushi/vec4 0, 0, 32; draw_string_vec4
    %concat/vec4; draw_string_vec4
    %pushi/vec4 45, 0, 16; draw_string_vec4
    %concat/vec4; draw_string_vec4
    %store/vec4 v0x5b10b38e3910_0, 0, 80;
    %load/vec4 v0x5b10b38e2d70_0;
    %flag_set/vec4 8;
    %jmp/0xz  T_96.0, 8;
    %load/vec4 v0x5b10b39233e0_0;
    %store/vec4 v0x5b10b3ca3b10_0, 0, 5;
    %callf/vec4 TD_tb_top.trace_inst_1.get_regname_str, S_0x5b10b3c86a90;
    %store/vec4 v0x5b10b38e46e0_0, 0, 80;
    %load/vec4 v0x5b10b391c600_0;
    %store/vec4 v0x5b10b3ca3b10_0, 0, 5;
    %callf/vec4 TD_tb_top.trace_inst_1.get_regname_str, S_0x5b10b3c86a90;
    %store/vec4 v0x5b10b38e40e0_0, 0, 80;
    %load/vec4 v0x5b10b38e4260_0;
    %store/vec4 v0x5b10b3ca3b10_0, 0, 5;
    %callf/vec4 TD_tb_top.trace_inst_1.get_regname_str, S_0x5b10b3c86a90;
    %store/vec4 v0x5b10b38e3910_0, 0, 80;
    %pushi/vec4 1, 0, 1;
    %dup/vec4;
    %load/vec4 v0x5b10b38e4560_0;
    %pushi/vec4 28799, 0, 32;
    %and;
    %pushi/vec4 28691, 0, 32;
    %cmp/e;
    %flag_get/vec4 4;
    %cmp/u;
    %jmp/1 T_96.2, 6;
    %dup/vec4;
    %load/vec4 v0x5b10b38e4560_0;
    %pushi/vec4 28799, 0, 32;
    %and;
    %pushi/vec4 19, 0, 32;
    %cmp/e;
    %flag_get/vec4 4;
    %cmp/u;
    %jmp/1 T_96.3, 6;
    %dup/vec4;
    %load/vec4 v0x5b10b38e4560_0;
    %pushi/vec4 28799, 0, 32;
    %and;
    %pushi/vec4 8211, 0, 32;
    %cmp/e;
    %flag_get/vec4 4;
    %cmp/u;
    %jmp/1 T_96.4, 6;
    %dup/vec4;
    %load/vec4 v0x5b10b38e4560_0;
    %pushi/vec4 28799, 0, 32;
    %and;
    %pushi/vec4 12307, 0, 32;
    %cmp/e;
    %flag_get/vec4 4;
    %cmp/u;
    %jmp/1 T_96.5, 6;
    %dup/vec4;
    %load/vec4 v0x5b10b38e4560_0;
    %pushi/vec4 28799, 0, 32;
    %and;
    %pushi/vec4 24595, 0, 32;
    %cmp/e;
    %flag_get/vec4 4;
    %cmp/u;
    %jmp/1 T_96.6, 6;
    %dup/vec4;
    %load/vec4 v0x5b10b38e4560_0;
    %pushi/vec4 28799, 0, 32;
    %and;
    %pushi/vec4 16403, 0, 32;
    %cmp/e;
    %flag_get/vec4 4;
    %cmp/u;
    %jmp/1 T_96.7, 6;
    %dup/vec4;
    %load/vec4 v0x5b10b38e4560_0;
    %pushi/vec4 4227887231, 0, 32;
    %and;
    %pushi/vec4 4115, 0, 32;
    %cmp/e;
    %flag_get/vec4 4;
    %cmp/u;
    %jmp/1 T_96.8, 6;
    %dup/vec4;
    %load/vec4 v0x5b10b38e4560_0;
    %pushi/vec4 4227887231, 0, 32;
    %and;
    %pushi/vec4 20499, 0, 32;
    %cmp/e;
    %flag_get/vec4 4;
    %cmp/u;
    %jmp/1 T_96.9, 6;
    %dup/vec4;
    %load/vec4 v0x5b10b38e4560_0;
    %pushi/vec4 4227887231, 0, 32;
    %and;
    %pushi/vec4 1073762323, 0, 32;
    %cmp/e;
    %flag_get/vec4 4;
    %cmp/u;
    %jmp/1 T_96.10, 6;
    %dup/vec4;
    %load/vec4 v0x5b10b38e4560_0;
    %pushi/vec4 127, 0, 32;
    %and;
    %pushi/vec4 55, 0, 32;
    %cmp/e;
    %flag_get/vec4 4;
    %cmp/u;
    %jmp/1 T_96.11, 6;
    %dup/vec4;
    %load/vec4 v0x5b10b38e4560_0;
    %pushi/vec4 127, 0, 32;
    %and;
    %pushi/vec4 23, 0, 32;
    %cmp/e;
    %flag_get/vec4 4;
    %cmp/u;
    %jmp/1 T_96.12, 6;
    %dup/vec4;
    %load/vec4 v0x5b10b38e4560_0;
    %pushi/vec4 4261441663, 0, 32;
    %and;
    %pushi/vec4 51, 0, 32;
    %cmp/e;
    %flag_get/vec4 4;
    %cmp/u;
    %jmp/1 T_96.13, 6;
    %dup/vec4;
    %load/vec4 v0x5b10b38e4560_0;
    %pushi/vec4 4261441663, 0, 32;
    %and;
    %pushi/vec4 1073741875, 0, 32;
    %cmp/e;
    %flag_get/vec4 4;
    %cmp/u;
    %jmp/1 T_96.14, 6;
    %dup/vec4;
    %load/vec4 v0x5b10b38e4560_0;
    %pushi/vec4 4261441663, 0, 32;
    %and;
    %pushi/vec4 8243, 0, 32;
    %cmp/e;
    %flag_get/vec4 4;
    %cmp/u;
    %jmp/1 T_96.15, 6;
    %dup/vec4;
    %load/vec4 v0x5b10b38e4560_0;
    %pushi/vec4 4261441663, 0, 32;
    %and;
    %pushi/vec4 12339, 0, 32;
    %cmp/e;
    %flag_get/vec4 4;
    %cmp/u;
    %jmp/1 T_96.16, 6;
    %dup/vec4;
    %load/vec4 v0x5b10b38e4560_0;
    %pushi/vec4 4261441663, 0, 32;
    %and;
    %pushi/vec4 16435, 0, 32;
    %cmp/e;
    %flag_get/vec4 4;
    %cmp/u;
    %jmp/1 T_96.17, 6;
    %dup/vec4;
    %load/vec4 v0x5b10b38e4560_0;
    %pushi/vec4 4261441663, 0, 32;
    %and;
    %pushi/vec4 24627, 0, 32;
    %cmp/e;
    %flag_get/vec4 4;
    %cmp/u;
    %jmp/1 T_96.18, 6;
    %dup/vec4;
    %load/vec4 v0x5b10b38e4560_0;
    %pushi/vec4 4261441663, 0, 32;
    %and;
    %pushi/vec4 28723, 0, 32;
    %cmp/e;
    %flag_get/vec4 4;
    %cmp/u;
    %jmp/1 T_96.19, 6;
    %dup/vec4;
    %load/vec4 v0x5b10b38e4560_0;
    %pushi/vec4 4261441663, 0, 32;
    %and;
    %pushi/vec4 4147, 0, 32;
    %cmp/e;
    %flag_get/vec4 4;
    %cmp/u;
    %jmp/1 T_96.20, 6;
    %dup/vec4;
    %load/vec4 v0x5b10b38e4560_0;
    %pushi/vec4 4261441663, 0, 32;
    %and;
    %pushi/vec4 20531, 0, 32;
    %cmp/e;
    %flag_get/vec4 4;
    %cmp/u;
    %jmp/1 T_96.21, 6;
    %dup/vec4;
    %load/vec4 v0x5b10b38e4560_0;
    %pushi/vec4 4261441663, 0, 32;
    %and;
    %pushi/vec4 1073762355, 0, 32;
    %cmp/e;
    %flag_get/vec4 4;
    %cmp/u;
    %jmp/1 T_96.22, 6;
    %dup/vec4;
    %load/vec4 v0x5b10b38e4560_0;
    %pushi/vec4 127, 0, 32;
    %and;
    %pushi/vec4 111, 0, 32;
    %cmp/e;
    %flag_get/vec4 4;
    %cmp/u;
    %jmp/1 T_96.23, 6;
    %dup/vec4;
    %load/vec4 v0x5b10b38e4560_0;
    %pushi/vec4 28799, 0, 32;
    %and;
    %pushi/vec4 103, 0, 32;
    %cmp/e;
    %flag_get/vec4 4;
    %cmp/u;
    %jmp/1 T_96.24, 6;
    %dup/vec4;
    %load/vec4 v0x5b10b38e4560_0;
    %pushi/vec4 28799, 0, 32;
    %and;
    %pushi/vec4 99, 0, 32;
    %cmp/e;
    %flag_get/vec4 4;
    %cmp/u;
    %jmp/1 T_96.25, 6;
    %dup/vec4;
    %load/vec4 v0x5b10b38e4560_0;
    %pushi/vec4 28799, 0, 32;
    %and;
    %pushi/vec4 4195, 0, 32;
    %cmp/e;
    %flag_get/vec4 4;
    %cmp/u;
    %jmp/1 T_96.26, 6;
    %dup/vec4;
    %load/vec4 v0x5b10b38e4560_0;
    %pushi/vec4 28799, 0, 32;
    %and;
    %pushi/vec4 16483, 0, 32;
    %cmp/e;
    %flag_get/vec4 4;
    %cmp/u;
    %jmp/1 T_96.27, 6;
    %dup/vec4;
    %load/vec4 v0x5b10b38e4560_0;
    %pushi/vec4 28799, 0, 32;
    %and;
    %pushi/vec4 20579, 0, 32;
    %cmp/e;
    %flag_get/vec4 4;
    %cmp/u;
    %jmp/1 T_96.28, 6;
    %dup/vec4;
    %load/vec4 v0x5b10b38e4560_0;
    %pushi/vec4 28799, 0, 32;
    %and;
    %pushi/vec4 24675, 0, 32;
    %cmp/e;
    %flag_get/vec4 4;
    %cmp/u;
    %jmp/1 T_96.29, 6;
    %dup/vec4;
    %load/vec4 v0x5b10b38e4560_0;
    %pushi/vec4 28799, 0, 32;
    %and;
    %pushi/vec4 28771, 0, 32;
    %cmp/e;
    %flag_get/vec4 4;
    %cmp/u;
    %jmp/1 T_96.30, 6;
    %dup/vec4;
    %load/vec4 v0x5b10b38e4560_0;
    %pushi/vec4 28799, 0, 32;
    %and;
    %pushi/vec4 3, 0, 32;
    %cmp/e;
    %flag_get/vec4 4;
    %cmp/u;
    %jmp/1 T_96.31, 6;
    %dup/vec4;
    %load/vec4 v0x5b10b38e4560_0;
    %pushi/vec4 28799, 0, 32;
    %and;
    %pushi/vec4 4099, 0, 32;
    %cmp/e;
    %flag_get/vec4 4;
    %cmp/u;
    %jmp/1 T_96.32, 6;
    %dup/vec4;
    %load/vec4 v0x5b10b38e4560_0;
    %pushi/vec4 28799, 0, 32;
    %and;
    %pushi/vec4 8195, 0, 32;
    %cmp/e;
    %flag_get/vec4 4;
    %cmp/u;
    %jmp/1 T_96.33, 6;
    %dup/vec4;
    %load/vec4 v0x5b10b38e4560_0;
    %pushi/vec4 28799, 0, 32;
    %and;
    %pushi/vec4 16387, 0, 32;
    %cmp/e;
    %flag_get/vec4 4;
    %cmp/u;
    %jmp/1 T_96.34, 6;
    %dup/vec4;
    %load/vec4 v0x5b10b38e4560_0;
    %pushi/vec4 28799, 0, 32;
    %and;
    %pushi/vec4 20483, 0, 32;
    %cmp/e;
    %flag_get/vec4 4;
    %cmp/u;
    %jmp/1 T_96.35, 6;
    %dup/vec4;
    %load/vec4 v0x5b10b38e4560_0;
    %pushi/vec4 28799, 0, 32;
    %and;
    %pushi/vec4 24579, 0, 32;
    %cmp/e;
    %flag_get/vec4 4;
    %cmp/u;
    %jmp/1 T_96.36, 6;
    %dup/vec4;
    %load/vec4 v0x5b10b38e4560_0;
    %pushi/vec4 28799, 0, 32;
    %and;
    %pushi/vec4 35, 0, 32;
    %cmp/e;
    %flag_get/vec4 4;
    %cmp/u;
    %jmp/1 T_96.37, 6;
    %dup/vec4;
    %load/vec4 v0x5b10b38e4560_0;
    %pushi/vec4 28799, 0, 32;
    %and;
    %pushi/vec4 4131, 0, 32;
    %cmp/e;
    %flag_get/vec4 4;
    %cmp/u;
    %jmp/1 T_96.38, 6;
    %dup/vec4;
    %load/vec4 v0x5b10b38e4560_0;
    %pushi/vec4 28799, 0, 32;
    %and;
    %pushi/vec4 8227, 0, 32;
    %cmp/e;
    %flag_get/vec4 4;
    %cmp/u;
    %jmp/1 T_96.39, 6;
    %dup/vec4;
    %load/vec4 v0x5b10b38e4560_0;
    %pushi/vec4 4294967295, 0, 32;
    %and;
    %pushi/vec4 115, 0, 32;
    %cmp/e;
    %flag_get/vec4 4;
    %cmp/u;
    %jmp/1 T_96.40, 6;
    %dup/vec4;
    %load/vec4 v0x5b10b38e4560_0;
    %pushi/vec4 4294967295, 0, 32;
    %and;
    %pushi/vec4 1048691, 0, 32;
    %cmp/e;
    %flag_get/vec4 4;
    %cmp/u;
    %jmp/1 T_96.41, 6;
    %dup/vec4;
    %load/vec4 v0x5b10b38e4560_0;
    %pushi/vec4 3489660927, 0, 32;
    %and;
    %pushi/vec4 2097267, 0, 32;
    %cmp/e;
    %flag_get/vec4 4;
    %cmp/u;
    %jmp/1 T_96.42, 6;
    %dup/vec4;
    %load/vec4 v0x5b10b38e4560_0;
    %pushi/vec4 28799, 0, 32;
    %and;
    %pushi/vec4 4211, 0, 32;
    %cmp/e;
    %flag_get/vec4 4;
    %cmp/u;
    %jmp/1 T_96.43, 6;
    %dup/vec4;
    %load/vec4 v0x5b10b38e4560_0;
    %pushi/vec4 28799, 0, 32;
    %and;
    %pushi/vec4 8307, 0, 32;
    %cmp/e;
    %flag_get/vec4 4;
    %cmp/u;
    %jmp/1 T_96.44, 6;
    %dup/vec4;
    %load/vec4 v0x5b10b38e4560_0;
    %pushi/vec4 28799, 0, 32;
    %and;
    %pushi/vec4 12403, 0, 32;
    %cmp/e;
    %flag_get/vec4 4;
    %cmp/u;
    %jmp/1 T_96.45, 6;
    %dup/vec4;
    %load/vec4 v0x5b10b38e4560_0;
    %pushi/vec4 28799, 0, 32;
    %and;
    %pushi/vec4 20595, 0, 32;
    %cmp/e;
    %flag_get/vec4 4;
    %cmp/u;
    %jmp/1 T_96.46, 6;
    %dup/vec4;
    %load/vec4 v0x5b10b38e4560_0;
    %pushi/vec4 28799, 0, 32;
    %and;
    %pushi/vec4 24691, 0, 32;
    %cmp/e;
    %flag_get/vec4 4;
    %cmp/u;
    %jmp/1 T_96.47, 6;
    %dup/vec4;
    %load/vec4 v0x5b10b38e4560_0;
    %pushi/vec4 28799, 0, 32;
    %and;
    %pushi/vec4 28787, 0, 32;
    %cmp/e;
    %flag_get/vec4 4;
    %cmp/u;
    %jmp/1 T_96.48, 6;
    %dup/vec4;
    %load/vec4 v0x5b10b38e4560_0;
    %pushi/vec4 4261441663, 0, 32;
    %and;
    %pushi/vec4 33554483, 0, 32;
    %cmp/e;
    %flag_get/vec4 4;
    %cmp/u;
    %jmp/1 T_96.49, 6;
    %dup/vec4;
    %load/vec4 v0x5b10b38e4560_0;
    %pushi/vec4 4261441663, 0, 32;
    %and;
    %pushi/vec4 33558579, 0, 32;
    %cmp/e;
    %flag_get/vec4 4;
    %cmp/u;
    %jmp/1 T_96.50, 6;
    %dup/vec4;
    %load/vec4 v0x5b10b38e4560_0;
    %pushi/vec4 4261441663, 0, 32;
    %and;
    %pushi/vec4 33562675, 0, 32;
    %cmp/e;
    %flag_get/vec4 4;
    %cmp/u;
    %jmp/1 T_96.51, 6;
    %dup/vec4;
    %load/vec4 v0x5b10b38e4560_0;
    %pushi/vec4 4261441663, 0, 32;
    %and;
    %pushi/vec4 33566771, 0, 32;
    %cmp/e;
    %flag_get/vec4 4;
    %cmp/u;
    %jmp/1 T_96.52, 6;
    %dup/vec4;
    %load/vec4 v0x5b10b38e4560_0;
    %pushi/vec4 4261441663, 0, 32;
    %and;
    %pushi/vec4 33570867, 0, 32;
    %cmp/e;
    %flag_get/vec4 4;
    %cmp/u;
    %jmp/1 T_96.53, 6;
    %dup/vec4;
    %load/vec4 v0x5b10b38e4560_0;
    %pushi/vec4 4261441663, 0, 32;
    %and;
    %pushi/vec4 33574963, 0, 32;
    %cmp/e;
    %flag_get/vec4 4;
    %cmp/u;
    %jmp/1 T_96.54, 6;
    %dup/vec4;
    %load/vec4 v0x5b10b38e4560_0;
    %pushi/vec4 4261441663, 0, 32;
    %and;
    %pushi/vec4 33579059, 0, 32;
    %cmp/e;
    %flag_get/vec4 4;
    %cmp/u;
    %jmp/1 T_96.55, 6;
    %dup/vec4;
    %load/vec4 v0x5b10b38e4560_0;
    %pushi/vec4 4261441663, 0, 32;
    %and;
    %pushi/vec4 33583155, 0, 32;
    %cmp/e;
    %flag_get/vec4 4;
    %cmp/u;
    %jmp/1 T_96.56, 6;
    %dup/vec4;
    %load/vec4 v0x5b10b38e4560_0;
    %pushi/vec4 28799, 0, 32;
    %and;
    %pushi/vec4 4111, 0, 32;
    %cmp/e;
    %flag_get/vec4 4;
    %cmp/u;
    %jmp/1 T_96.57, 6;
    %jmp T_96.58;
T_96.2 ;
    %pushi/vec4 0, 0, 32; draw_string_vec4
    %pushi/vec4 24942, 0, 32; draw_string_vec4
    %concat/vec4; draw_string_vec4
    %pushi/vec4 25705, 0, 16; draw_string_vec4
    %concat/vec4; draw_string_vec4
    %store/vec4 v0x5b10b38e43e0_0, 0, 80;
    %jmp T_96.58;
T_96.3 ;
    %pushi/vec4 0, 0, 32; draw_string_vec4
    %pushi/vec4 24932, 0, 32; draw_string_vec4
    %concat/vec4; draw_string_vec4
    %pushi/vec4 25705, 0, 16; draw_string_vec4
    %concat/vec4; draw_string_vec4
    %store/vec4 v0x5b10b38e43e0_0, 0, 80;
    %jmp T_96.58;
T_96.4 ;
    %pushi/vec4 0, 0, 32; draw_string_vec4
    %pushi/vec4 29548, 0, 32; draw_string_vec4
    %concat/vec4; draw_string_vec4
    %pushi/vec4 29801, 0, 16; draw_string_vec4
    %concat/vec4; draw_string_vec4
    %store/vec4 v0x5b10b38e43e0_0, 0, 80;
    %jmp T_96.58;
T_96.5 ;
    %pushi/vec4 0, 0, 32; draw_string_vec4
    %pushi/vec4 7564404, 0, 32; draw_string_vec4
    %concat/vec4; draw_string_vec4
    %pushi/vec4 26997, 0, 16; draw_string_vec4
    %concat/vec4; draw_string_vec4
    %store/vec4 v0x5b10b38e43e0_0, 0, 80;
    %jmp T_96.58;
T_96.6 ;
    %pushi/vec4 0, 0, 32; draw_string_vec4
    %pushi/vec4 111, 0, 32; draw_string_vec4
    %concat/vec4; draw_string_vec4
    %pushi/vec4 29289, 0, 16; draw_string_vec4
    %concat/vec4; draw_string_vec4
    %store/vec4 v0x5b10b38e43e0_0, 0, 80;
    %jmp T_96.58;
T_96.7 ;
    %pushi/vec4 0, 0, 32; draw_string_vec4
    %pushi/vec4 30831, 0, 32; draw_string_vec4
    %concat/vec4; draw_string_vec4
    %pushi/vec4 29289, 0, 16; draw_string_vec4
    %concat/vec4; draw_string_vec4
    %store/vec4 v0x5b10b38e43e0_0, 0, 80;
    %jmp T_96.58;
T_96.8 ;
    %pushi/vec4 0, 0, 32; draw_string_vec4
    %pushi/vec4 29548, 0, 32; draw_string_vec4
    %concat/vec4; draw_string_vec4
    %pushi/vec4 27753, 0, 16; draw_string_vec4
    %concat/vec4; draw_string_vec4
    %store/vec4 v0x5b10b38e43e0_0, 0, 80;
    %jmp T_96.58;
T_96.9 ;
    %pushi/vec4 0, 0, 32; draw_string_vec4
    %pushi/vec4 29554, 0, 32; draw_string_vec4
    %concat/vec4; draw_string_vec4
    %pushi/vec4 27753, 0, 16; draw_string_vec4
    %concat/vec4; draw_string_vec4
    %store/vec4 v0x5b10b38e43e0_0, 0, 80;
    %jmp T_96.58;
T_96.10 ;
    %pushi/vec4 0, 0, 32; draw_string_vec4
    %pushi/vec4 29554, 0, 32; draw_string_vec4
    %concat/vec4; draw_string_vec4
    %pushi/vec4 24937, 0, 16; draw_string_vec4
    %concat/vec4; draw_string_vec4
    %store/vec4 v0x5b10b38e43e0_0, 0, 80;
    %jmp T_96.58;
T_96.11 ;
    %pushi/vec4 0, 0, 32; draw_string_vec4
    %pushi/vec4 108, 0, 32; draw_string_vec4
    %concat/vec4; draw_string_vec4
    %pushi/vec4 30057, 0, 16; draw_string_vec4
    %concat/vec4; draw_string_vec4
    %store/vec4 v0x5b10b38e43e0_0, 0, 80;
    %jmp T_96.58;
T_96.12 ;
    %pushi/vec4 0, 0, 32; draw_string_vec4
    %pushi/vec4 6387049, 0, 32; draw_string_vec4
    %concat/vec4; draw_string_vec4
    %pushi/vec4 28771, 0, 16; draw_string_vec4
    %concat/vec4; draw_string_vec4
    %store/vec4 v0x5b10b38e43e0_0, 0, 80;
    %jmp T_96.58;
T_96.13 ;
    %pushi/vec4 0, 0, 32; draw_string_vec4
    %pushi/vec4 97, 0, 32; draw_string_vec4
    %concat/vec4; draw_string_vec4
    %pushi/vec4 25700, 0, 16; draw_string_vec4
    %concat/vec4; draw_string_vec4
    %store/vec4 v0x5b10b38e43e0_0, 0, 80;
    %jmp T_96.58;
T_96.14 ;
    %pushi/vec4 0, 0, 32; draw_string_vec4
    %pushi/vec4 115, 0, 32; draw_string_vec4
    %concat/vec4; draw_string_vec4
    %pushi/vec4 30050, 0, 16; draw_string_vec4
    %concat/vec4; draw_string_vec4
    %store/vec4 v0x5b10b38e43e0_0, 0, 80;
    %jmp T_96.58;
T_96.15 ;
    %pushi/vec4 0, 0, 32; draw_string_vec4
    %pushi/vec4 115, 0, 32; draw_string_vec4
    %concat/vec4; draw_string_vec4
    %pushi/vec4 27764, 0, 16; draw_string_vec4
    %concat/vec4; draw_string_vec4
    %store/vec4 v0x5b10b38e43e0_0, 0, 80;
    %jmp T_96.58;
T_96.16 ;
    %pushi/vec4 0, 0, 32; draw_string_vec4
    %pushi/vec4 29548, 0, 32; draw_string_vec4
    %concat/vec4; draw_string_vec4
    %pushi/vec4 29813, 0, 16; draw_string_vec4
    %concat/vec4; draw_string_vec4
    %store/vec4 v0x5b10b38e43e0_0, 0, 80;
    %jmp T_96.58;
T_96.17 ;
    %pushi/vec4 0, 0, 32; draw_string_vec4
    %pushi/vec4 120, 0, 32; draw_string_vec4
    %concat/vec4; draw_string_vec4
    %pushi/vec4 28530, 0, 16; draw_string_vec4
    %concat/vec4; draw_string_vec4
    %store/vec4 v0x5b10b38e43e0_0, 0, 80;
    %jmp T_96.58;
T_96.18 ;
    %pushi/vec4 0, 0, 32; draw_string_vec4
    %pushi/vec4 0, 0, 32; draw_string_vec4
    %concat/vec4; draw_string_vec4
    %pushi/vec4 28530, 0, 16; draw_string_vec4
    %concat/vec4; draw_string_vec4
    %store/vec4 v0x5b10b38e43e0_0, 0, 80;
    %jmp T_96.58;
T_96.19 ;
    %pushi/vec4 0, 0, 32; draw_string_vec4
    %pushi/vec4 97, 0, 32; draw_string_vec4
    %concat/vec4; draw_string_vec4
    %pushi/vec4 28260, 0, 16; draw_string_vec4
    %concat/vec4; draw_string_vec4
    %store/vec4 v0x5b10b38e43e0_0, 0, 80;
    %jmp T_96.58;
T_96.20 ;
    %pushi/vec4 0, 0, 32; draw_string_vec4
    %pushi/vec4 115, 0, 32; draw_string_vec4
    %concat/vec4; draw_string_vec4
    %pushi/vec4 27756, 0, 16; draw_string_vec4
    %concat/vec4; draw_string_vec4
    %store/vec4 v0x5b10b38e43e0_0, 0, 80;
    %jmp T_96.58;
T_96.21 ;
    %pushi/vec4 0, 0, 32; draw_string_vec4
    %pushi/vec4 115, 0, 32; draw_string_vec4
    %concat/vec4; draw_string_vec4
    %pushi/vec4 29292, 0, 16; draw_string_vec4
    %concat/vec4; draw_string_vec4
    %store/vec4 v0x5b10b38e43e0_0, 0, 80;
    %jmp T_96.58;
T_96.22 ;
    %pushi/vec4 0, 0, 32; draw_string_vec4
    %pushi/vec4 115, 0, 32; draw_string_vec4
    %concat/vec4; draw_string_vec4
    %pushi/vec4 29281, 0, 16; draw_string_vec4
    %concat/vec4; draw_string_vec4
    %store/vec4 v0x5b10b38e43e0_0, 0, 80;
    %jmp T_96.58;
T_96.23 ;
    %pushi/vec4 0, 0, 32; draw_string_vec4
    %pushi/vec4 106, 0, 32; draw_string_vec4
    %concat/vec4; draw_string_vec4
    %pushi/vec4 24940, 0, 16; draw_string_vec4
    %concat/vec4; draw_string_vec4
    %store/vec4 v0x5b10b38e43e0_0, 0, 80;
    %jmp T_96.58;
T_96.24 ;
    %pushi/vec4 0, 0, 32; draw_string_vec4
    %pushi/vec4 27233, 0, 32; draw_string_vec4
    %concat/vec4; draw_string_vec4
    %pushi/vec4 27762, 0, 16; draw_string_vec4
    %concat/vec4; draw_string_vec4
    %store/vec4 v0x5b10b38e43e0_0, 0, 80;
    %jmp T_96.58;
T_96.25 ;
    %pushi/vec4 0, 0, 32; draw_string_vec4
    %pushi/vec4 98, 0, 32; draw_string_vec4
    %concat/vec4; draw_string_vec4
    %pushi/vec4 25969, 0, 16; draw_string_vec4
    %concat/vec4; draw_string_vec4
    %store/vec4 v0x5b10b38e43e0_0, 0, 80;
    %jmp T_96.58;
T_96.26 ;
    %pushi/vec4 0, 0, 32; draw_string_vec4
    %pushi/vec4 98, 0, 32; draw_string_vec4
    %concat/vec4; draw_string_vec4
    %pushi/vec4 28261, 0, 16; draw_string_vec4
    %concat/vec4; draw_string_vec4
    %store/vec4 v0x5b10b38e43e0_0, 0, 80;
    %jmp T_96.58;
T_96.27 ;
    %pushi/vec4 0, 0, 32; draw_string_vec4
    %pushi/vec4 98, 0, 32; draw_string_vec4
    %concat/vec4; draw_string_vec4
    %pushi/vec4 27764, 0, 16; draw_string_vec4
    %concat/vec4; draw_string_vec4
    %store/vec4 v0x5b10b38e43e0_0, 0, 80;
    %jmp T_96.58;
T_96.28 ;
    %pushi/vec4 0, 0, 32; draw_string_vec4
    %pushi/vec4 98, 0, 32; draw_string_vec4
    %concat/vec4; draw_string_vec4
    %pushi/vec4 26469, 0, 16; draw_string_vec4
    %concat/vec4; draw_string_vec4
    %store/vec4 v0x5b10b38e43e0_0, 0, 80;
    %jmp T_96.58;
T_96.29 ;
    %pushi/vec4 0, 0, 32; draw_string_vec4
    %pushi/vec4 25196, 0, 32; draw_string_vec4
    %concat/vec4; draw_string_vec4
    %pushi/vec4 29813, 0, 16; draw_string_vec4
    %concat/vec4; draw_string_vec4
    %store/vec4 v0x5b10b38e43e0_0, 0, 80;
    %jmp T_96.58;
T_96.30 ;
    %pushi/vec4 0, 0, 32; draw_string_vec4
    %pushi/vec4 25191, 0, 32; draw_string_vec4
    %concat/vec4; draw_string_vec4
    %pushi/vec4 25973, 0, 16; draw_string_vec4
    %concat/vec4; draw_string_vec4
    %store/vec4 v0x5b10b38e43e0_0, 0, 80;
    %jmp T_96.58;
T_96.31 ;
    %pushi/vec4 0, 0, 32; draw_string_vec4
    %pushi/vec4 0, 0, 32; draw_string_vec4
    %concat/vec4; draw_string_vec4
    %pushi/vec4 27746, 0, 16; draw_string_vec4
    %concat/vec4; draw_string_vec4
    %store/vec4 v0x5b10b38e43e0_0, 0, 80;
    %jmp T_96.58;
T_96.32 ;
    %pushi/vec4 0, 0, 32; draw_string_vec4
    %pushi/vec4 0, 0, 32; draw_string_vec4
    %concat/vec4; draw_string_vec4
    %pushi/vec4 27752, 0, 16; draw_string_vec4
    %concat/vec4; draw_string_vec4
    %store/vec4 v0x5b10b38e43e0_0, 0, 80;
    %jmp T_96.58;
T_96.33 ;
    %pushi/vec4 0, 0, 32; draw_string_vec4
    %pushi/vec4 0, 0, 32; draw_string_vec4
    %concat/vec4; draw_string_vec4
    %pushi/vec4 27767, 0, 16; draw_string_vec4
    %concat/vec4; draw_string_vec4
    %store/vec4 v0x5b10b38e43e0_0, 0, 80;
    %jmp T_96.58;
T_96.34 ;
    %pushi/vec4 0, 0, 32; draw_string_vec4
    %pushi/vec4 108, 0, 32; draw_string_vec4
    %concat/vec4; draw_string_vec4
    %pushi/vec4 25205, 0, 16; draw_string_vec4
    %concat/vec4; draw_string_vec4
    %store/vec4 v0x5b10b38e43e0_0, 0, 80;
    %jmp T_96.58;
T_96.35 ;
    %pushi/vec4 0, 0, 32; draw_string_vec4
    %pushi/vec4 108, 0, 32; draw_string_vec4
    %concat/vec4; draw_string_vec4
    %pushi/vec4 26741, 0, 16; draw_string_vec4
    %concat/vec4; draw_string_vec4
    %store/vec4 v0x5b10b38e43e0_0, 0, 80;
    %jmp T_96.58;
T_96.36 ;
    %pushi/vec4 0, 0, 32; draw_string_vec4
    %pushi/vec4 108, 0, 32; draw_string_vec4
    %concat/vec4; draw_string_vec4
    %pushi/vec4 30581, 0, 16; draw_string_vec4
    %concat/vec4; draw_string_vec4
    %store/vec4 v0x5b10b38e43e0_0, 0, 80;
    %jmp T_96.58;
T_96.37 ;
    %pushi/vec4 0, 0, 32; draw_string_vec4
    %pushi/vec4 0, 0, 32; draw_string_vec4
    %concat/vec4; draw_string_vec4
    %pushi/vec4 29538, 0, 16; draw_string_vec4
    %concat/vec4; draw_string_vec4
    %store/vec4 v0x5b10b38e43e0_0, 0, 80;
    %jmp T_96.58;
T_96.38 ;
    %pushi/vec4 0, 0, 32; draw_string_vec4
    %pushi/vec4 0, 0, 32; draw_string_vec4
    %concat/vec4; draw_string_vec4
    %pushi/vec4 29544, 0, 16; draw_string_vec4
    %concat/vec4; draw_string_vec4
    %store/vec4 v0x5b10b38e43e0_0, 0, 80;
    %jmp T_96.58;
T_96.39 ;
    %pushi/vec4 0, 0, 32; draw_string_vec4
    %pushi/vec4 0, 0, 32; draw_string_vec4
    %concat/vec4; draw_string_vec4
    %pushi/vec4 29559, 0, 16; draw_string_vec4
    %concat/vec4; draw_string_vec4
    %store/vec4 v0x5b10b38e43e0_0, 0, 80;
    %jmp T_96.58;
T_96.40 ;
    %pushi/vec4 0, 0, 32; draw_string_vec4
    %pushi/vec4 6644577, 0, 32; draw_string_vec4
    %concat/vec4; draw_string_vec4
    %pushi/vec4 27756, 0, 16; draw_string_vec4
    %concat/vec4; draw_string_vec4
    %store/vec4 v0x5b10b38e43e0_0, 0, 80;
    %jmp T_96.58;
T_96.41 ;
    %pushi/vec4 0, 0, 32; draw_string_vec4
    %pushi/vec4 1700950629, 0, 32; draw_string_vec4
    %concat/vec4; draw_string_vec4
    %pushi/vec4 24939, 0, 16; draw_string_vec4
    %concat/vec4; draw_string_vec4
    %store/vec4 v0x5b10b38e43e0_0, 0, 80;
    %jmp T_96.58;
T_96.42 ;
    %pushi/vec4 0, 0, 32; draw_string_vec4
    %pushi/vec4 25970, 0, 32; draw_string_vec4
    %concat/vec4; draw_string_vec4
    %pushi/vec4 25972, 0, 16; draw_string_vec4
    %concat/vec4; draw_string_vec4
    %store/vec4 v0x5b10b38e43e0_0, 0, 80;
    %jmp T_96.58;
T_96.43 ;
    %pushi/vec4 0, 0, 32; draw_string_vec4
    %pushi/vec4 6517618, 0, 32; draw_string_vec4
    %concat/vec4; draw_string_vec4
    %pushi/vec4 29303, 0, 16; draw_string_vec4
    %concat/vec4; draw_string_vec4
    %store/vec4 v0x5b10b38e43e0_0, 0, 80;
    %jmp T_96.58;
T_96.44 ;
    %pushi/vec4 0, 0, 32; draw_string_vec4
    %pushi/vec4 6517618, 0, 32; draw_string_vec4
    %concat/vec4; draw_string_vec4
    %pushi/vec4 29299, 0, 16; draw_string_vec4
    %concat/vec4; draw_string_vec4
    %store/vec4 v0x5b10b38e43e0_0, 0, 80;
    %jmp T_96.58;
T_96.45 ;
    %pushi/vec4 0, 0, 32; draw_string_vec4
    %pushi/vec4 6517618, 0, 32; draw_string_vec4
    %concat/vec4; draw_string_vec4
    %pushi/vec4 29283, 0, 16; draw_string_vec4
    %concat/vec4; draw_string_vec4
    %store/vec4 v0x5b10b38e43e0_0, 0, 80;
    %jmp T_96.58;
T_96.46 ;
    %pushi/vec4 0, 0, 32; draw_string_vec4
    %pushi/vec4 1668510322, 0, 32; draw_string_vec4
    %concat/vec4; draw_string_vec4
    %pushi/vec4 30569, 0, 16; draw_string_vec4
    %concat/vec4; draw_string_vec4
    %store/vec4 v0x5b10b38e43e0_0, 0, 80;
    %jmp T_96.58;
T_96.47 ;
    %pushi/vec4 0, 0, 32; draw_string_vec4
    %pushi/vec4 1668510322, 0, 32; draw_string_vec4
    %concat/vec4; draw_string_vec4
    %pushi/vec4 29545, 0, 16; draw_string_vec4
    %concat/vec4; draw_string_vec4
    %store/vec4 v0x5b10b38e43e0_0, 0, 80;
    %jmp T_96.58;
T_96.48 ;
    %pushi/vec4 0, 0, 32; draw_string_vec4
    %pushi/vec4 1668510322, 0, 32; draw_string_vec4
    %concat/vec4; draw_string_vec4
    %pushi/vec4 25449, 0, 16; draw_string_vec4
    %concat/vec4; draw_string_vec4
    %store/vec4 v0x5b10b38e43e0_0, 0, 80;
    %jmp T_96.58;
T_96.49 ;
    %pushi/vec4 0, 0, 32; draw_string_vec4
    %pushi/vec4 109, 0, 32; draw_string_vec4
    %concat/vec4; draw_string_vec4
    %pushi/vec4 30060, 0, 16; draw_string_vec4
    %concat/vec4; draw_string_vec4
    %store/vec4 v0x5b10b38e43e0_0, 0, 80;
    %jmp T_96.58;
T_96.50 ;
    %pushi/vec4 0, 0, 32; draw_string_vec4
    %pushi/vec4 28021, 0, 32; draw_string_vec4
    %concat/vec4; draw_string_vec4
    %pushi/vec4 27752, 0, 16; draw_string_vec4
    %concat/vec4; draw_string_vec4
    %store/vec4 v0x5b10b38e43e0_0, 0, 80;
    %jmp T_96.58;
T_96.51 ;
    %pushi/vec4 0, 0, 32; draw_string_vec4
    %pushi/vec4 1836412008, 0, 32; draw_string_vec4
    %concat/vec4; draw_string_vec4
    %pushi/vec4 29557, 0, 16; draw_string_vec4
    %concat/vec4; draw_string_vec4
    %store/vec4 v0x5b10b38e43e0_0, 0, 80;
    %jmp T_96.58;
T_96.52 ;
    %pushi/vec4 0, 0, 32; draw_string_vec4
    %pushi/vec4 7173484, 0, 32; draw_string_vec4
    %concat/vec4; draw_string_vec4
    %pushi/vec4 26741, 0, 16; draw_string_vec4
    %concat/vec4; draw_string_vec4
    %store/vec4 v0x5b10b38e43e0_0, 0, 80;
    %jmp T_96.58;
T_96.53 ;
    %pushi/vec4 0, 0, 32; draw_string_vec4
    %pushi/vec4 100, 0, 32; draw_string_vec4
    %concat/vec4; draw_string_vec4
    %pushi/vec4 26998, 0, 16; draw_string_vec4
    %concat/vec4; draw_string_vec4
    %store/vec4 v0x5b10b38e43e0_0, 0, 80;
    %jmp T_96.58;
T_96.54 ;
    %pushi/vec4 0, 0, 32; draw_string_vec4
    %pushi/vec4 25705, 0, 32; draw_string_vec4
    %concat/vec4; draw_string_vec4
    %pushi/vec4 30325, 0, 16; draw_string_vec4
    %concat/vec4; draw_string_vec4
    %store/vec4 v0x5b10b38e43e0_0, 0, 80;
    %jmp T_96.58;
T_96.55 ;
    %pushi/vec4 0, 0, 32; draw_string_vec4
    %pushi/vec4 114, 0, 32; draw_string_vec4
    %concat/vec4; draw_string_vec4
    %pushi/vec4 25965, 0, 16; draw_string_vec4
    %concat/vec4; draw_string_vec4
    %store/vec4 v0x5b10b38e43e0_0, 0, 80;
    %jmp T_96.58;
T_96.56 ;
    %pushi/vec4 0, 0, 32; draw_string_vec4
    %pushi/vec4 29285, 0, 32; draw_string_vec4
    %concat/vec4; draw_string_vec4
    %pushi/vec4 28021, 0, 16; draw_string_vec4
    %concat/vec4; draw_string_vec4
    %store/vec4 v0x5b10b38e43e0_0, 0, 80;
    %jmp T_96.58;
T_96.57 ;
    %pushi/vec4 102, 0, 32; draw_string_vec4
    %pushi/vec4 1701733221, 0, 32; draw_string_vec4
    %concat/vec4; draw_string_vec4
    %pushi/vec4 11881, 0, 16; draw_string_vec4
    %concat/vec4; draw_string_vec4
    %store/vec4 v0x5b10b38e43e0_0, 0, 80;
    %jmp T_96.58;
T_96.58 ;
    %pop/vec4 1;
    %pushi/vec4 1, 0, 1;
    %dup/vec4;
    %load/vec4 v0x5b10b38e4560_0;
    %pushi/vec4 28799, 0, 32;
    %and;
    %pushi/vec4 19, 0, 32;
    %cmp/e;
    %flag_get/vec4 4;
    %cmp/u;
    %jmp/1 T_96.59, 6;
    %dup/vec4;
    %load/vec4 v0x5b10b38e4560_0;
    %pushi/vec4 28799, 0, 32;
    %and;
    %pushi/vec4 28691, 0, 32;
    %cmp/e;
    %flag_get/vec4 4;
    %cmp/u;
    %jmp/1 T_96.60, 6;
    %dup/vec4;
    %load/vec4 v0x5b10b38e4560_0;
    %pushi/vec4 28799, 0, 32;
    %and;
    %pushi/vec4 8211, 0, 32;
    %cmp/e;
    %flag_get/vec4 4;
    %cmp/u;
    %jmp/1 T_96.61, 6;
    %dup/vec4;
    %load/vec4 v0x5b10b38e4560_0;
    %pushi/vec4 28799, 0, 32;
    %and;
    %pushi/vec4 12307, 0, 32;
    %cmp/e;
    %flag_get/vec4 4;
    %cmp/u;
    %jmp/1 T_96.62, 6;
    %dup/vec4;
    %load/vec4 v0x5b10b38e4560_0;
    %pushi/vec4 28799, 0, 32;
    %and;
    %pushi/vec4 24595, 0, 32;
    %cmp/e;
    %flag_get/vec4 4;
    %cmp/u;
    %jmp/1 T_96.63, 6;
    %dup/vec4;
    %load/vec4 v0x5b10b38e4560_0;
    %pushi/vec4 28799, 0, 32;
    %and;
    %pushi/vec4 16403, 0, 32;
    %cmp/e;
    %flag_get/vec4 4;
    %cmp/u;
    %jmp/1 T_96.64, 6;
    %dup/vec4;
    %load/vec4 v0x5b10b38e4560_0;
    %pushi/vec4 28799, 0, 32;
    %and;
    %pushi/vec4 4211, 0, 32;
    %cmp/e;
    %flag_get/vec4 4;
    %cmp/u;
    %jmp/1 T_96.65, 6;
    %dup/vec4;
    %load/vec4 v0x5b10b38e4560_0;
    %pushi/vec4 28799, 0, 32;
    %and;
    %pushi/vec4 8307, 0, 32;
    %cmp/e;
    %flag_get/vec4 4;
    %cmp/u;
    %jmp/1 T_96.66, 6;
    %dup/vec4;
    %load/vec4 v0x5b10b38e4560_0;
    %pushi/vec4 28799, 0, 32;
    %and;
    %pushi/vec4 12403, 0, 32;
    %cmp/e;
    %flag_get/vec4 4;
    %cmp/u;
    %jmp/1 T_96.67, 6;
    %dup/vec4;
    %load/vec4 v0x5b10b38e4560_0;
    %pushi/vec4 28799, 0, 32;
    %and;
    %pushi/vec4 20595, 0, 32;
    %cmp/e;
    %flag_get/vec4 4;
    %cmp/u;
    %jmp/1 T_96.68, 6;
    %dup/vec4;
    %load/vec4 v0x5b10b38e4560_0;
    %pushi/vec4 28799, 0, 32;
    %and;
    %pushi/vec4 24691, 0, 32;
    %cmp/e;
    %flag_get/vec4 4;
    %cmp/u;
    %jmp/1 T_96.69, 6;
    %dup/vec4;
    %load/vec4 v0x5b10b38e4560_0;
    %pushi/vec4 28799, 0, 32;
    %and;
    %pushi/vec4 28787, 0, 32;
    %cmp/e;
    %flag_get/vec4 4;
    %cmp/u;
    %jmp/1 T_96.70, 6;
    %dup/vec4;
    %load/vec4 v0x5b10b38e4560_0;
    %pushi/vec4 4227887231, 0, 32;
    %and;
    %pushi/vec4 4115, 0, 32;
    %cmp/e;
    %flag_get/vec4 4;
    %cmp/u;
    %jmp/1 T_96.71, 6;
    %dup/vec4;
    %load/vec4 v0x5b10b38e4560_0;
    %pushi/vec4 4227887231, 0, 32;
    %and;
    %pushi/vec4 20499, 0, 32;
    %cmp/e;
    %flag_get/vec4 4;
    %cmp/u;
    %jmp/1 T_96.72, 6;
    %dup/vec4;
    %load/vec4 v0x5b10b38e4560_0;
    %pushi/vec4 4227887231, 0, 32;
    %and;
    %pushi/vec4 1073762323, 0, 32;
    %cmp/e;
    %flag_get/vec4 4;
    %cmp/u;
    %jmp/1 T_96.73, 6;
    %dup/vec4;
    %load/vec4 v0x5b10b38e4560_0;
    %pushi/vec4 127, 0, 32;
    %and;
    %pushi/vec4 55, 0, 32;
    %cmp/e;
    %flag_get/vec4 4;
    %cmp/u;
    %jmp/1 T_96.74, 6;
    %dup/vec4;
    %load/vec4 v0x5b10b38e4560_0;
    %pushi/vec4 127, 0, 32;
    %and;
    %pushi/vec4 23, 0, 32;
    %cmp/e;
    %flag_get/vec4 4;
    %cmp/u;
    %jmp/1 T_96.75, 6;
    %dup/vec4;
    %load/vec4 v0x5b10b38e4560_0;
    %pushi/vec4 127, 0, 32;
    %and;
    %pushi/vec4 111, 0, 32;
    %cmp/e;
    %flag_get/vec4 4;
    %cmp/u;
    %jmp/1 T_96.76, 6;
    %dup/vec4;
    %load/vec4 v0x5b10b38e4560_0;
    %pushi/vec4 28799, 0, 32;
    %and;
    %pushi/vec4 103, 0, 32;
    %cmp/e;
    %flag_get/vec4 4;
    %cmp/u;
    %jmp/1 T_96.77, 6;
    %dup/vec4;
    %load/vec4 v0x5b10b38e4560_0;
    %pushi/vec4 28799, 0, 32;
    %and;
    %pushi/vec4 3, 0, 32;
    %cmp/e;
    %flag_get/vec4 4;
    %cmp/u;
    %jmp/1 T_96.78, 6;
    %dup/vec4;
    %load/vec4 v0x5b10b38e4560_0;
    %pushi/vec4 28799, 0, 32;
    %and;
    %pushi/vec4 4099, 0, 32;
    %cmp/e;
    %flag_get/vec4 4;
    %cmp/u;
    %jmp/1 T_96.79, 6;
    %dup/vec4;
    %load/vec4 v0x5b10b38e4560_0;
    %pushi/vec4 28799, 0, 32;
    %and;
    %pushi/vec4 8195, 0, 32;
    %cmp/e;
    %flag_get/vec4 4;
    %cmp/u;
    %jmp/1 T_96.80, 6;
    %dup/vec4;
    %load/vec4 v0x5b10b38e4560_0;
    %pushi/vec4 28799, 0, 32;
    %and;
    %pushi/vec4 16387, 0, 32;
    %cmp/e;
    %flag_get/vec4 4;
    %cmp/u;
    %jmp/1 T_96.81, 6;
    %dup/vec4;
    %load/vec4 v0x5b10b38e4560_0;
    %pushi/vec4 28799, 0, 32;
    %and;
    %pushi/vec4 20483, 0, 32;
    %cmp/e;
    %flag_get/vec4 4;
    %cmp/u;
    %jmp/1 T_96.82, 6;
    %dup/vec4;
    %load/vec4 v0x5b10b38e4560_0;
    %pushi/vec4 28799, 0, 32;
    %and;
    %pushi/vec4 24579, 0, 32;
    %cmp/e;
    %flag_get/vec4 4;
    %cmp/u;
    %jmp/1 T_96.83, 6;
    %dup/vec4;
    %load/vec4 v0x5b10b38e4560_0;
    %pushi/vec4 28799, 0, 32;
    %and;
    %pushi/vec4 35, 0, 32;
    %cmp/e;
    %flag_get/vec4 4;
    %cmp/u;
    %jmp/1 T_96.84, 6;
    %dup/vec4;
    %load/vec4 v0x5b10b38e4560_0;
    %pushi/vec4 28799, 0, 32;
    %and;
    %pushi/vec4 4131, 0, 32;
    %cmp/e;
    %flag_get/vec4 4;
    %cmp/u;
    %jmp/1 T_96.85, 6;
    %dup/vec4;
    %load/vec4 v0x5b10b38e4560_0;
    %pushi/vec4 28799, 0, 32;
    %and;
    %pushi/vec4 8227, 0, 32;
    %cmp/e;
    %flag_get/vec4 4;
    %cmp/u;
    %jmp/1 T_96.86, 6;
    %jmp T_96.87;
T_96.59 ;
    %pushi/vec4 0, 0, 32; draw_string_vec4
    %pushi/vec4 0, 0, 32; draw_string_vec4
    %concat/vec4; draw_string_vec4
    %pushi/vec4 45, 0, 16; draw_string_vec4
    %concat/vec4; draw_string_vec4
    %store/vec4 v0x5b10b38e40e0_0, 0, 80;
    %jmp T_96.87;
T_96.60 ;
    %pushi/vec4 0, 0, 32; draw_string_vec4
    %pushi/vec4 0, 0, 32; draw_string_vec4
    %concat/vec4; draw_string_vec4
    %pushi/vec4 45, 0, 16; draw_string_vec4
    %concat/vec4; draw_string_vec4
    %store/vec4 v0x5b10b38e40e0_0, 0, 80;
    %jmp T_96.87;
T_96.61 ;
    %pushi/vec4 0, 0, 32; draw_string_vec4
    %pushi/vec4 0, 0, 32; draw_string_vec4
    %concat/vec4; draw_string_vec4
    %pushi/vec4 45, 0, 16; draw_string_vec4
    %concat/vec4; draw_string_vec4
    %store/vec4 v0x5b10b38e40e0_0, 0, 80;
    %jmp T_96.87;
T_96.62 ;
    %pushi/vec4 0, 0, 32; draw_string_vec4
    %pushi/vec4 0, 0, 32; draw_string_vec4
    %concat/vec4; draw_string_vec4
    %pushi/vec4 45, 0, 16; draw_string_vec4
    %concat/vec4; draw_string_vec4
    %store/vec4 v0x5b10b38e40e0_0, 0, 80;
    %jmp T_96.87;
T_96.63 ;
    %pushi/vec4 0, 0, 32; draw_string_vec4
    %pushi/vec4 0, 0, 32; draw_string_vec4
    %concat/vec4; draw_string_vec4
    %pushi/vec4 45, 0, 16; draw_string_vec4
    %concat/vec4; draw_string_vec4
    %store/vec4 v0x5b10b38e40e0_0, 0, 80;
    %jmp T_96.87;
T_96.64 ;
    %pushi/vec4 0, 0, 32; draw_string_vec4
    %pushi/vec4 0, 0, 32; draw_string_vec4
    %concat/vec4; draw_string_vec4
    %pushi/vec4 45, 0, 16; draw_string_vec4
    %concat/vec4; draw_string_vec4
    %store/vec4 v0x5b10b38e40e0_0, 0, 80;
    %jmp T_96.87;
T_96.65 ;
    %pushi/vec4 0, 0, 32; draw_string_vec4
    %pushi/vec4 0, 0, 32; draw_string_vec4
    %concat/vec4; draw_string_vec4
    %pushi/vec4 45, 0, 16; draw_string_vec4
    %concat/vec4; draw_string_vec4
    %store/vec4 v0x5b10b38e40e0_0, 0, 80;
    %jmp T_96.87;
T_96.66 ;
    %pushi/vec4 0, 0, 32; draw_string_vec4
    %pushi/vec4 0, 0, 32; draw_string_vec4
    %concat/vec4; draw_string_vec4
    %pushi/vec4 45, 0, 16; draw_string_vec4
    %concat/vec4; draw_string_vec4
    %store/vec4 v0x5b10b38e40e0_0, 0, 80;
    %jmp T_96.87;
T_96.67 ;
    %pushi/vec4 0, 0, 32; draw_string_vec4
    %pushi/vec4 0, 0, 32; draw_string_vec4
    %concat/vec4; draw_string_vec4
    %pushi/vec4 45, 0, 16; draw_string_vec4
    %concat/vec4; draw_string_vec4
    %store/vec4 v0x5b10b38e40e0_0, 0, 80;
    %jmp T_96.87;
T_96.68 ;
    %pushi/vec4 0, 0, 32; draw_string_vec4
    %pushi/vec4 0, 0, 32; draw_string_vec4
    %concat/vec4; draw_string_vec4
    %pushi/vec4 45, 0, 16; draw_string_vec4
    %concat/vec4; draw_string_vec4
    %store/vec4 v0x5b10b38e40e0_0, 0, 80;
    %jmp T_96.87;
T_96.69 ;
    %pushi/vec4 0, 0, 32; draw_string_vec4
    %pushi/vec4 0, 0, 32; draw_string_vec4
    %concat/vec4; draw_string_vec4
    %pushi/vec4 45, 0, 16; draw_string_vec4
    %concat/vec4; draw_string_vec4
    %store/vec4 v0x5b10b38e40e0_0, 0, 80;
    %jmp T_96.87;
T_96.70 ;
    %pushi/vec4 0, 0, 32; draw_string_vec4
    %pushi/vec4 0, 0, 32; draw_string_vec4
    %concat/vec4; draw_string_vec4
    %pushi/vec4 45, 0, 16; draw_string_vec4
    %concat/vec4; draw_string_vec4
    %store/vec4 v0x5b10b38e40e0_0, 0, 80;
    %jmp T_96.87;
T_96.71 ;
    %pushi/vec4 0, 0, 32; draw_string_vec4
    %pushi/vec4 0, 0, 32; draw_string_vec4
    %concat/vec4; draw_string_vec4
    %pushi/vec4 45, 0, 16; draw_string_vec4
    %concat/vec4; draw_string_vec4
    %store/vec4 v0x5b10b38e40e0_0, 0, 80;
    %jmp T_96.87;
T_96.72 ;
    %pushi/vec4 0, 0, 32; draw_string_vec4
    %pushi/vec4 0, 0, 32; draw_string_vec4
    %concat/vec4; draw_string_vec4
    %pushi/vec4 45, 0, 16; draw_string_vec4
    %concat/vec4; draw_string_vec4
    %store/vec4 v0x5b10b38e40e0_0, 0, 80;
    %jmp T_96.87;
T_96.73 ;
    %pushi/vec4 0, 0, 32; draw_string_vec4
    %pushi/vec4 0, 0, 32; draw_string_vec4
    %concat/vec4; draw_string_vec4
    %pushi/vec4 45, 0, 16; draw_string_vec4
    %concat/vec4; draw_string_vec4
    %store/vec4 v0x5b10b38e40e0_0, 0, 80;
    %jmp T_96.87;
T_96.74 ;
    %pushi/vec4 0, 0, 32; draw_string_vec4
    %pushi/vec4 0, 0, 32; draw_string_vec4
    %concat/vec4; draw_string_vec4
    %pushi/vec4 45, 0, 16; draw_string_vec4
    %concat/vec4; draw_string_vec4
    %store/vec4 v0x5b10b38e46e0_0, 0, 80;
    %pushi/vec4 0, 0, 32; draw_string_vec4
    %pushi/vec4 0, 0, 32; draw_string_vec4
    %concat/vec4; draw_string_vec4
    %pushi/vec4 45, 0, 16; draw_string_vec4
    %concat/vec4; draw_string_vec4
    %store/vec4 v0x5b10b38e40e0_0, 0, 80;
    %jmp T_96.87;
T_96.75 ;
    %pushi/vec4 0, 0, 32; draw_string_vec4
    %pushi/vec4 0, 0, 32; draw_string_vec4
    %concat/vec4; draw_string_vec4
    %pushi/vec4 28771, 0, 16; draw_string_vec4
    %concat/vec4; draw_string_vec4
    %store/vec4 v0x5b10b38e46e0_0, 0, 80;
    %pushi/vec4 0, 0, 32; draw_string_vec4
    %pushi/vec4 0, 0, 32; draw_string_vec4
    %concat/vec4; draw_string_vec4
    %pushi/vec4 45, 0, 16; draw_string_vec4
    %concat/vec4; draw_string_vec4
    %store/vec4 v0x5b10b38e40e0_0, 0, 80;
    %jmp T_96.87;
T_96.76 ;
    %pushi/vec4 0, 0, 32; draw_string_vec4
    %pushi/vec4 0, 0, 32; draw_string_vec4
    %concat/vec4; draw_string_vec4
    %pushi/vec4 45, 0, 16; draw_string_vec4
    %concat/vec4; draw_string_vec4
    %store/vec4 v0x5b10b38e46e0_0, 0, 80;
    %pushi/vec4 0, 0, 32; draw_string_vec4
    %pushi/vec4 0, 0, 32; draw_string_vec4
    %concat/vec4; draw_string_vec4
    %pushi/vec4 45, 0, 16; draw_string_vec4
    %concat/vec4; draw_string_vec4
    %store/vec4 v0x5b10b38e40e0_0, 0, 80;
    %load/vec4 v0x5b10b38e4260_0;
    %cmpi/e 1, 0, 5;
    %jmp/0xz  T_96.88, 4;
    %pushi/vec4 0, 0, 32; draw_string_vec4
    %pushi/vec4 25441, 0, 32; draw_string_vec4
    %concat/vec4; draw_string_vec4
    %pushi/vec4 27756, 0, 16; draw_string_vec4
    %concat/vec4; draw_string_vec4
    %store/vec4 v0x5b10b38e43e0_0, 0, 80;
T_96.88 ;
    %jmp T_96.87;
T_96.77 ;
    %pushi/vec4 0, 0, 32; draw_string_vec4
    %pushi/vec4 0, 0, 32; draw_string_vec4
    %concat/vec4; draw_string_vec4
    %pushi/vec4 45, 0, 16; draw_string_vec4
    %concat/vec4; draw_string_vec4
    %store/vec4 v0x5b10b38e40e0_0, 0, 80;
    %load/vec4 v0x5b10b39233e0_0;
    %pushi/vec4 1, 0, 5;
    %cmp/e;
    %flag_get/vec4 4;
    %load/vec4 v0x5b10b38e4560_0;
    %parti/s 1, 31, 6;
    %replicate 20;
    %load/vec4 v0x5b10b38e4560_0;
    %parti/s 12, 20, 6;
    %concat/vec4; draw_concat_vec4
    %pushi/vec4 0, 0, 32;
    %cmp/e;
    %flag_get/vec4 4;
    %and;
    %flag_set/vec4 8;
    %jmp/0xz  T_96.90, 8;
    %pushi/vec4 0, 0, 32; draw_string_vec4
    %pushi/vec4 114, 0, 32; draw_string_vec4
    %concat/vec4; draw_string_vec4
    %pushi/vec4 25972, 0, 16; draw_string_vec4
    %concat/vec4; draw_string_vec4
    %store/vec4 v0x5b10b38e43e0_0, 0, 80;
    %jmp T_96.91;
T_96.90 ;
    %load/vec4 v0x5b10b38e4260_0;
    %cmpi/e 1, 0, 5;
    %jmp/0xz  T_96.92, 4;
    %pushi/vec4 25441, 0, 32; draw_string_vec4
    %pushi/vec4 1819025448, 0, 32; draw_string_vec4
    %concat/vec4; draw_string_vec4
    %pushi/vec4 21033, 0, 16; draw_string_vec4
    %concat/vec4; draw_string_vec4
    %store/vec4 v0x5b10b38e43e0_0, 0, 80;
T_96.92 ;
T_96.91 ;
    %jmp T_96.87;
T_96.78 ;
    %pushi/vec4 0, 0, 32; draw_string_vec4
    %pushi/vec4 0, 0, 32; draw_string_vec4
    %concat/vec4; draw_string_vec4
    %pushi/vec4 45, 0, 16; draw_string_vec4
    %concat/vec4; draw_string_vec4
    %store/vec4 v0x5b10b38e40e0_0, 0, 80;
    %jmp T_96.87;
T_96.79 ;
    %pushi/vec4 0, 0, 32; draw_string_vec4
    %pushi/vec4 0, 0, 32; draw_string_vec4
    %concat/vec4; draw_string_vec4
    %pushi/vec4 45, 0, 16; draw_string_vec4
    %concat/vec4; draw_string_vec4
    %store/vec4 v0x5b10b38e40e0_0, 0, 80;
    %jmp T_96.87;
T_96.80 ;
    %pushi/vec4 0, 0, 32; draw_string_vec4
    %pushi/vec4 0, 0, 32; draw_string_vec4
    %concat/vec4; draw_string_vec4
    %pushi/vec4 45, 0, 16; draw_string_vec4
    %concat/vec4; draw_string_vec4
    %store/vec4 v0x5b10b38e40e0_0, 0, 80;
    %jmp T_96.87;
T_96.81 ;
    %pushi/vec4 0, 0, 32; draw_string_vec4
    %pushi/vec4 0, 0, 32; draw_string_vec4
    %concat/vec4; draw_string_vec4
    %pushi/vec4 45, 0, 16; draw_string_vec4
    %concat/vec4; draw_string_vec4
    %store/vec4 v0x5b10b38e40e0_0, 0, 80;
    %jmp T_96.87;
T_96.82 ;
    %pushi/vec4 0, 0, 32; draw_string_vec4
    %pushi/vec4 0, 0, 32; draw_string_vec4
    %concat/vec4; draw_string_vec4
    %pushi/vec4 45, 0, 16; draw_string_vec4
    %concat/vec4; draw_string_vec4
    %store/vec4 v0x5b10b38e40e0_0, 0, 80;
    %jmp T_96.87;
T_96.83 ;
    %pushi/vec4 0, 0, 32; draw_string_vec4
    %pushi/vec4 0, 0, 32; draw_string_vec4
    %concat/vec4; draw_string_vec4
    %pushi/vec4 45, 0, 16; draw_string_vec4
    %concat/vec4; draw_string_vec4
    %store/vec4 v0x5b10b38e40e0_0, 0, 80;
    %jmp T_96.87;
T_96.84 ;
    %pushi/vec4 0, 0, 32; draw_string_vec4
    %pushi/vec4 0, 0, 32; draw_string_vec4
    %concat/vec4; draw_string_vec4
    %pushi/vec4 45, 0, 16; draw_string_vec4
    %concat/vec4; draw_string_vec4
    %store/vec4 v0x5b10b38e3910_0, 0, 80;
    %jmp T_96.87;
T_96.85 ;
    %pushi/vec4 0, 0, 32; draw_string_vec4
    %pushi/vec4 0, 0, 32; draw_string_vec4
    %concat/vec4; draw_string_vec4
    %pushi/vec4 45, 0, 16; draw_string_vec4
    %concat/vec4; draw_string_vec4
    %store/vec4 v0x5b10b38e3910_0, 0, 80;
    %jmp T_96.87;
T_96.86 ;
    %pushi/vec4 0, 0, 32; draw_string_vec4
    %pushi/vec4 0, 0, 32; draw_string_vec4
    %concat/vec4; draw_string_vec4
    %pushi/vec4 45, 0, 16; draw_string_vec4
    %concat/vec4; draw_string_vec4
    %store/vec4 v0x5b10b38e3910_0, 0, 80;
    %jmp T_96.87;
T_96.87 ;
    %pop/vec4 1;
T_96.0 ;
    %jmp T_96;
    .thread T_96, $push;
    .scope S_0x5b10b3beeff0;
T_97 ;
    %vpi_call 3 14 "$display", "Starting bench" {0 0 0};
    %vpi_call 3 18 "$dumpfile", "waveform.vcd" {0 0 0};
    %vpi_call 3 19 "$dumpvars", 32'sb00000000000000000000000000000000, S_0x5b10b3beeff0 {0 0 0};
    %pushi/vec4 0, 0, 1;
    %store/vec4 v0x5b10b3e64cc0_0, 0, 1;
    %pushi/vec4 1, 0, 1;
    %store/vec4 v0x5b10b3e65f10_0, 0, 1;
    %pushi/vec4 5, 0, 32;
T_97.0 %dup/vec4;
    %pushi/vec4 0, 0, 32;
    %cmp/s;
    %jmp/1xz T_97.1, 5;
    %jmp/1 T_97.1, 4;
    %pushi/vec4 1, 0, 32;
    %sub;
    %wait E_0x5b10b372f8a0;
    %jmp T_97.0;
T_97.1 ;
    %pop/vec4 1;
    %pushi/vec4 0, 0, 1;
    %store/vec4 v0x5b10b3e65f10_0, 0, 1;
    %pushi/vec4 0, 0, 32;
    %store/vec4 v0x5b10b3e64e20_0, 0, 32;
T_97.2 ;
    %load/vec4 v0x5b10b3e64e20_0;
    %cmpi/s 131072, 0, 32;
    %jmp/0xz T_97.3, 5;
    %pushi/vec4 0, 0, 8;
    %ix/getv/s 4, v0x5b10b3e64e20_0;
    %store/vec4a v0x5b10b3e64f00, 4, 0;
    %load/vec4 v0x5b10b3e64e20_0;
    %addi 1, 0, 32;
    %store/vec4 v0x5b10b3e64e20_0, 0, 32;
    %jmp T_97.2;
T_97.3 ;
    %vpi_func 3 32 "$fopen" 32, "./build/tcm.bin", "r" {0 0 0};
    %store/vec4 v0x5b10b3e64d80_0, 0, 32;
    %vpi_func 3 33 "$fread" 32, v0x5b10b3e64f00, v0x5b10b3e64d80_0 {0 0 0};
    %store/vec4 v0x5b10b3e64e20_0, 0, 32;
    %pushi/vec4 0, 0, 32;
    %store/vec4 v0x5b10b3e64e20_0, 0, 32;
T_97.4 ;
    %load/vec4 v0x5b10b3e64e20_0;
    %cmpi/s 131072, 0, 32;
    %jmp/0xz T_97.5, 5;
    %load/vec4 v0x5b10b3e64e20_0;
    %store/vec4 v0x5b10b3e622c0_0, 0, 32;
    %ix/getv/s 4, v0x5b10b3e64e20_0;
    %load/vec4a v0x5b10b3e64f00, 4;
    %store/vec4 v0x5b10b3e623a0_0, 0, 8;
    %fork TD_tb_top.u_mem.write, S_0x5b10b3e62110;
    %join;
    %load/vec4 v0x5b10b3e64e20_0;
    %addi 1, 0, 32;
    %store/vec4 v0x5b10b3e64e20_0, 0, 32;
    %jmp T_97.4;
T_97.5 ;
    %end;
    .thread T_97;
    .scope S_0x5b10b3beeff0;
T_98 ;
T_98.0 ;
    %load/vec4 v0x5b10b3e64cc0_0;
    %inv;
    %store/vec4 v0x5b10b3e64bc0_0, 0, 1;
    %pushi/vec4 5, 0, 64;
    %ix/vec4 4;
    %delayx 4;
    %load/vec4 v0x5b10b3e64bc0_0;
    %store/vec4 v0x5b10b3e64cc0_0, 0, 1;
    %jmp T_98.0;
    %end;
    .thread T_98;
# The file index is used to find the file name in the following table.
:file_names 24;
    "N/A";
    "<interactive>";
    "../../src/core/biriscv_trace_sim.v";
    "./tb_top.v";
    "./biriscv_trace_sim_gls.sv";
    "../../src/core/riscv_core.v";
    "../../src/core/biriscv_csr.v";
    "../../src/core/biriscv_csr_regfile.v";
    "../../src/core/biriscv_divider.v";
    "../../src/core/biriscv_exec.v";
    "../../src/core/biriscv_alu.v";
    "../../src/core/biriscv_frontend.v";
    "../../src/core/biriscv_decode.v";
    "../../src/core/biriscv_decoder.v";
    "../../src/core/biriscv_fetch.v";
    "../../src/core/biriscv_npc.v";
    "../../src/core/biriscv_issue.v";
    "../../src/core/biriscv_pipe_ctrl.v";
    "../../src/core/biriscv_regfile.v";
    "../../src/core/biriscv_lsu.v";
    "../../src/core/biriscv_mmu.v";
    "../../src/core/biriscv_multiplier.v";
    "./tcm_mem.v";
    "./tcm_mem_ram.v";
